id,destination,priority,score,focus_keyword,working_title,category,intent,topic_type,target_month,link_to,status,notes
KE-001,Kenya,P1,95,day trips from nairobi,Day Trips from Nairobi,Safari Themes,Booking,pillar,,https://divulgeadventures.com/destinations/kenya-safari/,done 2026-10-10 https://divulgeadventures.com/day-trips-from-nairobi/,Core topic from the original plan: written before other topics of the same destination.
KE-002,Kenya,P1,95,kenya honeymoon safari,Kenya Honeymoon Safari,Safari Themes,Booking,pillar,,https://divulgeadventures.com/destinations/kenya-safari/,todo,Core topic from the original plan: written before other topics of the same destination.
KE-003,Kenya,P1,85,7 day kenya safari itinerary,7 Day Kenya Safari Itinerary,Safari Planning Tips,Planning,core,,https://divulgeadventures.com/destinations/kenya-safari/,todo,Core topic from the original plan: written before other topics of the same destination.
KE-004,Kenya,P1,85,best amboseli lodges,Best Amboseli Lodges,Accommodation Guide,Planning,core,,https://divulgeadventures.com/destinations/kenya-safari/,todo,Core topic from the original plan: written before other topics of the same destination.
KE-005,Kenya,P1,85,best lodges in lake naivasha,Best Lodges in Lake Naivasha,Accommodation Guide,Planning,core,,https://divulgeadventures.com/destinations/kenya-safari/,todo,Core topic from the original plan: written before other topics of the same destination.
KE-006,Kenya,P1,85,best samburu lodges,Best Samburu Lodges,Accommodation Guide,Planning,core,,https://divulgeadventures.com/destinations/kenya-safari/,todo,Core topic from the original plan: written before other topics of the same destination.
KE-007,Kenya,P1,85,best time to visit kenya for safari,Best Time to Visit Kenya for Safari,Safari Planning Tips,Planning,core,,https://divulgeadventures.com/destinations/kenya-safari/,todo,Core topic from the original plan: written before other topics of the same destination.
KE-008,Kenya,P1,85,birding safari in kenya,Birding Safari in Kenya,Safari Themes,Planning,core,,https://divulgeadventures.com/destinations/kenya-safari/,todo,Core topic from the original plan: written before other topics of the same destination.
KE-009,Kenya,P1,85,corporate retreat venues in naivasha,Corporate Retreat Venues in Naivasha,Team Building,Planning,core,,https://divulgeadventures.com/destinations/kenya-safari/,todo,Core topic from the original plan: written before other topics of the same destination.
KE-010,Kenya,P1,85,first time kenya safari tips,First Time Kenya Safari Tips,Safari Planning Tips,Planning,core,,https://divulgeadventures.com/destinations/kenya-safari/,todo,Core topic from the original plan: written before other topics of the same destination.
KE-011,Kenya,P1,85,giraffe centre and sheldrick elephant orphanage,Giraffe Centre and Sheldrick Elephant Orphanage,Safari Themes,Planning,core,,https://divulgeadventures.com/destinations/kenya-safari/,todo,Core topic from the original plan: written before other topics of the same destination.
KE-012,Kenya,P1,85,great migration in august,Great Migration in August,Great Migration & River Crossing,Planning,core,august,https://divulgeadventures.com/destinations/kenya-safari/,todo,Core topic from the original plan: written before other topics of the same destination.
KE-013,Kenya,P1,85,great migration in july,Great Migration in July,Great Migration & River Crossing,Planning,core,july,https://divulgeadventures.com/destinations/kenya-safari/,todo,Core topic from the original plan: written before other topics of the same destination.
KE-014,Kenya,P1,85,great migration in october,Great Migration in October,Great Migration & River Crossing,Planning,core,october,https://divulgeadventures.com/destinations/kenya-safari/,todo,Core topic from the original plan: written before other topics of the same destination.
KE-015,Kenya,P1,85,hells gate national park day trip,Hells Gate National Park Day Trip,Safari Themes,Planning,core,,https://divulgeadventures.com/destinations/kenya-safari/,todo,Core topic from the original plan: written before other topics of the same destination.
KE-016,Kenya,P1,85,is kenya safe for safari,Is Kenya Safe for Safari,Safari Planning Tips,Planning,core,,https://divulgeadventures.com/destinations/kenya-safari/,todo,Core topic from the original plan: written before other topics of the same destination.
KE-017,Kenya,P1,85,kenya beach and safari holiday,Kenya Beach and Safari Holiday,Safari Themes,Planning,core,,https://divulgeadventures.com/destinations/kenya-safari/,todo,Core topic from the original plan: written before other topics of the same destination.
KE-018,Kenya,P1,85,kenya eta for tourists,Kenya eTA for Tourists,Safari Planning Tips,Planning,core,,https://divulgeadventures.com/destinations/kenya-safari/,todo,Core topic from the original plan: written before other topics of the same destination.
KE-019,Kenya,P1,85,kenya safari vaccinations and malaria,Kenya Safari Vaccinations and Malaria,Safari Planning Tips,Planning,core,,https://divulgeadventures.com/destinations/kenya-safari/,todo,Core topic from the original plan: written before other topics of the same destination.
KE-020,Kenya,P1,85,kenya vs tanzania safari,Kenya vs Tanzania Safari,Destination Tips,Planning,core,,https://divulgeadventures.com/destinations/kenya-safari/,todo,Core topic from the original plan: written before other topics of the same destination.
KE-021,Kenya,P1,85,lake naivasha boat ride and crescent island,Lake Naivasha Boat Ride and Crescent Island,Safari Themes,Planning,core,,https://divulgeadventures.com/destinations/kenya-safari/,todo,Core topic from the original plan: written before other topics of the same destination.
KE-022,Kenya,P1,85,luxury kenya safari on a budget,Luxury Kenya Safari on A Budget,Safari Themes,Planning,core,,https://divulgeadventures.com/destinations/kenya-safari/,todo,Core topic from the original plan: written before other topics of the same destination.
KE-023,Kenya,P1,85,masai mara vs serengeti for the migration,Masai Mara vs Serengeti for the Migration,Great Migration & River Crossing,Planning,core,,https://divulgeadventures.com/destinations/kenya-safari/,todo,Core topic from the original plan: written before other topics of the same destination.
KE-024,Kenya,P1,85,mount kenya climbing routes,Mount Kenya Climbing Routes,Safari Themes,Planning,core,,https://divulgeadventures.com/destinations/kenya-safari/,todo,Core topic from the original plan: written before other topics of the same destination.
KE-025,Kenya,P1,85,nairobi to masai mara by road or flight,Nairobi to Masai Mara by Road or Flight,Safari Planning Tips,Planning,core,,https://divulgeadventures.com/destinations/kenya-safari/,todo,Core topic from the original plan: written before other topics of the same destination.
KE-026,Kenya,P1,85,private vs group safari,Private vs Group Safari,Safari Themes,Planning,core,,https://divulgeadventures.com/destinations/kenya-safari/,todo,Core topic from the original plan: written before other topics of the same destination.
KE-027,Kenya,P1,85,team building activities in nairobi,Team Building Activities in Nairobi,Team Building,Planning,core,,https://divulgeadventures.com/destinations/kenya-safari/,todo,Core topic from the original plan: written before other topics of the same destination.
KE-028,Kenya,P1,85,tented camp vs lodge on safari,Tented Camp vs Lodge on Safari,Safari Planning Tips,Planning,core,,https://divulgeadventures.com/destinations/kenya-safari/,todo,Core topic from the original plan: written before other topics of the same destination.
KE-029,Kenya,P1,85,tipping on safari in kenya,Tipping on Safari in Kenya,Safari Planning Tips,Planning,core,,https://divulgeadventures.com/destinations/kenya-safari/,todo,Core topic from the original plan: written before other topics of the same destination.
KE-030,Kenya,P1,85,walking safari in kenya,Walking Safari in Kenya,Safari Themes,Planning,core,,https://divulgeadventures.com/destinations/kenya-safari/,todo,Core topic from the original plan: written before other topics of the same destination.
KE-031,Kenya,P1,85,wildlife photography safari tips,Wildlife Photography Safari Tips,Safari Themes,Planning,core,,https://divulgeadventures.com/destinations/kenya-safari/,todo,Core topic from the original plan: written before other topics of the same destination.
KE-032,Kenya,P1,66,amboseli safari cost,"Amboseli Safari Cost: Park Fees, Lodges and Total Prices",Safari Planning Tips,Booking,cost,,https://divulgeadventures.com/destinations/kenya-safari/,todo,Include the current entrance/park fees in this post (there is no separate fees post for this park).
KE-033,Kenya,P1,66,hells gate safari cost,"Hell's Gate Safari Cost: Park Fees, Lodges and Total Prices",Safari Planning Tips,Booking,cost,,https://divulgeadventures.com/destinations/kenya-safari/,todo,Include the current entrance/park fees in this post (there is no separate fees post for this park).
KE-034,Kenya,P1,66,lake nakuru safari cost,"Lake Nakuru Safari Cost: Park Fees, Lodges and Total Prices",Safari Planning Tips,Booking,cost,,https://divulgeadventures.com/destinations/kenya-safari/,todo,Include the current entrance/park fees in this post (there is no separate fees post for this park).
KE-035,Kenya,P1,66,ol pejeta safari cost,"Ol Pejeta Safari Cost: Park Fees, Lodges and Total Prices",Safari Planning Tips,Booking,cost,,https://divulgeadventures.com/destinations/kenya-safari/,todo,Include the current entrance/park fees in this post (there is no separate fees post for this park).
KE-036,Kenya,P1,66,samburu safari cost,"Samburu Safari Cost: Park Fees, Lodges and Total Prices",Safari Planning Tips,Booking,cost,,https://divulgeadventures.com/destinations/kenya-safari/,todo,Include the current entrance/park fees in this post (there is no separate fees post for this park).
KE-037,Kenya,P1,66,tsavo east safari cost,"Tsavo East Safari Cost: Park Fees, Lodges and Total Prices",Safari Planning Tips,Booking,cost,,https://divulgeadventures.com/destinations/kenya-safari/,todo,Include the current entrance/park fees in this post (there is no separate fees post for this park).
KE-038,Kenya,P1,66,tsavo west safari cost,"Tsavo West Safari Cost: Park Fees, Lodges and Total Prices",Safari Planning Tips,Booking,cost,,https://divulgeadventures.com/destinations/kenya-safari/,todo,Include the current entrance/park fees in this post (there is no separate fees post for this park).
KE-039,Kenya,P1,65,meru national park entrance fees,Meru National Park Entrance Fees: Current Rates and How to Pay,Safari Planning Tips,Booking,fees,,https://divulgeadventures.com/destinations/kenya-safari/,todo,
KE-040,Kenya,P1,65,nairobi national park entrance fees,Nairobi National Park Entrance Fees: Current Rates and How to Pay,Safari Planning Tips,Booking,fees,,https://divulgeadventures.com/destinations/kenya-safari/,todo,
KE-041,Kenya,P1,62,solio entrance fees,Solio Entrance Fees: Current Rates and How to Pay,Safari Planning Tips,Booking,fees,,https://divulgeadventures.com/destinations/kenya-safari/,todo,
KE-042,Kenya,P1,60,kenya safari guide,Kenya Safari Guide: Everything You Need to Plan Your Trip,Safari Planning Tips,Booking,pillar,,https://divulgeadventures.com/destinations/kenya-safari/,todo,
KE-043,Kenya,P1,59,10 day kenya safari itinerary,"10 Day Kenya Safari Itinerary: Day-by-Day Route, Costs and Tips",Safari Planning Tips,Booking,itinerary,,https://divulgeadventures.com/destinations/kenya-safari/,todo,
KE-044,Kenya,P1,59,12 day kenya safari itinerary,"12 Day Kenya Safari Itinerary: Day-by-Day Route, Costs and Tips",Safari Planning Tips,Booking,itinerary,,https://divulgeadventures.com/destinations/kenya-safari/,todo,
KE-045,Kenya,P1,59,14 day kenya safari itinerary,"14 Day Kenya Safari Itinerary: Day-by-Day Route, Costs and Tips",Safari Planning Tips,Booking,itinerary,,https://divulgeadventures.com/destinations/kenya-safari/,todo,
KE-046,Kenya,P1,59,3 day kenya safari itinerary,"3 Day Kenya Safari Itinerary: Day-by-Day Route, Costs and Tips",Safari Planning Tips,Booking,itinerary,,https://divulgeadventures.com/destinations/kenya-safari/,todo,
KE-047,Kenya,P1,59,4 day kenya safari itinerary,"4 Day Kenya Safari Itinerary: Day-by-Day Route, Costs and Tips",Safari Planning Tips,Booking,itinerary,,https://divulgeadventures.com/destinations/kenya-safari/,todo,
KE-048,Kenya,P1,59,5 day kenya safari itinerary,"5 Day Kenya Safari Itinerary: Day-by-Day Route, Costs and Tips",Safari Planning Tips,Booking,itinerary,,https://divulgeadventures.com/destinations/kenya-safari/,todo,
KE-049,Kenya,P1,59,6 day kenya safari itinerary,"6 Day Kenya Safari Itinerary: Day-by-Day Route, Costs and Tips",Safari Planning Tips,Booking,itinerary,,https://divulgeadventures.com/destinations/kenya-safari/,todo,
KE-050,Kenya,P1,59,8 day kenya safari itinerary,"8 Day Kenya Safari Itinerary: Day-by-Day Route, Costs and Tips",Safari Planning Tips,Booking,itinerary,,https://divulgeadventures.com/destinations/kenya-safari/,todo,
KE-051,Kenya,P1,59,hells gate 3 day itinerary,Hell's Gate 3-Day Itinerary: How to Spend Three Days,Safari Planning Tips,Booking,itinerary,,https://divulgeadventures.com/destinations/kenya-safari/,todo,
KE-052,Kenya,P1,59,lake naivasha 3 day itinerary,Lake Naivasha 3-Day Itinerary: How to Spend Three Days,Safari Planning Tips,Booking,itinerary,,https://divulgeadventures.com/destinations/kenya-safari/,todo,
KE-053,Kenya,P1,59,lake nakuru 3 day itinerary,Lake Nakuru 3-Day Itinerary: How to Spend Three Days,Safari Planning Tips,Booking,itinerary,,https://divulgeadventures.com/destinations/kenya-safari/,todo,
KE-054,Kenya,P1,59,mara river crossing photography tips,Mara River Crossing Photography Tips: Complete Guide,Great Migration & River Crossing,Planning,migration,,https://divulgeadventures.com/destinations/kenya-safari/,todo,
KE-055,Kenya,P1,59,masai mara 3 day itinerary,Masai Mara 3-Day Itinerary: How to Spend Three Days,Safari Planning Tips,Booking,itinerary,,https://divulgeadventures.com/destinations/kenya-safari/,todo,
KE-056,Kenya,P1,59,masai mara outside migration season,Masai Mara Outside Migration Season: Complete Guide,Great Migration & River Crossing,Planning,migration,,https://divulgeadventures.com/destinations/kenya-safari/,todo,
KE-057,Kenya,P1,59,ol pejeta 3 day itinerary,Ol Pejeta 3-Day Itinerary: How to Spend Three Days,Safari Planning Tips,Booking,itinerary,,https://divulgeadventures.com/destinations/kenya-safari/,todo,
KE-058,Kenya,P1,59,talek river area masai mara,Talek River Area Masai Mara: Complete Guide,Great Migration & River Crossing,Planning,migration,,https://divulgeadventures.com/destinations/kenya-safari/,todo,
KE-059,Kenya,P1,59,tsavo east 3 day itinerary,Tsavo East 3-Day Itinerary: How to Spend Three Days,Safari Planning Tips,Booking,itinerary,,https://divulgeadventures.com/destinations/kenya-safari/,todo,
KE-060,Kenya,P1,59,tsavo west 3 day itinerary,Tsavo West 3-Day Itinerary: How to Spend Three Days,Safari Planning Tips,Booking,itinerary,,https://divulgeadventures.com/destinations/kenya-safari/,todo,
KE-061,Kenya,P1,57,best time to visit amboseli,Best Time to Visit Amboseli: Month-by-Month Guide,Destination Tips,Planning,best-time,,https://divulgeadventures.com/destinations/kenya-safari/,todo,
KE-062,Kenya,P1,57,best time to visit hells gate,Best Time to Visit Hell's Gate: Month-by-Month Guide,Destination Tips,Planning,best-time,,https://divulgeadventures.com/destinations/kenya-safari/,todo,
KE-063,Kenya,P1,57,best time to visit laikipia,Best Time to Visit Laikipia: Month-by-Month Guide,Destination Tips,Planning,best-time,,https://divulgeadventures.com/destinations/kenya-safari/,todo,
KE-064,Kenya,P1,57,best time to visit lake elementaita,Best Time to Visit Lake Elementaita: Month-by-Month Guide,Destination Tips,Planning,best-time,,https://divulgeadventures.com/destinations/kenya-safari/,todo,
KE-065,Kenya,P1,57,best time to visit lake naivasha,Best Time to Visit Lake Naivasha: Month-by-Month Guide,Destination Tips,Planning,best-time,,https://divulgeadventures.com/destinations/kenya-safari/,todo,
KE-066,Kenya,P1,57,best time to visit lake nakuru,Best Time to Visit Lake Nakuru: Month-by-Month Guide,Destination Tips,Planning,best-time,,https://divulgeadventures.com/destinations/kenya-safari/,todo,
KE-067,Kenya,P1,57,best time to visit mara naboisho conservancy,Best Time to Visit Mara Naboisho Conservancy: Month-by-Month Guide,Destination Tips,Planning,best-time,,https://divulgeadventures.com/destinations/kenya-safari/,todo,
KE-068,Kenya,P1,57,best time to visit mara north conservancy,Best Time to Visit Mara North Conservancy: Month-by-Month Guide,Destination Tips,Planning,best-time,,https://divulgeadventures.com/destinations/kenya-safari/,todo,
KE-069,Kenya,P1,57,best time to visit meru national park,Best Time to Visit Meru National Park: Month-by-Month Guide,Destination Tips,Planning,best-time,,https://divulgeadventures.com/destinations/kenya-safari/,todo,
KE-070,Kenya,P1,57,best time to visit nairobi national park,Best Time to Visit Nairobi National Park: Month-by-Month Guide,Destination Tips,Planning,best-time,,https://divulgeadventures.com/destinations/kenya-safari/,todo,
KE-071,Kenya,P1,57,best time to visit ol pejeta,Best Time to Visit Ol Pejeta: Month-by-Month Guide,Destination Tips,Planning,best-time,,https://divulgeadventures.com/destinations/kenya-safari/,todo,
KE-072,Kenya,P1,57,best time to visit samburu,Best Time to Visit Samburu: Month-by-Month Guide,Destination Tips,Planning,best-time,,https://divulgeadventures.com/destinations/kenya-safari/,todo,
KE-073,Kenya,P1,57,best time to visit solio,Best Time to Visit Solio: Month-by-Month Guide,Destination Tips,Planning,best-time,,https://divulgeadventures.com/destinations/kenya-safari/,todo,
KE-074,Kenya,P1,57,best time to visit taita hills sanctuary,Best Time to Visit Taita Hills Sanctuary: Month-by-Month Guide,Destination Tips,Planning,best-time,,https://divulgeadventures.com/destinations/kenya-safari/,todo,
KE-075,Kenya,P1,57,best time to visit tsavo east,Best Time to Visit Tsavo East: Month-by-Month Guide,Destination Tips,Planning,best-time,,https://divulgeadventures.com/destinations/kenya-safari/,todo,
KE-076,Kenya,P1,57,best time to visit tsavo west,Best Time to Visit Tsavo West: Month-by-Month Guide,Destination Tips,Planning,best-time,,https://divulgeadventures.com/destinations/kenya-safari/,todo,
KE-077,Kenya,P1,56,amboseli 3 day itinerary,Amboseli 3-Day Itinerary: How to Spend Three Days,Safari Planning Tips,Booking,itinerary,,https://divulgeadventures.com/destinations/kenya-safari/,todo,
KE-078,Kenya,P1,56,musiara marsh masai mara,Musiara Marsh Masai Mara: Complete Guide,Great Migration & River Crossing,Planning,migration,,https://divulgeadventures.com/destinations/kenya-safari/,todo,
KE-079,Kenya,P1,56,samburu 3 day itinerary,Samburu 3-Day Itinerary: How to Spend Three Days,Safari Planning Tips,Booking,itinerary,,https://divulgeadventures.com/destinations/kenya-safari/,todo,
KE-080,Kenya,P1,55,kenya safari and dubai stopover,Kenya Safari and Dubai Stopover: How to Combine Them in One Trip,Safari Planning Tips,Booking,combo,,https://divulgeadventures.com/destinations/kenya-safari/,todo,
KE-081,Kenya,P1,55,lake nakuru vs lake naivasha,Lake Nakuru vs Lake Naivasha: Which Is Better for Your Trip?,Destination Tips,Planning,comparison,,https://divulgeadventures.com/destinations/kenya-safari/,todo,
KE-082,Kenya,P1,55,tsavo east vs tsavo west,Tsavo East vs Tsavo West: Which Is Better for Your Trip?,Destination Tips,Planning,comparison,,https://divulgeadventures.com/destinations/kenya-safari/,todo,
KE-083,Kenya,P1,55,where to stay in hells gate,Where to Stay in Hell's Gate: Best Lodges and Camps by Budget,Accommodation Guide,Booking,where-to-stay,,https://divulgeadventures.com/destinations/kenya-safari/,todo,
KE-084,Kenya,P1,55,where to stay in laikipia,Where to Stay in Laikipia: Best Lodges and Camps by Budget,Accommodation Guide,Booking,where-to-stay,,https://divulgeadventures.com/destinations/kenya-safari/,todo,
KE-085,Kenya,P1,55,where to stay in lake nakuru,Where to Stay in Lake Nakuru: Best Lodges and Camps by Budget,Accommodation Guide,Booking,where-to-stay,,https://divulgeadventures.com/destinations/kenya-safari/,todo,
KE-086,Kenya,P1,55,where to stay in meru national park,Where to Stay in Meru National Park: Best Lodges and Camps by Budget,Accommodation Guide,Booking,where-to-stay,,https://divulgeadventures.com/destinations/kenya-safari/,todo,
KE-087,Kenya,P1,55,where to stay in nairobi national park,Where to Stay in Nairobi National Park: Best Lodges and Camps by Budget,Accommodation Guide,Booking,where-to-stay,,https://divulgeadventures.com/destinations/kenya-safari/,todo,
KE-088,Kenya,P1,55,where to stay in ol pejeta,Where to Stay in Ol Pejeta: Best Lodges and Camps by Budget,Accommodation Guide,Booking,where-to-stay,,https://divulgeadventures.com/destinations/kenya-safari/,todo,
KE-089,Kenya,P1,55,where to stay in solio,Where to Stay in Solio: Best Lodges and Camps by Budget,Accommodation Guide,Booking,where-to-stay,,https://divulgeadventures.com/destinations/kenya-safari/,todo,
KE-090,Kenya,P1,55,where to stay in tsavo east,Where to Stay in Tsavo East: Best Lodges and Camps by Budget,Accommodation Guide,Booking,where-to-stay,,https://divulgeadventures.com/destinations/kenya-safari/,todo,
KE-091,Kenya,P1,55,where to stay in tsavo west,Where to Stay in Tsavo West: Best Lodges and Camps by Budget,Accommodation Guide,Booking,where-to-stay,,https://divulgeadventures.com/destinations/kenya-safari/,todo,
KE-092,Kenya,P1,54,kenya safari in april,"Kenya Safari in April: Weather, Wildlife and What to Expect",Destination Tips,Planning,month,april,https://divulgeadventures.com/destinations/kenya-safari/,todo,
KE-093,Kenya,P1,54,kenya safari in august,"Kenya Safari in August: Weather, Wildlife and What to Expect",Destination Tips,Planning,month,august,https://divulgeadventures.com/destinations/kenya-safari/,todo,
KE-094,Kenya,P1,54,kenya safari in december,"Kenya Safari in December: Weather, Wildlife and What to Expect",Destination Tips,Planning,month,december,https://divulgeadventures.com/destinations/kenya-safari/,done 2026-10-09 https://divulgeadventures.com/kenya-safari-in-december/,
KE-095,Kenya,P1,54,kenya safari in february,"Kenya Safari in February: Weather, Wildlife and What to Expect",Destination Tips,Planning,month,february,https://divulgeadventures.com/destinations/kenya-safari/,todo,
KE-096,Kenya,P1,54,kenya safari in january,"Kenya Safari in January: Weather, Wildlife and What to Expect",Destination Tips,Planning,month,january,https://divulgeadventures.com/destinations/kenya-safari/,todo,
KE-097,Kenya,P1,54,kenya safari in july,"Kenya Safari in July: Weather, Wildlife and What to Expect",Destination Tips,Planning,month,july,https://divulgeadventures.com/destinations/kenya-safari/,todo,
KE-098,Kenya,P1,54,kenya safari in june,"Kenya Safari in June: Weather, Wildlife and What to Expect",Destination Tips,Planning,month,june,https://divulgeadventures.com/destinations/kenya-safari/,todo,
KE-099,Kenya,P1,54,kenya safari in march,"Kenya Safari in March: Weather, Wildlife and What to Expect",Destination Tips,Planning,month,march,https://divulgeadventures.com/destinations/kenya-safari/,todo,
KE-100,Kenya,P1,54,kenya safari in may,"Kenya Safari in May: Weather, Wildlife and What to Expect",Destination Tips,Planning,month,may,https://divulgeadventures.com/destinations/kenya-safari/,todo,
KE-101,Kenya,P1,54,kenya safari in november,"Kenya Safari in November: Weather, Wildlife and What to Expect",Destination Tips,Planning,month,november,https://divulgeadventures.com/destinations/kenya-safari/,todo,
KE-102,Kenya,P1,54,kenya safari in october,"Kenya Safari in October: Weather, Wildlife and What to Expect",Destination Tips,Planning,month,october,https://divulgeadventures.com/destinations/kenya-safari/,todo,
KE-103,Kenya,P1,54,kenya safari in september,"Kenya Safari in September: Weather, Wildlife and What to Expect",Destination Tips,Planning,month,september,https://divulgeadventures.com/destinations/kenya-safari/,todo,
KE-104,Kenya,P1,53,corporate retreat in masai mara,"Corporate Retreat in Masai Mara: Venues, Activities and Costs",Team Building,Booking,team,,https://divulgeadventures.com/destinations/kenya-safari/,todo,
KE-105,Kenya,P1,53,lake elementaita day trip from nairobi,"Lake Elementaita Day Trip from Nairobi: Timings, Costs and Tips",Safari Themes,Booking,day-trip,,https://divulgeadventures.com/destinations/kenya-safari/,todo,
KE-106,Kenya,P1,53,lake naivasha day trip from nairobi,"Lake Naivasha Day Trip from Nairobi: Timings, Costs and Tips",Safari Themes,Booking,day-trip,,https://divulgeadventures.com/destinations/kenya-safari/,todo,
KE-107,Kenya,P1,53,ol pejeta day trip from nairobi,"Ol Pejeta Day Trip from Nairobi: Timings, Costs and Tips",Safari Themes,Booking,day-trip,,https://divulgeadventures.com/destinations/kenya-safari/,todo,
KE-108,Kenya,P1,53,school trips nairobi national park,"School Trips Nairobi National Park: Venues, Activities and Costs",Team Building,Booking,team,,https://divulgeadventures.com/destinations/kenya-safari/,todo,
KE-109,Kenya,P1,52,amboseli vs tsavo west,Amboseli vs Tsavo West: Which Is Better for Your Trip?,Destination Tips,Planning,comparison,,https://divulgeadventures.com/destinations/kenya-safari/,todo,
KE-110,Kenya,P1,52,hells gate national park,"Hell's Gate National Park Guide: Wildlife, Best Time, Fees and Where to Stay",Destination Tips,Research,guide,,https://divulgeadventures.com/destinations/kenya-safari/,todo,
KE-111,Kenya,P1,52,lake elementaita,Lake Elementaita: The Complete Visitor Guide,Destination Tips,Research,guide,,https://divulgeadventures.com/destinations/kenya-safari/,todo,
KE-112,Kenya,P1,52,lake naivasha,Lake Naivasha: The Complete Visitor Guide,Destination Tips,Research,guide,,https://divulgeadventures.com/destinations/kenya-safari/,todo,
KE-113,Kenya,P1,52,masai mara,"Masai Mara Guide: Wildlife, Best Time, Fees and Where to Stay",Destination Tips,Research,guide,,https://divulgeadventures.com/destinations/kenya-safari/,todo,
KE-114,Kenya,P1,52,masai mara vs amboseli,Masai Mara vs Amboseli: Which Is Better for Your Trip?,Destination Tips,Planning,comparison,,https://divulgeadventures.com/destinations/kenya-safari/,todo,
KE-115,Kenya,P1,52,masai mara vs kruger,Masai Mara vs Kruger: Which Is Better for Your Trip?,Destination Tips,Planning,comparison,,https://divulgeadventures.com/destinations/kenya-safari/,todo,
KE-116,Kenya,P1,52,meru national park,"Meru National Park Guide: Wildlife, Best Time, Fees and Where to Stay",Destination Tips,Research,guide,,https://divulgeadventures.com/destinations/kenya-safari/,todo,
KE-117,Kenya,P1,52,ol pejeta vs lewa,Ol Pejeta vs Lewa: Which Is Better for Your Trip?,Destination Tips,Planning,comparison,,https://divulgeadventures.com/destinations/kenya-safari/,todo,
KE-118,Kenya,P1,52,samburu vs masai mara,Samburu vs Masai Mara: Which Is Better for Your Trip?,Destination Tips,Planning,comparison,,https://divulgeadventures.com/destinations/kenya-safari/,todo,
KE-119,Kenya,P1,52,taita hills wildlife sanctuary,"Taita Hills Wildlife Sanctuary Guide: Wildlife, Best Time, Fees and Where to Stay",Destination Tips,Research,guide,,https://divulgeadventures.com/destinations/kenya-safari/,todo,
KE-120,Kenya,P1,51,kenya safari from south africa,"Kenya Safari from South Africa: Flights, Visas and Planning Tips",Safari Planning Tips,Booking,origin,,https://divulgeadventures.com/destinations/kenya-safari/,todo,
KE-121,Kenya,P1,51,kenya safari from sri lanka,"Kenya Safari from Sri Lanka: Flights, Visas and Planning Tips",Safari Planning Tips,Booking,origin,,https://divulgeadventures.com/destinations/kenya-safari/,todo,
KE-122,Kenya,P1,51,kenya safari from the uae,"Kenya Safari from the UAE: Flights, Visas and Planning Tips",Safari Planning Tips,Booking,origin,,https://divulgeadventures.com/destinations/kenya-safari/,todo,
KE-123,Kenya,P1,51,kenya safari from the uk,"Kenya Safari from the UK: Flights, Visas and Planning Tips",Safari Planning Tips,Booking,origin,,https://divulgeadventures.com/destinations/kenya-safari/,todo,
KE-124,Kenya,P1,51,kenya safari from the usa,"Kenya Safari from the USA: Flights, Visas and Planning Tips",Safari Planning Tips,Booking,origin,,https://divulgeadventures.com/destinations/kenya-safari/,todo,
KE-125,Kenya,P1,51,things to do in hells gate,Things to Do in Hell's Gate: Top Experiences,Destination Tips,Research,things-to-do,,https://divulgeadventures.com/destinations/kenya-safari/,todo,
KE-126,Kenya,P1,51,things to do in lake naivasha,Things to Do in Lake Naivasha: Top Experiences,Destination Tips,Research,things-to-do,,https://divulgeadventures.com/destinations/kenya-safari/,todo,
KE-127,Kenya,P1,51,things to do in masai mara,Things to Do in Masai Mara: Top Experiences,Destination Tips,Research,things-to-do,,https://divulgeadventures.com/destinations/kenya-safari/,todo,
KE-128,Kenya,P1,51,things to do in meru national park,Things to Do in Meru National Park: Top Experiences,Destination Tips,Research,things-to-do,,https://divulgeadventures.com/destinations/kenya-safari/,todo,
KE-129,Kenya,P1,51,things to do in nairobi national park,Things to Do in Nairobi National Park: Top Experiences,Destination Tips,Research,things-to-do,,https://divulgeadventures.com/destinations/kenya-safari/,todo,
KE-130,Kenya,P1,51,things to do in ol pejeta,Things to Do in Ol Pejeta: Top Experiences,Destination Tips,Research,things-to-do,,https://divulgeadventures.com/destinations/kenya-safari/,todo,
KE-131,Kenya,P1,51,things to do in samburu,Things to Do in Samburu: Top Experiences,Destination Tips,Research,things-to-do,,https://divulgeadventures.com/destinations/kenya-safari/,todo,
KE-132,Kenya,P1,51,things to do in solio,Things to Do in Solio: Top Experiences,Destination Tips,Research,things-to-do,,https://divulgeadventures.com/destinations/kenya-safari/,todo,
KE-133,Kenya,P1,51,things to do in tsavo east,Things to Do in Tsavo East: Top Experiences,Destination Tips,Research,things-to-do,,https://divulgeadventures.com/destinations/kenya-safari/,todo,
KE-134,Kenya,P1,51,things to do in tsavo west,Things to Do in Tsavo West: Top Experiences,Destination Tips,Research,things-to-do,,https://divulgeadventures.com/destinations/kenya-safari/,todo,
KE-135,Kenya,P2,51,things to do in laikipia,Things to Do in Laikipia: Top Experiences,Destination Tips,Research,things-to-do,,https://divulgeadventures.com/destinations/kenya-safari/,todo,
KE-136,Kenya,P2,50,team building in diani,"Team Building in Diani: Venues, Activities and Costs",Team Building,Booking,team,,https://divulgeadventures.com/destinations/kenya-safari/,todo,
KE-137,Kenya,P2,50,team building in nakuru,"Team Building in Nakuru: Venues, Activities and Costs",Team Building,Booking,team,,https://divulgeadventures.com/destinations/kenya-safari/,todo,
KE-138,Kenya,P2,49,best birding spots in kenya,Best Birding Spots in Kenya: Our Top Picks,Safari Themes,Research,experience,,https://divulgeadventures.com/destinations/kenya-safari/,todo,
KE-139,Kenya,P2,49,hells gate map and gates,Hell's Gate Map and Gates: Getting Around,Destination Tips,Planning,access,,https://divulgeadventures.com/destinations/kenya-safari/,todo,
KE-140,Kenya,P2,49,how to get to amboseli from nairobi,"How to Get to Amboseli from Nairobi: Road, Flight and Transfer Options",Safari Planning Tips,Planning,access,,https://divulgeadventures.com/destinations/kenya-safari/,todo,
KE-141,Kenya,P2,49,how to get to kisite mpunguti from diani,"How to Get to Kisite Mpunguti from Diani: Road, Flight and Transfer Options",Safari Planning Tips,Planning,access,,https://divulgeadventures.com/destinations/kenya-safari/,todo,
KE-142,Kenya,P2,49,how to get to laikipia from nairobi,"How to Get to Laikipia from Nairobi: Road, Flight and Transfer Options",Safari Planning Tips,Planning,access,,https://divulgeadventures.com/destinations/kenya-safari/,todo,
KE-143,Kenya,P2,49,how to get to mara naboisho conservancy from nairobi,"How to Get to Mara Naboisho Conservancy from Nairobi: Road, Flight and Transfer Options",Safari Planning Tips,Planning,access,,https://divulgeadventures.com/destinations/kenya-safari/,todo,
KE-144,Kenya,P2,49,how to get to mara north conservancy from nairobi,"How to Get to Mara North Conservancy from Nairobi: Road, Flight and Transfer Options",Safari Planning Tips,Planning,access,,https://divulgeadventures.com/destinations/kenya-safari/,todo,
KE-145,Kenya,P2,49,how to get to masai mara from nairobi,"How to Get to Masai Mara from Nairobi: Road, Flight and Transfer Options",Safari Planning Tips,Planning,access,,https://divulgeadventures.com/destinations/kenya-safari/,todo,
KE-146,Kenya,P2,49,how to get to meru national park from nairobi,"How to Get to Meru National Park from Nairobi: Road, Flight and Transfer Options",Safari Planning Tips,Planning,access,,https://divulgeadventures.com/destinations/kenya-safari/,todo,
KE-147,Kenya,P2,49,how to get to samburu from nairobi,"How to Get to Samburu from Nairobi: Road, Flight and Transfer Options",Safari Planning Tips,Planning,access,,https://divulgeadventures.com/destinations/kenya-safari/,todo,
KE-148,Kenya,P2,49,how to get to shimba hills from diani,"How to Get to Shimba Hills from Diani: Road, Flight and Transfer Options",Safari Planning Tips,Planning,access,,https://divulgeadventures.com/destinations/kenya-safari/,todo,
KE-149,Kenya,P2,49,how to get to solio from nairobi,"How to Get to Solio from Nairobi: Road, Flight and Transfer Options",Safari Planning Tips,Planning,access,,https://divulgeadventures.com/destinations/kenya-safari/,todo,
KE-150,Kenya,P2,49,how to get to taita hills sanctuary from mombasa,"How to Get to Taita Hills Sanctuary from Mombasa: Road, Flight and Transfer Options",Safari Planning Tips,Planning,access,,https://divulgeadventures.com/destinations/kenya-safari/,todo,
KE-151,Kenya,P2,49,how to get to tsavo east from mombasa,"How to Get to Tsavo East from Mombasa: Road, Flight and Transfer Options",Safari Planning Tips,Planning,access,,https://divulgeadventures.com/destinations/kenya-safari/,todo,
KE-152,Kenya,P2,49,how to get to tsavo west from nairobi,"How to Get to Tsavo West from Nairobi: Road, Flight and Transfer Options",Safari Planning Tips,Planning,access,,https://divulgeadventures.com/destinations/kenya-safari/,todo,
KE-153,Kenya,P2,49,kenya safari on a budget,Kenya Safari on a Budget: What to Know Before You Go,Safari Planning Tips,Research,experience,,https://divulgeadventures.com/destinations/kenya-safari/,todo,
KE-154,Kenya,P2,49,lake nakuru map and gates,Lake Nakuru Map and Gates: Getting Around,Destination Tips,Planning,access,,https://divulgeadventures.com/destinations/kenya-safari/,todo,
KE-155,Kenya,P2,49,masai mara map and gates,Masai Mara Map and Gates: Getting Around,Destination Tips,Planning,access,,https://divulgeadventures.com/destinations/kenya-safari/,todo,
KE-156,Kenya,P2,49,ol pejeta map and gates,Ol Pejeta Map and Gates: Getting Around,Destination Tips,Planning,access,,https://divulgeadventures.com/destinations/kenya-safari/,todo,
KE-157,Kenya,P2,49,rhino tracking on foot kenya,Rhino Tracking on Foot Kenya: What to Know Before You Go,Safari Themes,Research,experience,,https://divulgeadventures.com/destinations/kenya-safari/,todo,
KE-158,Kenya,P2,49,tsavo east map and gates,Tsavo East Map and Gates: Getting Around,Destination Tips,Planning,access,,https://divulgeadventures.com/destinations/kenya-safari/,todo,
KE-159,Kenya,P2,49,tsavo west map and gates,Tsavo West Map and Gates: Getting Around,Destination Tips,Planning,access,,https://divulgeadventures.com/destinations/kenya-safari/,todo,
KE-160,Kenya,P2,49,where to see black leopard in kenya,Where to See Black Leopard in Kenya: Best Parks and Months,Safari Themes,Research,wildlife,,https://divulgeadventures.com/destinations/kenya-safari/,todo,
KE-161,Kenya,P2,49,where to see black rhinos in kenya,Where to See Black Rhinos in Kenya: Best Parks and Months,Safari Themes,Research,wildlife,,https://divulgeadventures.com/destinations/kenya-safari/,todo,
KE-162,Kenya,P2,49,where to see leopards in kenya,Where to See Leopards in Kenya: Best Parks and Months,Safari Themes,Research,wildlife,,https://divulgeadventures.com/destinations/kenya-safari/,todo,
KE-163,Kenya,P2,49,where to see white rhinos in kenya,Where to See White Rhinos in Kenya: Best Parks and Months,Safari Themes,Research,wildlife,,https://divulgeadventures.com/destinations/kenya-safari/,todo,
KE-164,Kenya,P2,48,aberdares entrance fees,Aberdares Entrance Fees: Current Rates and How to Pay,Safari Planning Tips,Booking,fees,,https://divulgeadventures.com/destinations/kenya-safari/,todo,
KE-165,Kenya,P2,48,amboseli serena safari lodge,"Amboseli Serena Safari Lodge: Rooms, Location and What to Expect",Accommodation Guide,Booking,lodge,,https://divulgeadventures.com/destinations/kenya-safari/,todo,"Describe from the property's official website only. If it cannot be verified as currently operating, mark this row skip."
KE-166,Kenya,P2,48,amboseli sopa lodge,"Amboseli Sopa Lodge: Rooms, Location and What to Expect",Accommodation Guide,Booking,lodge,,https://divulgeadventures.com/destinations/kenya-safari/,todo,"Describe from the property's official website only. If it cannot be verified as currently operating, mark this row skip."
KE-167,Kenya,P2,48,angama mara,"Angama Mara: Rooms, Location and What to Expect",Accommodation Guide,Booking,lodge,,https://divulgeadventures.com/destinations/kenya-safari/,todo,"Describe from the property's official website only. If it cannot be verified as currently operating, mark this row skip."
KE-168,Kenya,P2,48,ashnil mara camp,"Ashnil Mara Camp: Rooms, Location and What to Expect",Accommodation Guide,Booking,lodge,,https://divulgeadventures.com/destinations/kenya-safari/,todo,"Describe from the property's official website only. If it cannot be verified as currently operating, mark this row skip."
KE-169,Kenya,P2,48,ashnil samburu camp,"Ashnil Samburu Camp: Rooms, Location and What to Expect",Accommodation Guide,Booking,lodge,,https://divulgeadventures.com/destinations/kenya-safari/,todo,"Describe from the property's official website only. If it cannot be verified as currently operating, mark this row skip."
KE-170,Kenya,P2,48,basecamp masai mara,"Basecamp Masai Mara: Rooms, Location and What to Expect",Accommodation Guide,Booking,lodge,,https://divulgeadventures.com/destinations/kenya-safari/,todo,"Describe from the property's official website only. If it cannot be verified as currently operating, mark this row skip."
KE-171,Kenya,P2,48,elephant watch camp samburu,"Elephant Watch Camp Samburu: Rooms, Location and What to Expect",Accommodation Guide,Booking,lodge,,https://divulgeadventures.com/destinations/kenya-safari/,todo,"Describe from the property's official website only. If it cannot be verified as currently operating, mark this row skip."
KE-172,Kenya,P2,48,elsas kopje meru,"Elsa's Kopje Meru: Rooms, Location and What to Expect",Accommodation Guide,Booking,lodge,,https://divulgeadventures.com/destinations/kenya-safari/,todo,"Describe from the property's official website only. If it cannot be verified as currently operating, mark this row skip."
KE-173,Kenya,P2,48,fairmont mara safari club,"Fairmont Mara Safari Club: Rooms, Location and What to Expect",Accommodation Guide,Booking,lodge,,https://divulgeadventures.com/destinations/kenya-safari/,todo,"Describe from the property's official website only. If it cannot be verified as currently operating, mark this row skip."
KE-174,Kenya,P2,48,governors camp masai mara,"Governors' Camp Masai Mara: Rooms, Location and What to Expect",Accommodation Guide,Booking,lodge,,https://divulgeadventures.com/destinations/kenya-safari/,todo,"Describe from the property's official website only. If it cannot be verified as currently operating, mark this row skip."
KE-175,Kenya,P2,48,kenya safari from australia,"Kenya Safari from Australia: Flights, Visas and Planning Tips",Safari Planning Tips,Booking,origin,,https://divulgeadventures.com/destinations/kenya-safari/,todo,
KE-176,Kenya,P2,48,kenya safari from canada,"Kenya Safari from Canada: Flights, Visas and Planning Tips",Safari Planning Tips,Booking,origin,,https://divulgeadventures.com/destinations/kenya-safari/,todo,
KE-177,Kenya,P2,48,kenya safari from germany,"Kenya Safari from Germany: Flights, Visas and Planning Tips",Safari Planning Tips,Booking,origin,,https://divulgeadventures.com/destinations/kenya-safari/,todo,
KE-178,Kenya,P2,48,kenya safari from india,"Kenya Safari from India: Flights, Visas and Planning Tips",Safari Planning Tips,Booking,origin,,https://divulgeadventures.com/destinations/kenya-safari/,todo,
KE-179,Kenya,P2,48,kenya safari from italy,"Kenya Safari from Italy: Flights, Visas and Planning Tips",Safari Planning Tips,Booking,origin,,https://divulgeadventures.com/destinations/kenya-safari/,todo,
KE-180,Kenya,P2,48,kenya safari from malaysia,"Kenya Safari from Malaysia: Flights, Visas and Planning Tips",Safari Planning Tips,Booking,origin,,https://divulgeadventures.com/destinations/kenya-safari/,todo,
KE-181,Kenya,P2,48,kenya safari from singapore,"Kenya Safari from Singapore: Flights, Visas and Planning Tips",Safari Planning Tips,Booking,origin,,https://divulgeadventures.com/destinations/kenya-safari/,todo,
KE-182,Kenya,P2,48,lake naivasha sopa resort,"Lake Naivasha Sopa Resort: Rooms, Location and What to Expect",Accommodation Guide,Booking,lodge,,https://divulgeadventures.com/destinations/kenya-safari/,todo,"Describe from the property's official website only. If it cannot be verified as currently operating, mark this row skip."
KE-183,Kenya,P2,48,lake nakuru lodge,"Lake Nakuru Lodge: Rooms, Location and What to Expect",Accommodation Guide,Booking,lodge,,https://divulgeadventures.com/destinations/kenya-safari/,todo,"Describe from the property's official website only. If it cannot be verified as currently operating, mark this row skip."
KE-184,Kenya,P2,48,lewa entrance fees,Lewa Entrance Fees: Current Rates and How to Pay,Safari Planning Tips,Booking,fees,,https://divulgeadventures.com/destinations/kenya-safari/,todo,
KE-185,Kenya,P2,48,mara intrepids,"Mara Intrepids: Rooms, Location and What to Expect",Accommodation Guide,Booking,lodge,,https://divulgeadventures.com/destinations/kenya-safari/,todo,"Describe from the property's official website only. If it cannot be verified as currently operating, mark this row skip."
KE-186,Kenya,P2,48,mara serena safari lodge,"Mara Serena Safari Lodge: Rooms, Location and What to Expect",Accommodation Guide,Booking,lodge,,https://divulgeadventures.com/destinations/kenya-safari/,todo,"Describe from the property's official website only. If it cannot be verified as currently operating, mark this row skip."
KE-187,Kenya,P2,48,mara sopa lodge,"Mara Sopa Lodge: Rooms, Location and What to Expect",Accommodation Guide,Booking,lodge,,https://divulgeadventures.com/destinations/kenya-safari/,todo,"Describe from the property's official website only. If it cannot be verified as currently operating, mark this row skip."
KE-188,Kenya,P2,48,ol pejeta bush camp,"Ol Pejeta Bush Camp: Rooms, Location and What to Expect",Accommodation Guide,Booking,lodge,,https://divulgeadventures.com/destinations/kenya-safari/,todo,"Describe from the property's official website only. If it cannot be verified as currently operating, mark this row skip."
KE-189,Kenya,P2,48,porini rhino camp,"Porini Rhino Camp: Rooms, Location and What to Expect",Accommodation Guide,Booking,lodge,,https://divulgeadventures.com/destinations/kenya-safari/,todo,"Describe from the property's official website only. If it cannot be verified as currently operating, mark this row skip."
KE-190,Kenya,P2,48,salt lick safari lodge,"Salt Lick Safari Lodge: Rooms, Location and What to Expect",Accommodation Guide,Booking,lodge,,https://divulgeadventures.com/destinations/kenya-safari/,todo,"Describe from the property's official website only. If it cannot be verified as currently operating, mark this row skip."
KE-191,Kenya,P2,48,samburu intrepids,"Samburu Intrepids: Rooms, Location and What to Expect",Accommodation Guide,Booking,lodge,,https://divulgeadventures.com/destinations/kenya-safari/,todo,"Describe from the property's official website only. If it cannot be verified as currently operating, mark this row skip."
KE-192,Kenya,P2,48,samburu sopa lodge,"Samburu Sopa Lodge: Rooms, Location and What to Expect",Accommodation Guide,Booking,lodge,,https://divulgeadventures.com/destinations/kenya-safari/,todo,"Describe from the property's official website only. If it cannot be verified as currently operating, mark this row skip."
KE-193,Kenya,P2,48,sand river masai mara,"Sand River Masai Mara: Rooms, Location and What to Expect",Accommodation Guide,Booking,lodge,,https://divulgeadventures.com/destinations/kenya-safari/,todo,"Describe from the property's official website only. If it cannot be verified as currently operating, mark this row skip."
KE-194,Kenya,P2,48,sarova mara game camp,"Sarova Mara Game Camp: Rooms, Location and What to Expect",Accommodation Guide,Booking,lodge,,https://divulgeadventures.com/destinations/kenya-safari/,todo,"Describe from the property's official website only. If it cannot be verified as currently operating, mark this row skip."
KE-195,Kenya,P2,48,saruni samburu,"Saruni Samburu: Rooms, Location and What to Expect",Accommodation Guide,Booking,lodge,,https://divulgeadventures.com/destinations/kenya-safari/,todo,"Describe from the property's official website only. If it cannot be verified as currently operating, mark this row skip."
KE-196,Kenya,P2,48,solio lodge,"Solio Lodge: Rooms, Location and What to Expect",Accommodation Guide,Booking,lodge,,https://divulgeadventures.com/destinations/kenya-safari/,todo,"Describe from the property's official website only. If it cannot be verified as currently operating, mark this row skip."
KE-197,Kenya,P2,48,sopa lodges kenya,"Sopa Lodges Kenya: Rooms, Location and What to Expect",Accommodation Guide,Booking,lodge,,https://divulgeadventures.com/destinations/kenya-safari/,todo,"Describe from the property's official website only. If it cannot be verified as currently operating, mark this row skip."
KE-198,Kenya,P2,48,sweetwaters serena camp,"Sweetwaters Serena Camp: Rooms, Location and What to Expect",Accommodation Guide,Booking,lodge,,https://divulgeadventures.com/destinations/kenya-safari/,todo,"Describe from the property's official website only. If it cannot be verified as currently operating, mark this row skip."
KE-199,Kenya,P2,48,tortilis camp amboseli,"Tortilis Camp Amboseli: Rooms, Location and What to Expect",Accommodation Guide,Booking,lodge,,https://divulgeadventures.com/destinations/kenya-safari/,todo,"Describe from the property's official website only. If it cannot be verified as currently operating, mark this row skip."
KE-200,Kenya,P2,47,kenya safari checklist before you fly,Kenya Safari Checklist Before You Fly: A Practical Guide for Travellers,Safari Planning Tips,Planning,practical,,https://divulgeadventures.com/destinations/kenya-safari/,todo,
KE-201,Kenya,P2,47,kenya safari deposit and payment,Kenya Safari Deposit and Payment: A Practical Guide for Travellers,Safari Planning Tips,Planning,practical,,https://divulgeadventures.com/destinations/kenya-safari/,todo,
KE-202,Kenya,P2,47,kenya safari what to wear,Kenya Safari What to Wear: A Practical Guide for Travellers,Safari Planning Tips,Planning,practical,,https://divulgeadventures.com/destinations/kenya-safari/,todo,
KE-203,Kenya,P2,46,amboseli animals,Amboseli Animals: What Wildlife You Can See,Destination Tips,Research,wildlife,,https://divulgeadventures.com/destinations/kenya-safari/,todo,
KE-204,Kenya,P2,46,amboseli map and gates,Amboseli Map and Gates: Getting Around,Destination Tips,Planning,access,,https://divulgeadventures.com/destinations/kenya-safari/,todo,
KE-205,Kenya,P2,46,black leopard kenya,Black Leopard Kenya: What to Know Before You Go,Safari Themes,Research,experience,,https://divulgeadventures.com/destinations/kenya-safari/,todo,
KE-206,Kenya,P2,46,camel safari laikipia,Camel Safari Laikipia: What to Know Before You Go,Safari Themes,Research,experience,,https://divulgeadventures.com/destinations/kenya-safari/,todo,
KE-207,Kenya,P2,46,crescent island walking safari,Crescent Island Walking Safari: What to Know Before You Go,Safari Themes,Research,experience,,https://divulgeadventures.com/destinations/kenya-safari/,todo,
KE-208,Kenya,P2,46,cycling in hells gate,Cycling in Hell's Gate: What to Know Before You Go,Safari Themes,Research,experience,,https://divulgeadventures.com/destinations/kenya-safari/,todo,
KE-209,Kenya,P2,46,diani beach holiday,Diani Beach Holiday: What to Know Before You Go,Destination Tips,Research,experience,,https://divulgeadventures.com/destinations/kenya-safari/,todo,
KE-210,Kenya,P2,46,hells gate animals,Hell's Gate Animals: What Wildlife You Can See,Destination Tips,Research,wildlife,,https://divulgeadventures.com/destinations/kenya-safari/,todo,
KE-211,Kenya,P2,46,kenya photography safari,Kenya Photography Safari: What to Know Before You Go,Safari Themes,Research,experience,,https://divulgeadventures.com/destinations/kenya-safari/,todo,
KE-212,Kenya,P2,46,kenya safari for seniors,Kenya Safari for Seniors: What to Know Before You Go,Safari Themes,Research,experience,,https://divulgeadventures.com/destinations/kenya-safari/,todo,
KE-213,Kenya,P2,46,kenya safari with teenagers,Kenya Safari with Teenagers: What to Know Before You Go,Safari Themes,Research,experience,,https://divulgeadventures.com/destinations/kenya-safari/,todo,
KE-214,Kenya,P2,46,lake nakuru animals,Lake Nakuru Animals: What Wildlife You Can See,Destination Tips,Research,wildlife,,https://divulgeadventures.com/destinations/kenya-safari/,todo,
KE-215,Kenya,P2,46,luxury kenya safari,Luxury Kenya Safari: What to Know Before You Go,Safari Themes,Research,experience,,https://divulgeadventures.com/destinations/kenya-safari/,todo,
KE-216,Kenya,P2,46,masai mara animals,Masai Mara Animals: What Wildlife You Can See,Destination Tips,Research,wildlife,,https://divulgeadventures.com/destinations/kenya-safari/,todo,
KE-217,Kenya,P2,46,mzima springs,Mzima Springs: What to Know Before You Go,Destination Tips,Research,experience,,https://divulgeadventures.com/destinations/kenya-safari/,todo,
KE-218,Kenya,P2,46,ngulia rhino sanctuary,Ngulia Rhino Sanctuary: What to Know Before You Go,Destination Tips,Research,experience,,https://divulgeadventures.com/destinations/kenya-safari/,todo,
KE-219,Kenya,P2,46,ol pejeta animals,Ol Pejeta Animals: What Wildlife You Can See,Destination Tips,Research,wildlife,,https://divulgeadventures.com/destinations/kenya-safari/,todo,
KE-220,Kenya,P2,46,safari from diani,Safari from Diani: What to Know Before You Go,Safari Planning Tips,Research,experience,,https://divulgeadventures.com/destinations/kenya-safari/,todo,
KE-221,Kenya,P2,46,samburu animals,Samburu Animals: What Wildlife You Can See,Destination Tips,Research,wildlife,,https://divulgeadventures.com/destinations/kenya-safari/,todo,
KE-222,Kenya,P2,46,samburu culture visit,Samburu Culture Visit: What to Know Before You Go,Safari Themes,Research,experience,,https://divulgeadventures.com/destinations/kenya-safari/,todo,
KE-223,Kenya,P2,46,samburu map and gates,Samburu Map and Gates: Getting Around,Destination Tips,Planning,access,,https://divulgeadventures.com/destinations/kenya-safari/,todo,
KE-224,Kenya,P2,46,samburu special five,Samburu Special Five: Where and When to See Them,Safari Themes,Research,wildlife,,https://divulgeadventures.com/destinations/kenya-safari/,todo,
KE-225,Kenya,P2,46,tsavo east animals,Tsavo East Animals: What Wildlife You Can See,Destination Tips,Research,wildlife,,https://divulgeadventures.com/destinations/kenya-safari/,todo,
KE-226,Kenya,P2,46,tsavo west animals,Tsavo West Animals: What Wildlife You Can See,Destination Tips,Research,wildlife,,https://divulgeadventures.com/destinations/kenya-safari/,todo,
KE-227,Kenya,P2,46,whale shark season diani,Whale Shark Season Diani: What to Know Before You Go,Safari Themes,Research,experience,,https://divulgeadventures.com/destinations/kenya-safari/,todo,
KE-228,Kenya,P2,44,kenya safari binoculars,Kenya Safari Binoculars: A Practical Guide for Travellers,Safari Planning Tips,Planning,practical,,https://divulgeadventures.com/destinations/kenya-safari/,todo,
KE-229,Kenya,P2,44,kenya safari camera settings,Kenya Safari Camera Settings: A Practical Guide for Travellers,Safari Planning Tips,Planning,practical,,https://divulgeadventures.com/destinations/kenya-safari/,todo,
KE-230,Kenya,P2,44,kenya safari health tips,Kenya Safari Health Tips: A Practical Guide for Travellers,Safari Planning Tips,Planning,practical,,https://divulgeadventures.com/destinations/kenya-safari/,todo,
KE-231,Kenya,P2,44,kenya safari insurance cover,Kenya Safari Insurance Cover: A Practical Guide for Travellers,Safari Planning Tips,Planning,practical,,https://divulgeadventures.com/destinations/kenya-safari/,todo,
KE-232,Kenya,P2,44,kenya safari weather,Kenya Safari Weather: A Practical Guide for Travellers,Safari Planning Tips,Planning,practical,,https://divulgeadventures.com/destinations/kenya-safari/,todo,
KE-233,Kenya,P2,43,best time to visit aberdares,Best Time to Visit Aberdares: Month-by-Month Guide,Destination Tips,Planning,best-time,,https://divulgeadventures.com/destinations/kenya-safari/,todo,
KE-234,Kenya,P2,43,best time to visit buffalo springs,Best Time to Visit Buffalo Springs: Month-by-Month Guide,Destination Tips,Planning,best-time,,https://divulgeadventures.com/destinations/kenya-safari/,todo,
KE-235,Kenya,P2,43,best time to visit chyulu hills,Best Time to Visit Chyulu Hills: Month-by-Month Guide,Destination Tips,Planning,best-time,,https://divulgeadventures.com/destinations/kenya-safari/,todo,
KE-236,Kenya,P2,43,best time to visit kakamega forest,Best Time to Visit Kakamega Forest: Month-by-Month Guide,Destination Tips,Planning,best-time,,https://divulgeadventures.com/destinations/kenya-safari/,todo,
KE-237,Kenya,P2,43,best time to visit kisite mpunguti,Best Time to Visit Kisite Mpunguti: Month-by-Month Guide,Destination Tips,Planning,best-time,,https://divulgeadventures.com/destinations/kenya-safari/,todo,
KE-238,Kenya,P2,43,best time to visit lake baringo,Best Time to Visit Lake Baringo: Month-by-Month Guide,Destination Tips,Planning,best-time,,https://divulgeadventures.com/destinations/kenya-safari/,todo,
KE-239,Kenya,P2,43,best time to visit lake bogoria,Best Time to Visit Lake Bogoria: Month-by-Month Guide,Destination Tips,Planning,best-time,,https://divulgeadventures.com/destinations/kenya-safari/,todo,
KE-240,Kenya,P2,43,best time to visit lewa,Best Time to Visit Lewa: Month-by-Month Guide,Destination Tips,Planning,best-time,,https://divulgeadventures.com/destinations/kenya-safari/,todo,
KE-241,Kenya,P2,43,best time to visit olare motorogi conservancy,Best Time to Visit Olare Motorogi Conservancy: Month-by-Month Guide,Destination Tips,Planning,best-time,,https://divulgeadventures.com/destinations/kenya-safari/,todo,
KE-242,Kenya,P2,43,best time to visit ruma,Best Time to Visit Ruma: Month-by-Month Guide,Destination Tips,Planning,best-time,,https://divulgeadventures.com/destinations/kenya-safari/,todo,
KE-243,Kenya,P2,43,best time to visit shaba,Best Time to Visit Shaba: Month-by-Month Guide,Destination Tips,Planning,best-time,,https://divulgeadventures.com/destinations/kenya-safari/,todo,
KE-244,Kenya,P2,43,best time to visit shimba hills,Best Time to Visit Shimba Hills: Month-by-Month Guide,Destination Tips,Planning,best-time,,https://divulgeadventures.com/destinations/kenya-safari/,todo,
KE-245,Kenya,P2,43,best time to visit sibiloi,Best Time to Visit Sibiloi: Month-by-Month Guide,Destination Tips,Planning,best-time,,https://divulgeadventures.com/destinations/kenya-safari/,todo,
KE-246,Kenya,P2,43,best time to visit watamu marine park,Best Time to Visit Watamu Marine Park: Month-by-Month Guide,Destination Tips,Planning,best-time,,https://divulgeadventures.com/destinations/kenya-safari/,todo,
KE-247,Kenya,P2,42,great migration kenya dates,Great Migration Kenya Dates: Complete Guide,Great Migration & River Crossing,Planning,migration,,https://divulgeadventures.com/destinations/kenya-safari/,todo,
KE-248,Kenya,P2,41,kenya and rwanda gorilla safari,Kenya and Rwanda Gorilla Safari: How to Combine Them in One Trip,Safari Planning Tips,Booking,combo,,https://divulgeadventures.com/destinations/kenya-safari/,todo,
KE-249,Kenya,P2,41,kenya vs south africa safari,Kenya vs South Africa Safari: Which Is Better for Your Trip?,Destination Tips,Planning,comparison,,https://divulgeadventures.com/destinations/kenya-safari/,todo,
KE-250,Kenya,P2,41,where to stay in aberdares,Where to Stay in Aberdares: Best Lodges and Camps by Budget,Accommodation Guide,Booking,where-to-stay,,https://divulgeadventures.com/destinations/kenya-safari/,todo,
KE-251,Kenya,P2,41,where to stay in lewa,Where to Stay in Lewa: Best Lodges and Camps by Budget,Accommodation Guide,Booking,where-to-stay,,https://divulgeadventures.com/destinations/kenya-safari/,todo,
KE-252,Kenya,P2,39,aberdares day trip from nairobi,"Aberdares Day Trip from Nairobi: Timings, Costs and Tips",Safari Themes,Booking,day-trip,,https://divulgeadventures.com/destinations/kenya-safari/,todo,
KE-253,Kenya,P2,39,end of year party venues nairobi,"End of Year Party Venues Nairobi: Venues, Activities and Costs",Team Building,Booking,team,,https://divulgeadventures.com/destinations/kenya-safari/,todo,
KE-254,Kenya,P2,39,magical kenya etickets park fees,Magical Kenya Etickets Park Fees: A Practical Guide for Travellers,Safari Planning Tips,Planning,practical,,https://divulgeadventures.com/destinations/kenya-safari/,todo,
KE-255,Kenya,P2,39,team building ideas for small teams nairobi,"Team Building Ideas for Small Teams Nairobi: Venues, Activities and Costs",Team Building,Booking,team,,https://divulgeadventures.com/destinations/kenya-safari/,todo,
KE-256,Kenya,P2,38,aberdare national park,"Aberdare National Park Guide: Wildlife, Best Time, Fees and Where to Stay",Destination Tips,Research,guide,,https://divulgeadventures.com/destinations/kenya-safari/,todo,
KE-257,Kenya,P2,38,buffalo springs national reserve,"Buffalo Springs National Reserve Guide: Wildlife, Best Time, Fees and Where to Stay",Destination Tips,Research,guide,,https://divulgeadventures.com/destinations/kenya-safari/,todo,
KE-258,Kenya,P2,38,chyulu hills national park,"Chyulu Hills National Park Guide: Wildlife, Best Time, Fees and Where to Stay",Destination Tips,Research,guide,,https://divulgeadventures.com/destinations/kenya-safari/,todo,
KE-259,Kenya,P2,38,kenya and zanzibar holiday,Kenya and Zanzibar Holiday: How to Combine Them in One Trip,Safari Planning Tips,Booking,combo,,https://divulgeadventures.com/destinations/kenya-safari/,todo,
KE-260,Kenya,P2,38,kenya vs botswana safari,Kenya vs Botswana Safari: Which Is Better for Your Trip?,Destination Tips,Planning,comparison,,https://divulgeadventures.com/destinations/kenya-safari/,todo,
KE-261,Kenya,P2,38,kenya vs rwanda,Kenya vs Rwanda: Which Is Better for Your Trip?,Destination Tips,Planning,comparison,,https://divulgeadventures.com/destinations/kenya-safari/,todo,
KE-262,Kenya,P2,38,kenya vs uganda safari,Kenya vs Uganda Safari: Which Is Better for Your Trip?,Destination Tips,Planning,comparison,,https://divulgeadventures.com/destinations/kenya-safari/,todo,
KE-263,Kenya,P2,38,kisite mpunguti marine park,"Kisite Mpunguti Marine Park Guide: Wildlife, Best Time, Fees and Where to Stay",Destination Tips,Research,guide,,https://divulgeadventures.com/destinations/kenya-safari/,todo,
KE-264,Kenya,P2,38,lake baringo,Lake Baringo: The Complete Visitor Guide,Destination Tips,Research,guide,,https://divulgeadventures.com/destinations/kenya-safari/,todo,
KE-265,Kenya,P2,38,lewa wildlife conservancy,"Lewa Wildlife Conservancy Guide: Wildlife, Best Time, Fees and Where to Stay",Destination Tips,Research,guide,,https://divulgeadventures.com/destinations/kenya-safari/,todo,
KE-266,Kenya,P2,38,mount kenya climb cost,Mount Kenya Climb Cost: Prices and What's Included,Safari Planning Tips,Research,experience,,https://divulgeadventures.com/destinations/kenya-safari/,todo,
KE-267,Kenya,P2,38,ruma national park,"Ruma National Park Guide: Wildlife, Best Time, Fees and Where to Stay",Destination Tips,Research,guide,,https://divulgeadventures.com/destinations/kenya-safari/,todo,
KE-268,Kenya,P2,38,shaba national reserve,"Shaba National Reserve Guide: Wildlife, Best Time, Fees and Where to Stay",Destination Tips,Research,guide,,https://divulgeadventures.com/destinations/kenya-safari/,todo,
KE-269,Kenya,P2,38,shimba hills national reserve,"Shimba Hills National Reserve Guide: Wildlife, Best Time, Fees and Where to Stay",Destination Tips,Research,guide,,https://divulgeadventures.com/destinations/kenya-safari/,todo,
KE-270,Kenya,P2,38,sibiloi national park,"Sibiloi National Park Guide: Wildlife, Best Time, Fees and Where to Stay",Destination Tips,Research,guide,,https://divulgeadventures.com/destinations/kenya-safari/,todo,
KE-271,Kenya,P2,38,watamu marine national park,"Watamu Marine National Park Guide: Wildlife, Best Time, Fees and Where to Stay",Destination Tips,Research,guide,,https://divulgeadventures.com/destinations/kenya-safari/,todo,
KE-272,Kenya,P3,38,kenya and mauritius holiday,Kenya and Mauritius Holiday: How to Combine Them in One Trip,Safari Planning Tips,Booking,combo,,https://divulgeadventures.com/destinations/kenya-safari/,todo,
KE-273,Kenya,P3,38,kenya and seychelles holiday,Kenya and Seychelles Holiday: How to Combine Them in One Trip,Safari Planning Tips,Booking,combo,,https://divulgeadventures.com/destinations/kenya-safari/,todo,
KE-274,Kenya,P3,38,kenya and uganda safari,Kenya and Uganda Safari: How to Combine Them in One Trip,Safari Planning Tips,Booking,combo,,https://divulgeadventures.com/destinations/kenya-safari/,todo,
KE-275,Kenya,P3,37,things to do in aberdares,Things to Do in Aberdares: Top Experiences,Destination Tips,Research,things-to-do,,https://divulgeadventures.com/destinations/kenya-safari/,todo,
KE-276,Kenya,P3,37,things to do in lewa,Things to Do in Lewa: Top Experiences,Destination Tips,Research,things-to-do,,https://divulgeadventures.com/destinations/kenya-safari/,todo,
KE-277,Kenya,P3,36,corporate safari packages kenya,"Corporate Safari Packages Kenya: Venues, Activities and Costs",Team Building,Booking,team,,https://divulgeadventures.com/destinations/kenya-safari/,todo,
KE-278,Kenya,P3,36,kenya conservancy fees,Kenya Conservancy Fees: A Practical Guide for Travellers,Safari Planning Tips,Planning,practical,,https://divulgeadventures.com/destinations/kenya-safari/,todo,
KE-279,Kenya,P3,36,kenya park fees,Kenya Park Fees: A Practical Guide for Travellers,Safari Planning Tips,Planning,practical,,https://divulgeadventures.com/destinations/kenya-safari/,todo,
KE-280,Kenya,P3,36,team building in limuru,"Team Building in Limuru: Venues, Activities and Costs",Team Building,Booking,team,,https://divulgeadventures.com/destinations/kenya-safari/,todo,
KE-281,Kenya,P3,36,team building in machakos,"Team Building in Machakos: Venues, Activities and Costs",Team Building,Booking,team,,https://divulgeadventures.com/destinations/kenya-safari/,todo,
KE-282,Kenya,P3,36,team building in nanyuki,"Team Building in Nanyuki: Venues, Activities and Costs",Team Building,Booking,team,,https://divulgeadventures.com/destinations/kenya-safari/,todo,
KE-283,Kenya,P3,35,best time to climb mount kenya,Best Time to Climb Mount Kenya: Our Top Picks,Destination Tips,Research,experience,,https://divulgeadventures.com/destinations/kenya-safari/,todo,
KE-284,Kenya,P3,35,boat ride on lake baringo,"Boat Ride on Lake Baringo: Routes, Timings and Tips",Safari Themes,Research,experience,,https://divulgeadventures.com/destinations/kenya-safari/,todo,
KE-285,Kenya,P3,35,how to get to buffalo springs from nairobi,"How to Get to Buffalo Springs from Nairobi: Road, Flight and Transfer Options",Safari Planning Tips,Planning,access,,https://divulgeadventures.com/destinations/kenya-safari/,todo,
KE-286,Kenya,P3,35,how to get to chyulu hills from nairobi,"How to Get to Chyulu Hills from Nairobi: Road, Flight and Transfer Options",Safari Planning Tips,Planning,access,,https://divulgeadventures.com/destinations/kenya-safari/,todo,
KE-287,Kenya,P3,35,how to get to kakamega forest from kisumu,"How to Get to Kakamega Forest from Kisumu: Road, Flight and Transfer Options",Safari Planning Tips,Planning,access,,https://divulgeadventures.com/destinations/kenya-safari/,todo,
KE-288,Kenya,P3,35,how to get to lake baringo from nairobi,"How to Get to Lake Baringo from Nairobi: Road, Flight and Transfer Options",Safari Planning Tips,Planning,access,,https://divulgeadventures.com/destinations/kenya-safari/,todo,
KE-289,Kenya,P3,35,how to get to lake bogoria from nairobi,"How to Get to Lake Bogoria from Nairobi: Road, Flight and Transfer Options",Safari Planning Tips,Planning,access,,https://divulgeadventures.com/destinations/kenya-safari/,todo,
KE-290,Kenya,P3,35,how to get to lewa from nairobi,"How to Get to Lewa from Nairobi: Road, Flight and Transfer Options",Safari Planning Tips,Planning,access,,https://divulgeadventures.com/destinations/kenya-safari/,todo,
KE-291,Kenya,P3,35,how to get to olare motorogi conservancy from nairobi,"How to Get to Olare Motorogi Conservancy from Nairobi: Road, Flight and Transfer Options",Safari Planning Tips,Planning,access,,https://divulgeadventures.com/destinations/kenya-safari/,todo,
KE-292,Kenya,P3,35,how to get to ruma from kisumu,"How to Get to Ruma from Kisumu: Road, Flight and Transfer Options",Safari Planning Tips,Planning,access,,https://divulgeadventures.com/destinations/kenya-safari/,todo,
KE-293,Kenya,P3,35,how to get to shaba from nairobi,"How to Get to Shaba from Nairobi: Road, Flight and Transfer Options",Safari Planning Tips,Planning,access,,https://divulgeadventures.com/destinations/kenya-safari/,todo,
KE-294,Kenya,P3,35,how to get to sibiloi from nairobi,"How to Get to Sibiloi from Nairobi: Road, Flight and Transfer Options",Safari Planning Tips,Planning,access,,https://divulgeadventures.com/destinations/kenya-safari/,todo,
KE-295,Kenya,P3,35,how to get to watamu marine park from malindi,"How to Get to Watamu Marine Park from Malindi: Road, Flight and Transfer Options",Safari Planning Tips,Planning,access,,https://divulgeadventures.com/destinations/kenya-safari/,todo,
KE-296,Kenya,P3,35,kenya road safari vs fly in,Kenya Road Safari vs Fly in: Which Is Better for Your Trip?,Safari Planning Tips,Research,experience,,https://divulgeadventures.com/destinations/kenya-safari/,todo,
KE-297,Kenya,P3,35,mount kenya naro moru route,Mount Kenya Naro Moru Route: What to Know Before You Go,Destination Tips,Research,experience,,https://divulgeadventures.com/destinations/kenya-safari/,todo,
KE-298,Kenya,P3,35,safari land cruiser vs minivan,Safari Land Cruiser vs Minivan: Which Is Better for Your Trip?,Safari Planning Tips,Research,experience,,https://divulgeadventures.com/destinations/kenya-safari/,todo,
KE-299,Kenya,P3,35,where to see big cats in kenya,Where to See Big Cats in Kenya: Best Parks and Months,Safari Themes,Research,wildlife,,https://divulgeadventures.com/destinations/kenya-safari/,todo,
KE-300,Kenya,P3,35,where to see bongo antelope in kenya,Where to See Bongo Antelope in Kenya: Best Parks and Months,Safari Themes,Research,wildlife,,https://divulgeadventures.com/destinations/kenya-safari/,todo,
KE-301,Kenya,P3,35,where to see cheetahs in kenya,Where to See Cheetahs in Kenya: Best Parks and Months,Safari Themes,Research,wildlife,,https://divulgeadventures.com/destinations/kenya-safari/,todo,
KE-302,Kenya,P3,35,where to see crocodiles in kenya,Where to See Crocodiles in Kenya: Best Parks and Months,Safari Themes,Research,wildlife,,https://divulgeadventures.com/destinations/kenya-safari/,todo,
KE-303,Kenya,P3,35,where to see elephants in kenya,Where to See Elephants in Kenya: Best Parks and Months,Safari Themes,Research,wildlife,,https://divulgeadventures.com/destinations/kenya-safari/,todo,
KE-304,Kenya,P3,35,where to see flamingos in kenya,Where to See Flamingos in Kenya: Best Parks and Months,Safari Themes,Research,wildlife,,https://divulgeadventures.com/destinations/kenya-safari/,todo,
KE-305,Kenya,P3,35,where to see gerenuk in kenya,Where to See Gerenuk in Kenya: Best Parks and Months,Safari Themes,Research,wildlife,,https://divulgeadventures.com/destinations/kenya-safari/,todo,
KE-306,Kenya,P3,35,where to see grevys zebra in kenya,Where to See Grevy's Zebra in Kenya: Best Parks and Months,Safari Themes,Research,wildlife,,https://divulgeadventures.com/destinations/kenya-safari/,todo,
KE-307,Kenya,P3,35,where to see hippos in kenya,Where to See Hippos in Kenya: Best Parks and Months,Safari Themes,Research,wildlife,,https://divulgeadventures.com/destinations/kenya-safari/,todo,
KE-308,Kenya,P3,35,where to see lions in kenya,Where to See Lions in Kenya: Best Parks and Months,Safari Themes,Research,wildlife,,https://divulgeadventures.com/destinations/kenya-safari/,todo,
KE-309,Kenya,P3,35,where to see reticulated giraffe in kenya,Where to See Reticulated Giraffe in Kenya: Best Parks and Months,Safari Themes,Research,wildlife,,https://divulgeadventures.com/destinations/kenya-safari/,todo,
KE-310,Kenya,P3,35,where to see rothschild giraffe in kenya,Where to See Rothschild Giraffe in Kenya: Best Parks and Months,Safari Themes,Research,wildlife,,https://divulgeadventures.com/destinations/kenya-safari/,todo,
KE-311,Kenya,P3,35,where to see sitatunga in kenya,Where to See Sitatunga in Kenya: Best Parks and Months,Safari Themes,Research,wildlife,,https://divulgeadventures.com/destinations/kenya-safari/,todo,
KE-312,Kenya,P3,35,where to see wild dogs in kenya,Where to See Wild Dogs in Kenya: Best Parks and Months,Safari Themes,Research,wildlife,,https://divulgeadventures.com/destinations/kenya-safari/,todo,
KE-313,Kenya,P3,34,ashnil aruba lodge,"Ashnil Aruba Lodge: Rooms, Location and What to Expect",Accommodation Guide,Booking,lodge,,https://divulgeadventures.com/destinations/kenya-safari/,todo,"Describe from the property's official website only. If it cannot be verified as currently operating, mark this row skip."
KE-314,Kenya,P3,34,emakoko,"Emakoko: Rooms, Location and What to Expect",Accommodation Guide,Booking,lodge,,https://divulgeadventures.com/destinations/kenya-safari/,todo,"Describe from the property's official website only. If it cannot be verified as currently operating, mark this row skip."
KE-315,Kenya,P3,34,enashipai resort,"Enashipai Resort: Rooms, Location and What to Expect",Accommodation Guide,Booking,lodge,,https://divulgeadventures.com/destinations/kenya-safari/,todo,"Describe from the property's official website only. If it cannot be verified as currently operating, mark this row skip."
KE-316,Kenya,P3,34,finch hattons camp,"Finch Hattons Camp: Rooms, Location and What to Expect",Accommodation Guide,Booking,lodge,,https://divulgeadventures.com/destinations/kenya-safari/,todo,"Describe from the property's official website only. If it cannot be verified as currently operating, mark this row skip."
KE-317,Kenya,P3,34,giraffe manor,"Giraffe Manor: Rooms, Location and What to Expect",Accommodation Guide,Booking,lodge,,https://divulgeadventures.com/destinations/kenya-safari/,todo,"Describe from the property's official website only. If it cannot be verified as currently operating, mark this row skip."
KE-318,Kenya,P3,34,keekorok lodge,"Keekorok Lodge: Rooms, Location and What to Expect",Accommodation Guide,Booking,lodge,,https://divulgeadventures.com/destinations/kenya-safari/,todo,"Describe from the property's official website only. If it cannot be verified as currently operating, mark this row skip."
KE-319,Kenya,P3,34,kibo safari camp,"Kibo Safari Camp: Rooms, Location and What to Expect",Accommodation Guide,Booking,lodge,,https://divulgeadventures.com/destinations/kenya-safari/,todo,"Describe from the property's official website only. If it cannot be verified as currently operating, mark this row skip."
KE-320,Kenya,P3,34,kichwa tembo camp,"Kichwa Tembo Camp: Rooms, Location and What to Expect",Accommodation Guide,Booking,lodge,,https://divulgeadventures.com/destinations/kenya-safari/,todo,"Describe from the property's official website only. If it cannot be verified as currently operating, mark this row skip."
KE-321,Kenya,P3,34,kilaguni serena safari lodge,"Kilaguni Serena Safari Lodge: Rooms, Location and What to Expect",Accommodation Guide,Booking,lodge,,https://divulgeadventures.com/destinations/kenya-safari/,todo,"Describe from the property's official website only. If it cannot be verified as currently operating, mark this row skip."
KE-322,Kenya,P3,34,lewa safari camp,"Lewa Safari Camp: Rooms, Location and What to Expect",Accommodation Guide,Booking,lodge,,https://divulgeadventures.com/destinations/kenya-safari/,todo,"Describe from the property's official website only. If it cannot be verified as currently operating, mark this row skip."
KE-323,Kenya,P3,34,mahali mzuri,"Mahali Mzuri: Rooms, Location and What to Expect",Accommodation Guide,Booking,lodge,,https://divulgeadventures.com/destinations/kenya-safari/,todo,"Describe from the property's official website only. If it cannot be verified as currently operating, mark this row skip."
KE-324,Kenya,P3,34,ol tukai lodge,"Ol Tukai Lodge: Rooms, Location and What to Expect",Accommodation Guide,Booking,lodge,,https://divulgeadventures.com/destinations/kenya-safari/,todo,"Describe from the property's official website only. If it cannot be verified as currently operating, mark this row skip."
KE-325,Kenya,P3,34,ololo safari lodge,"Ololo Safari Lodge: Rooms, Location and What to Expect",Accommodation Guide,Booking,lodge,,https://divulgeadventures.com/destinations/kenya-safari/,todo,"Describe from the property's official website only. If it cannot be verified as currently operating, mark this row skip."
KE-326,Kenya,P3,34,sarova lion hill lodge,"Sarova Lion Hill Lodge: Rooms, Location and What to Expect",Accommodation Guide,Booking,lodge,,https://divulgeadventures.com/destinations/kenya-safari/,todo,"Describe from the property's official website only. If it cannot be verified as currently operating, mark this row skip."
KE-327,Kenya,P3,34,sarova shaba game lodge,"Sarova Shaba Game Lodge: Rooms, Location and What to Expect",Accommodation Guide,Booking,lodge,,https://divulgeadventures.com/destinations/kenya-safari/,todo,"Describe from the property's official website only. If it cannot be verified as currently operating, mark this row skip."
KE-328,Kenya,P3,34,satao camp,"Satao Camp: Rooms, Location and What to Expect",Accommodation Guide,Booking,lodge,,https://divulgeadventures.com/destinations/kenya-safari/,todo,"Describe from the property's official website only. If it cannot be verified as currently operating, mark this row skip."
KE-329,Kenya,P3,34,severin safari camp,"Severin Safari Camp: Rooms, Location and What to Expect",Accommodation Guide,Booking,lodge,,https://divulgeadventures.com/destinations/kenya-safari/,todo,"Describe from the property's official website only. If it cannot be verified as currently operating, mark this row skip."
KE-330,Kenya,P3,34,tawi lodge,"Tawi Lodge: Rooms, Location and What to Expect",Accommodation Guide,Booking,lodge,,https://divulgeadventures.com/destinations/kenya-safari/,todo,"Describe from the property's official website only. If it cannot be verified as currently operating, mark this row skip."
KE-331,Kenya,P3,34,voi wildlife lodge,"Voi Wildlife Lodge: Rooms, Location and What to Expect",Accommodation Guide,Booking,lodge,,https://divulgeadventures.com/destinations/kenya-safari/,todo,"Describe from the property's official website only. If it cannot be verified as currently operating, mark this row skip."
KE-332,Kenya,P3,33,drone rules in kenya parks,Drone Rules in Kenya Parks: A Practical Guide for Travellers,Safari Planning Tips,Planning,practical,,https://divulgeadventures.com/destinations/kenya-safari/,todo,
KE-333,Kenya,P3,33,is nairobi safe for tourists,Is Nairobi Safe for Tourists: A Practical Guide for Travellers,Safari Planning Tips,Planning,practical,,https://divulgeadventures.com/destinations/kenya-safari/,todo,
KE-334,Kenya,P3,33,jkia to wilson airport transfer,JKIA to Wilson Airport Transfer: A Practical Guide for Travellers,Safari Planning Tips,Planning,practical,,https://divulgeadventures.com/destinations/kenya-safari/,todo,
KE-335,Kenya,P3,33,kenya domestic flights for safari,Kenya Domestic Flights for Safari: A Practical Guide for Travellers,Safari Planning Tips,Planning,practical,,https://divulgeadventures.com/destinations/kenya-safari/,todo,
KE-336,Kenya,P3,33,kenya plastic bag ban travellers,Kenya Plastic Bag Ban Travellers: A Practical Guide for Travellers,Safari Planning Tips,Planning,practical,,https://divulgeadventures.com/destinations/kenya-safari/,todo,
KE-337,Kenya,P3,33,kenya sim card for tourists,Kenya SIM Card for Tourists: A Practical Guide for Travellers,Safari Planning Tips,Planning,practical,,https://divulgeadventures.com/destinations/kenya-safari/,todo,
KE-338,Kenya,P3,33,kenya travel advice for tourists,Kenya Travel Advice for Tourists: A Practical Guide for Travellers,Safari Planning Tips,Planning,practical,,https://divulgeadventures.com/destinations/kenya-safari/,todo,
KE-339,Kenya,P3,33,money in kenya for safari,Money in Kenya for Safari: A Practical Guide for Travellers,Safari Planning Tips,Planning,practical,,https://divulgeadventures.com/destinations/kenya-safari/,todo,
KE-340,Kenya,P3,33,where to stay in nairobi before safari,Where to Stay in Nairobi Before Safari: A Practical Guide for Travellers,Safari Planning Tips,Planning,practical,,https://divulgeadventures.com/destinations/kenya-safari/,todo,
KE-341,Kenya,P3,32,bird migration in kenya,Bird Migration in Kenya: What to Know Before You Go,Safari Themes,Research,experience,,https://divulgeadventures.com/destinations/kenya-safari/,todo,
KE-342,Kenya,P3,32,bomas of kenya,Bomas of Kenya: What to Know Before You Go,Destination Tips,Research,experience,,https://divulgeadventures.com/destinations/kenya-safari/,todo,
KE-343,Kenya,P3,32,christmas safari kenya,Christmas Safari Kenya: What to Know Before You Go,Safari Themes,Research,experience,,https://divulgeadventures.com/destinations/kenya-safari/,todo,
KE-344,Kenya,P3,32,dolphin watching in kisite,Dolphin Watching in Kisite: What to Know Before You Go,Safari Themes,Research,experience,,https://divulgeadventures.com/destinations/kenya-safari/,todo,
KE-345,Kenya,P3,32,easter safari kenya,Easter Safari Kenya: What to Know Before You Go,Safari Themes,Research,experience,,https://divulgeadventures.com/destinations/kenya-safari/,todo,
KE-346,Kenya,P3,32,fly camping kenya,Fly Camping Kenya: What to Know Before You Go,Safari Themes,Research,experience,,https://divulgeadventures.com/destinations/kenya-safari/,todo,
KE-347,Kenya,P3,32,giraffe centre nairobi,Giraffe Centre Nairobi: What to Know Before You Go,Safari Themes,Research,experience,,https://divulgeadventures.com/destinations/kenya-safari/,todo,
KE-348,Kenya,P3,32,helicopter safari kenya,Helicopter Safari Kenya: What to Know Before You Go,Safari Themes,Research,experience,,https://divulgeadventures.com/destinations/kenya-safari/,todo,
KE-349,Kenya,P3,32,horseback safari kenya,Horseback Safari Kenya: What to Know Before You Go,Safari Themes,Research,experience,,https://divulgeadventures.com/destinations/kenya-safari/,todo,
KE-350,Kenya,P3,32,karen blixen museum,Karen Blixen Museum: What to Know Before You Go,Destination Tips,Research,experience,,https://divulgeadventures.com/destinations/kenya-safari/,todo,
KE-351,Kenya,P3,32,kenya fly in safari,Kenya Fly in Safari: What to Know Before You Go,Safari Planning Tips,Research,experience,,https://divulgeadventures.com/destinations/kenya-safari/,todo,
KE-352,Kenya,P3,32,kenya group joining safari,Kenya Group Joining Safari: What to Know Before You Go,Safari Planning Tips,Research,experience,,https://divulgeadventures.com/destinations/kenya-safari/,todo,
KE-353,Kenya,P3,32,lake turkana expedition,Lake Turkana Expedition: What to Know Before You Go,Destination Tips,Research,experience,,https://divulgeadventures.com/destinations/kenya-safari/,todo,
KE-354,Kenya,P3,32,lamu island guide,Lamu Island Guide: What to Know Before You Go,Destination Tips,Research,experience,,https://divulgeadventures.com/destinations/kenya-safari/,todo,
KE-355,Kenya,P3,32,malindi beach holiday,Malindi Beach Holiday: What to Know Before You Go,Destination Tips,Research,experience,,https://divulgeadventures.com/destinations/kenya-safari/,todo,
KE-356,Kenya,P3,32,mount kenya chogoria route,Mount Kenya Chogoria Route: What to Know Before You Go,Destination Tips,Research,experience,,https://divulgeadventures.com/destinations/kenya-safari/,todo,
KE-357,Kenya,P3,32,mount kenya sirimon route,Mount Kenya Sirimon Route: What to Know Before You Go,Destination Tips,Research,experience,,https://divulgeadventures.com/destinations/kenya-safari/,todo,
KE-358,Kenya,P3,32,multi generational safari kenya,Multi Generational Safari Kenya: What to Know Before You Go,Safari Themes,Research,experience,,https://divulgeadventures.com/destinations/kenya-safari/,todo,
KE-359,Kenya,P3,32,nairobi city tour,Nairobi City Tour: What to Know Before You Go,Destination Tips,Research,experience,,https://divulgeadventures.com/destinations/kenya-safari/,todo,
KE-360,Kenya,P3,32,point lenana trek,Point Lenana Trek: What to Know Before You Go,Destination Tips,Research,experience,,https://divulgeadventures.com/destinations/kenya-safari/,todo,
KE-361,Kenya,P3,32,safari from mombasa,Safari from Mombasa: What to Know Before You Go,Safari Planning Tips,Research,experience,,https://divulgeadventures.com/destinations/kenya-safari/,todo,
KE-362,Kenya,P3,32,sheldrick elephant orphanage visit,Sheldrick Elephant Orphanage Visit: What to Know Before You Go,Safari Themes,Research,experience,,https://divulgeadventures.com/destinations/kenya-safari/,todo,
KE-363,Kenya,P3,32,snorkelling in watamu,Snorkelling in Watamu: What to Know Before You Go,Safari Themes,Research,experience,,https://divulgeadventures.com/destinations/kenya-safari/,todo,
KE-364,Kenya,P3,32,solo travel safari kenya,Solo Travel Safari Kenya: What to Know Before You Go,Safari Themes,Research,experience,,https://divulgeadventures.com/destinations/kenya-safari/,todo,
KE-365,Kenya,P3,32,vegetarian food on safari,Vegetarian Food on Safari: What to Know Before You Go,Safari Planning Tips,Research,experience,,https://divulgeadventures.com/destinations/kenya-safari/,todo,
KE-366,Kenya,P3,32,watamu beach holiday,Watamu Beach Holiday: What to Know Before You Go,Destination Tips,Research,experience,,https://divulgeadventures.com/destinations/kenya-safari/,todo,
KE-367,Kenya,P3,32,wheelchair accessible safari kenya,Wheelchair Accessible Safari Kenya: What to Know Before You Go,Safari Themes,Research,experience,,https://divulgeadventures.com/destinations/kenya-safari/,todo,
KE-368,Kenya,P3,30,kenya high season safari,Kenya High Season Safari: A Practical Guide for Travellers,Safari Planning Tips,Planning,practical,,https://divulgeadventures.com/destinations/kenya-safari/,todo,
KE-369,Kenya,P3,30,kenya low season safari,Kenya Low Season Safari: A Practical Guide for Travellers,Safari Planning Tips,Planning,practical,,https://divulgeadventures.com/destinations/kenya-safari/,todo,
KE-370,Kenya,P3,30,kenya power plugs,Kenya Power Plugs: A Practical Guide for Travellers,Safari Planning Tips,Planning,practical,,https://divulgeadventures.com/destinations/kenya-safari/,todo,
KE-371,Kenya,P3,30,kenya rainy season safari,Kenya Rainy Season Safari: A Practical Guide for Travellers,Safari Planning Tips,Planning,practical,,https://divulgeadventures.com/destinations/kenya-safari/,todo,
KE-372,Kenya,P3,30,safari etiquette,Safari Etiquette: A Practical Guide for Travellers,Safari Planning Tips,Planning,practical,,https://divulgeadventures.com/destinations/kenya-safari/,todo,
KE-373,Kenya,P3,30,wilson airport guide,Wilson Airport Guide: A Practical Guide for Travellers,Safari Planning Tips,Planning,practical,,https://divulgeadventures.com/destinations/kenya-safari/,todo,
TZ-001,Tanzania,P1,95,northern circuit tanzania safari itinerary,Northern Circuit Tanzania Safari Itinerary,Safari Planning Tips,Booking,pillar,,https://divulgeadventures.com/destinations/tanzania-safari/,done 2026-10-09 https://divulgeadventures.com/tanzania-northern-circuit-itinerary/,Core topic from the original plan: written before other topics of the same destination.
TZ-002,Tanzania,P1,85,best ngorongoro crater lodges,Best Ngorongoro Crater Lodges,Accommodation Guide,Planning,core,,https://divulgeadventures.com/destinations/tanzania-safari/,todo,Core topic from the original plan: written before other topics of the same destination.
TZ-003,Tanzania,P1,85,best serengeti camps,Best Serengeti Camps,Accommodation Guide,Planning,core,,https://divulgeadventures.com/destinations/tanzania-safari/,todo,Core topic from the original plan: written before other topics of the same destination.
TZ-004,Tanzania,P1,85,best time to climb kilimanjaro,Best Time to Climb Kilimanjaro,Destination Tips,Planning,core,,https://divulgeadventures.com/destinations/tanzania-safari/,todo,Core topic from the original plan: written before other topics of the same destination.
TZ-005,Tanzania,P1,85,kenya and tanzania combined safari,Kenya and Tanzania Combined Safari,Safari Planning Tips,Planning,core,,https://divulgeadventures.com/destinations/tanzania-safari/,todo,Core topic from the original plan: written before other topics of the same destination.
TZ-006,Tanzania,P1,85,kilimanjaro routes compared,Kilimanjaro Routes Compared,Destination Tips,Planning,core,,https://divulgeadventures.com/destinations/tanzania-safari/,todo,Core topic from the original plan: written before other topics of the same destination.
TZ-007,Tanzania,P1,85,serengeti calving season,Serengeti Calving Season,Great Migration & River Crossing,Planning,core,february,https://divulgeadventures.com/destinations/tanzania-safari/,todo,Core topic from the original plan: written before other topics of the same destination.
TZ-008,Tanzania,P1,85,serengeti safari cost,Serengeti Safari Cost,Safari Planning Tips,Planning,core,,https://divulgeadventures.com/destinations/tanzania-safari/,todo,Core topic from the original plan: written before other topics of the same destination.
TZ-009,Tanzania,P1,85,tanzania visa for safari,Tanzania Visa for Safari,Safari Planning Tips,Planning,core,,https://divulgeadventures.com/destinations/tanzania-safari/,todo,Core topic from the original plan: written before other topics of the same destination.
TZ-010,Tanzania,P1,66,ngorongoro crater safari cost,"Ngorongoro Crater Safari Cost: Park Fees, Lodges and Total Prices",Safari Planning Tips,Booking,cost,,https://divulgeadventures.com/destinations/tanzania-safari/,todo,Include the current entrance/park fees in this post (there is no separate fees post for this park).
TZ-011,Tanzania,P1,66,tarangire safari cost,"Tarangire Safari Cost: Park Fees, Lodges and Total Prices",Safari Planning Tips,Booking,cost,,https://divulgeadventures.com/destinations/tanzania-safari/,todo,Include the current entrance/park fees in this post (there is no separate fees post for this park).
TZ-012,Tanzania,P1,65,arusha national park entrance fees,Arusha National Park Entrance Fees: Current Rates and How to Pay,Safari Planning Tips,Booking,fees,,https://divulgeadventures.com/destinations/tanzania-safari/,todo,
TZ-013,Tanzania,P1,60,tanzania safari holidays,Tanzania Safari Holidays: Everything You Need to Plan Your Trip,Safari Planning Tips,Booking,pillar,,https://divulgeadventures.com/destinations/tanzania-safari/,todo,
TZ-014,Tanzania,P1,59,10 day tanzania safari itinerary,"10 Day Tanzania Safari Itinerary: Day-by-Day Route, Costs and Tips",Safari Planning Tips,Booking,itinerary,,https://divulgeadventures.com/destinations/tanzania-safari/,todo,
TZ-015,Tanzania,P1,59,12 day tanzania safari itinerary,"12 Day Tanzania Safari Itinerary: Day-by-Day Route, Costs and Tips",Safari Planning Tips,Booking,itinerary,,https://divulgeadventures.com/destinations/tanzania-safari/,todo,
TZ-016,Tanzania,P1,59,14 day tanzania safari itinerary,"14 Day Tanzania Safari Itinerary: Day-by-Day Route, Costs and Tips",Safari Planning Tips,Booking,itinerary,,https://divulgeadventures.com/destinations/tanzania-safari/,todo,
TZ-017,Tanzania,P1,59,3 day tanzania safari itinerary,"3 Day Tanzania Safari Itinerary: Day-by-Day Route, Costs and Tips",Safari Planning Tips,Booking,itinerary,,https://divulgeadventures.com/destinations/tanzania-safari/,todo,
TZ-018,Tanzania,P1,59,4 day tanzania safari itinerary,"4 Day Tanzania Safari Itinerary: Day-by-Day Route, Costs and Tips",Safari Planning Tips,Booking,itinerary,,https://divulgeadventures.com/destinations/tanzania-safari/,todo,
TZ-019,Tanzania,P1,59,5 day tanzania safari itinerary,"5 Day Tanzania Safari Itinerary: Day-by-Day Route, Costs and Tips",Safari Planning Tips,Booking,itinerary,,https://divulgeadventures.com/destinations/tanzania-safari/,todo,
TZ-020,Tanzania,P1,59,6 day tanzania safari itinerary,"6 Day Tanzania Safari Itinerary: Day-by-Day Route, Costs and Tips",Safari Planning Tips,Booking,itinerary,,https://divulgeadventures.com/destinations/tanzania-safari/,todo,
TZ-021,Tanzania,P1,59,7 day tanzania safari itinerary,"7 Day Tanzania Safari Itinerary: Day-by-Day Route, Costs and Tips",Safari Planning Tips,Booking,itinerary,,https://divulgeadventures.com/destinations/tanzania-safari/,todo,
TZ-022,Tanzania,P1,59,8 day tanzania safari itinerary,"8 Day Tanzania Safari Itinerary: Day-by-Day Route, Costs and Tips",Safari Planning Tips,Booking,itinerary,,https://divulgeadventures.com/destinations/tanzania-safari/,todo,
TZ-023,Tanzania,P1,59,9 day tanzania safari itinerary,"9 Day Tanzania Safari Itinerary: Day-by-Day Route, Costs and Tips",Safari Planning Tips,Booking,itinerary,,https://divulgeadventures.com/destinations/tanzania-safari/,todo,
TZ-024,Tanzania,P1,59,ngorongoro crater 3 day itinerary,Ngorongoro Crater 3-Day Itinerary: How to Spend Three Days,Safari Planning Tips,Booking,itinerary,,https://divulgeadventures.com/destinations/tanzania-safari/,todo,
TZ-025,Tanzania,P1,57,best time to visit arusha national park,Best Time to Visit Arusha National Park: Month-by-Month Guide,Destination Tips,Planning,best-time,,https://divulgeadventures.com/destinations/tanzania-safari/,todo,
TZ-026,Tanzania,P1,57,best time to visit ngorongoro crater,Best Time to Visit Ngorongoro Crater: Month-by-Month Guide,Destination Tips,Planning,best-time,,https://divulgeadventures.com/destinations/tanzania-safari/,todo,
TZ-027,Tanzania,P1,57,best time to visit serengeti,Best Time to Visit Serengeti: Month-by-Month Guide,Destination Tips,Planning,best-time,,https://divulgeadventures.com/destinations/tanzania-safari/,todo,
TZ-028,Tanzania,P1,57,best time to visit stone town,Best Time to Visit Stone Town: Month-by-Month Guide,Destination Tips,Planning,best-time,,https://divulgeadventures.com/destinations/tanzania-safari/,todo,
TZ-029,Tanzania,P1,57,best time to visit tarangire,Best Time to Visit Tarangire: Month-by-Month Guide,Destination Tips,Planning,best-time,,https://divulgeadventures.com/destinations/tanzania-safari/,todo,
TZ-030,Tanzania,P1,57,best time to visit zanzibar,Best Time to Visit Zanzibar: Month-by-Month Guide,Destination Tips,Planning,best-time,,https://divulgeadventures.com/destinations/tanzania-safari/,todo,
TZ-031,Tanzania,P1,56,grumeti river crossing,Grumeti River Crossing: Complete Guide,Great Migration & River Crossing,Planning,migration,,https://divulgeadventures.com/destinations/tanzania-safari/,todo,
TZ-032,Tanzania,P1,56,kogatende river crossing,Kogatende River Crossing: Complete Guide,Great Migration & River Crossing,Planning,migration,,https://divulgeadventures.com/destinations/tanzania-safari/,todo,
TZ-033,Tanzania,P1,56,mobile migration camps serengeti,Mobile Migration Camps Serengeti: Complete Guide,Great Migration & River Crossing,Planning,migration,,https://divulgeadventures.com/destinations/tanzania-safari/,todo,
TZ-034,Tanzania,P1,56,ndutu calving season,Ndutu Calving Season: Complete Guide,Great Migration & River Crossing,Planning,migration,,https://divulgeadventures.com/destinations/tanzania-safari/,todo,
TZ-035,Tanzania,P1,56,serengeti 3 day itinerary,Serengeti 3-Day Itinerary: How to Spend Three Days,Safari Planning Tips,Booking,itinerary,,https://divulgeadventures.com/destinations/tanzania-safari/,todo,
TZ-036,Tanzania,P1,56,tarangire 3 day itinerary,Tarangire 3-Day Itinerary: How to Spend Three Days,Safari Planning Tips,Booking,itinerary,,https://divulgeadventures.com/destinations/tanzania-safari/,todo,
TZ-037,Tanzania,P1,56,zanzibar 3 day itinerary,Zanzibar 3-Day Itinerary: How to Spend Three Days,Safari Planning Tips,Booking,itinerary,,https://divulgeadventures.com/destinations/tanzania-safari/,todo,
TZ-038,Tanzania,P1,55,ngorongoro crater vs serengeti for lions,Ngorongoro Crater vs Serengeti for Lions: Which Is Better for Your Trip?,Destination Tips,Planning,comparison,,https://divulgeadventures.com/destinations/tanzania-safari/,todo,
TZ-039,Tanzania,P1,55,northern vs southern tanzania safari,Northern vs Southern Tanzania Safari: Which Is Better for Your Trip?,Destination Tips,Planning,comparison,,https://divulgeadventures.com/destinations/tanzania-safari/,todo,
TZ-040,Tanzania,P1,55,where to stay in arusha national park,Where to Stay in Arusha National Park: Best Lodges and Camps by Budget,Accommodation Guide,Booking,where-to-stay,,https://divulgeadventures.com/destinations/tanzania-safari/,todo,
TZ-041,Tanzania,P1,55,where to stay in stone town,Where to Stay in Stone Town: Best Lodges and Camps by Budget,Accommodation Guide,Booking,where-to-stay,,https://divulgeadventures.com/destinations/tanzania-safari/,todo,
TZ-042,Tanzania,P1,55,where to stay in tarangire,Where to Stay in Tarangire: Best Lodges and Camps by Budget,Accommodation Guide,Booking,where-to-stay,,https://divulgeadventures.com/destinations/tanzania-safari/,todo,
TZ-043,Tanzania,P1,55,where to stay in zanzibar,Where to Stay in Zanzibar: Best Lodges and Camps by Budget,Accommodation Guide,Booking,where-to-stay,,https://divulgeadventures.com/destinations/tanzania-safari/,todo,
TZ-044,Tanzania,P1,54,arusha coffee lodge,"Arusha Coffee Lodge: Rooms, Location and What to Expect",Accommodation Guide,Booking,lodge,,https://divulgeadventures.com/destinations/tanzania-safari/,todo,"Describe from the property's official website only. If it cannot be verified as currently operating, mark this row skip."
TZ-045,Tanzania,P1,54,serengeti in april,Serengeti in April: Where the Wildlife Is and What to Expect,Great Migration & River Crossing,Planning,month,april,https://divulgeadventures.com/destinations/tanzania-safari/,todo,
TZ-046,Tanzania,P1,54,serengeti in august,Serengeti in August: Where the Wildlife Is and What to Expect,Great Migration & River Crossing,Planning,month,august,https://divulgeadventures.com/destinations/tanzania-safari/,todo,
TZ-047,Tanzania,P1,54,serengeti in december,Serengeti in December: Where the Wildlife Is and What to Expect,Great Migration & River Crossing,Planning,month,december,https://divulgeadventures.com/destinations/tanzania-safari/,todo,
TZ-048,Tanzania,P1,54,serengeti in february,Serengeti in February: Where the Wildlife Is and What to Expect,Great Migration & River Crossing,Planning,month,february,https://divulgeadventures.com/destinations/tanzania-safari/,todo,
TZ-049,Tanzania,P1,54,serengeti in january,Serengeti in January: Where the Wildlife Is and What to Expect,Great Migration & River Crossing,Planning,month,january,https://divulgeadventures.com/destinations/tanzania-safari/,todo,
TZ-050,Tanzania,P1,54,serengeti in july,Serengeti in July: Where the Wildlife Is and What to Expect,Great Migration & River Crossing,Planning,month,july,https://divulgeadventures.com/destinations/tanzania-safari/,todo,
TZ-051,Tanzania,P1,54,serengeti in june,Serengeti in June: Where the Wildlife Is and What to Expect,Great Migration & River Crossing,Planning,month,june,https://divulgeadventures.com/destinations/tanzania-safari/,todo,
TZ-052,Tanzania,P1,54,serengeti in march,Serengeti in March: Where the Wildlife Is and What to Expect,Great Migration & River Crossing,Planning,month,march,https://divulgeadventures.com/destinations/tanzania-safari/,todo,
TZ-053,Tanzania,P1,54,serengeti in may,Serengeti in May: Where the Wildlife Is and What to Expect,Great Migration & River Crossing,Planning,month,may,https://divulgeadventures.com/destinations/tanzania-safari/,todo,
TZ-054,Tanzania,P1,54,serengeti in november,Serengeti in November: Where the Wildlife Is and What to Expect,Great Migration & River Crossing,Planning,month,november,https://divulgeadventures.com/destinations/tanzania-safari/,todo,
TZ-055,Tanzania,P1,54,serengeti in october,Serengeti in October: Where the Wildlife Is and What to Expect,Great Migration & River Crossing,Planning,month,october,https://divulgeadventures.com/destinations/tanzania-safari/,todo,
TZ-056,Tanzania,P1,54,serengeti in september,Serengeti in September: Where the Wildlife Is and What to Expect,Great Migration & River Crossing,Planning,month,september,https://divulgeadventures.com/destinations/tanzania-safari/,todo,
TZ-057,Tanzania,P1,54,tanzania safari in april,"Tanzania Safari in April: Weather, Wildlife and What to Expect",Destination Tips,Planning,month,april,https://divulgeadventures.com/destinations/tanzania-safari/,todo,
TZ-058,Tanzania,P1,54,tanzania safari in august,"Tanzania Safari in August: Weather, Wildlife and What to Expect",Destination Tips,Planning,month,august,https://divulgeadventures.com/destinations/tanzania-safari/,todo,
TZ-059,Tanzania,P1,54,tanzania safari in december,"Tanzania Safari in December: Weather, Wildlife and What to Expect",Destination Tips,Planning,month,december,https://divulgeadventures.com/destinations/tanzania-safari/,todo,
TZ-060,Tanzania,P1,54,tanzania safari in february,"Tanzania Safari in February: Weather, Wildlife and What to Expect",Destination Tips,Planning,month,february,https://divulgeadventures.com/destinations/tanzania-safari/,todo,
TZ-061,Tanzania,P1,54,tanzania safari in january,"Tanzania Safari in January: Weather, Wildlife and What to Expect",Destination Tips,Planning,month,january,https://divulgeadventures.com/destinations/tanzania-safari/,todo,
TZ-062,Tanzania,P1,54,tanzania safari in july,"Tanzania Safari in July: Weather, Wildlife and What to Expect",Destination Tips,Planning,month,july,https://divulgeadventures.com/destinations/tanzania-safari/,todo,
TZ-063,Tanzania,P1,54,tanzania safari in june,"Tanzania Safari in June: Weather, Wildlife and What to Expect",Destination Tips,Planning,month,june,https://divulgeadventures.com/destinations/tanzania-safari/,todo,
TZ-064,Tanzania,P1,54,tanzania safari in march,"Tanzania Safari in March: Weather, Wildlife and What to Expect",Destination Tips,Planning,month,march,https://divulgeadventures.com/destinations/tanzania-safari/,todo,
TZ-065,Tanzania,P1,54,tanzania safari in may,"Tanzania Safari in May: Weather, Wildlife and What to Expect",Destination Tips,Planning,month,may,https://divulgeadventures.com/destinations/tanzania-safari/,todo,
TZ-066,Tanzania,P1,54,tanzania safari in november,"Tanzania Safari in November: Weather, Wildlife and What to Expect",Destination Tips,Planning,month,november,https://divulgeadventures.com/destinations/tanzania-safari/,todo,
TZ-067,Tanzania,P1,54,tanzania safari in october,"Tanzania Safari in October: Weather, Wildlife and What to Expect",Destination Tips,Planning,month,october,https://divulgeadventures.com/destinations/tanzania-safari/,todo,
TZ-068,Tanzania,P1,54,tanzania safari in september,"Tanzania Safari in September: Weather, Wildlife and What to Expect",Destination Tips,Planning,month,september,https://divulgeadventures.com/destinations/tanzania-safari/,todo,
TZ-069,Tanzania,P1,53,arusha national park day trip from arusha,"Arusha National Park Day Trip from Arusha: Timings, Costs and Tips",Safari Themes,Booking,day-trip,,https://divulgeadventures.com/destinations/tanzania-safari/,todo,
TZ-070,Tanzania,P1,53,lake manyara day trip from arusha,"Lake Manyara Day Trip from Arusha: Timings, Costs and Tips",Safari Themes,Booking,day-trip,,https://divulgeadventures.com/destinations/tanzania-safari/,todo,
TZ-071,Tanzania,P1,53,olduvai gorge day trip from arusha,"Olduvai Gorge Day Trip from Arusha: Timings, Costs and Tips",Safari Themes,Booking,day-trip,,https://divulgeadventures.com/destinations/tanzania-safari/,todo,
TZ-072,Tanzania,P1,53,tarangire day trip from arusha,"Tarangire Day Trip from Arusha: Timings, Costs and Tips",Safari Themes,Booking,day-trip,,https://divulgeadventures.com/destinations/tanzania-safari/,todo,
TZ-073,Tanzania,P1,52,arusha national park,"Arusha National Park Guide: Wildlife, Best Time, Fees and Where to Stay",Destination Tips,Research,guide,,https://divulgeadventures.com/destinations/tanzania-safari/,todo,
TZ-074,Tanzania,P1,52,arusha travel guide,"Arusha Travel Guide: Where to Stay, What to Do",Destination Tips,Research,guide,,https://divulgeadventures.com/destinations/tanzania-safari/,todo,
TZ-075,Tanzania,P1,52,central serengeti seronera,Central Serengeti Seronera: The Complete Visitor Guide,Destination Tips,Research,guide,,https://divulgeadventures.com/destinations/tanzania-safari/,todo,
TZ-076,Tanzania,P1,52,lake manyara safari cost,"Lake Manyara Safari Cost: Park Fees, Lodges and Total Prices",Safari Planning Tips,Booking,cost,,https://divulgeadventures.com/destinations/tanzania-safari/,todo,Include the current entrance/park fees in this post (there is no separate fees post for this park).
TZ-077,Tanzania,P1,52,ndutu,Ndutu: The Complete Visitor Guide,Destination Tips,Research,guide,,https://divulgeadventures.com/destinations/tanzania-safari/,todo,
TZ-078,Tanzania,P1,52,northern serengeti,Northern Serengeti: The Complete Visitor Guide,Destination Tips,Research,guide,,https://divulgeadventures.com/destinations/tanzania-safari/,todo,
TZ-079,Tanzania,P1,52,serengeti and zanzibar itinerary,Serengeti and Zanzibar Itinerary: How to Combine Them in One Trip,Safari Planning Tips,Booking,combo,,https://divulgeadventures.com/destinations/tanzania-safari/,todo,
TZ-080,Tanzania,P1,52,serengeti vs kruger,Serengeti vs Kruger: Which Is Better for Your Trip?,Destination Tips,Planning,comparison,,https://divulgeadventures.com/destinations/tanzania-safari/,todo,
TZ-081,Tanzania,P1,52,serengeti vs ngorongoro,Serengeti vs Ngorongoro: Which Is Better for Your Trip?,Destination Tips,Planning,comparison,,https://divulgeadventures.com/destinations/tanzania-safari/,todo,
TZ-082,Tanzania,P1,52,serengeti western corridor,Serengeti Western Corridor: The Complete Visitor Guide,Destination Tips,Research,guide,,https://divulgeadventures.com/destinations/tanzania-safari/,todo,
TZ-083,Tanzania,P1,52,stone town travel guide,"Stone Town Travel Guide: Where to Stay, What to Do",Destination Tips,Research,guide,,https://divulgeadventures.com/destinations/tanzania-safari/,todo,
TZ-084,Tanzania,P1,52,tanzania and zanzibar holiday,Tanzania and Zanzibar Holiday: How to Combine Them in One Trip,Safari Planning Tips,Booking,combo,,https://divulgeadventures.com/destinations/tanzania-safari/,todo,
TZ-085,Tanzania,P1,52,tarangire vs lake manyara,Tarangire vs Lake Manyara: Which Is Better for Your Trip?,Destination Tips,Planning,comparison,,https://divulgeadventures.com/destinations/tanzania-safari/,todo,
TZ-086,Tanzania,P1,52,zanzibar,Zanzibar: The Complete Visitor Guide,Destination Tips,Research,guide,,https://divulgeadventures.com/destinations/tanzania-safari/,todo,
TZ-087,Tanzania,P1,52,zanzibar and mafia island,Zanzibar and Mafia Island: How to Combine Them in One Trip,Safari Planning Tips,Booking,combo,,https://divulgeadventures.com/destinations/tanzania-safari/,todo,
TZ-088,Tanzania,P1,52,zanzibar vs mauritius,Zanzibar vs Mauritius: Which Is Better for Your Trip?,Destination Tips,Planning,comparison,,https://divulgeadventures.com/destinations/tanzania-safari/,todo,
TZ-089,Tanzania,P1,52,zanzibar vs seychelles,Zanzibar vs Seychelles: Which Is Better for Your Trip?,Destination Tips,Planning,comparison,,https://divulgeadventures.com/destinations/tanzania-safari/,todo,
TZ-090,Tanzania,P1,51,four seasons safari lodge serengeti,"Four Seasons Safari Lodge Serengeti: Rooms, Location and What to Expect",Accommodation Guide,Booking,lodge,,https://divulgeadventures.com/destinations/tanzania-safari/,todo,"Describe from the property's official website only. If it cannot be verified as currently operating, mark this row skip."
TZ-091,Tanzania,P1,51,tanzania safari from south africa,"Tanzania Safari from South Africa: Flights, Visas and Planning Tips",Safari Planning Tips,Booking,origin,,https://divulgeadventures.com/destinations/tanzania-safari/,todo,
TZ-092,Tanzania,P1,51,tanzania safari from sri lanka,"Tanzania Safari from Sri Lanka: Flights, Visas and Planning Tips",Safari Planning Tips,Booking,origin,,https://divulgeadventures.com/destinations/tanzania-safari/,todo,
TZ-093,Tanzania,P1,51,tanzania safari from the uae,"Tanzania Safari from the UAE: Flights, Visas and Planning Tips",Safari Planning Tips,Booking,origin,,https://divulgeadventures.com/destinations/tanzania-safari/,todo,
TZ-094,Tanzania,P1,51,tanzania safari from the uk,"Tanzania Safari from the UK: Flights, Visas and Planning Tips",Safari Planning Tips,Booking,origin,,https://divulgeadventures.com/destinations/tanzania-safari/,todo,
TZ-095,Tanzania,P1,51,tanzania safari from the usa,"Tanzania Safari from the USA: Flights, Visas and Planning Tips",Safari Planning Tips,Booking,origin,,https://divulgeadventures.com/destinations/tanzania-safari/,todo,
TZ-096,Tanzania,P1,51,things to do in arusha national park,Things to Do in Arusha National Park: Top Experiences,Destination Tips,Research,things-to-do,,https://divulgeadventures.com/destinations/tanzania-safari/,todo,
TZ-097,Tanzania,P1,51,things to do in ngorongoro crater,Things to Do in Ngorongoro Crater: Top Experiences,Destination Tips,Research,things-to-do,,https://divulgeadventures.com/destinations/tanzania-safari/,todo,
TZ-098,Tanzania,P1,51,things to do in serengeti,Things to Do in Serengeti: Top Experiences,Destination Tips,Research,things-to-do,,https://divulgeadventures.com/destinations/tanzania-safari/,todo,
TZ-099,Tanzania,P1,51,things to do in stone town,Things to Do in Stone Town: Top Experiences,Destination Tips,Research,things-to-do,,https://divulgeadventures.com/destinations/tanzania-safari/,todo,
TZ-100,Tanzania,P1,51,things to do in tarangire,Things to Do in Tarangire: Top Experiences,Destination Tips,Research,things-to-do,,https://divulgeadventures.com/destinations/tanzania-safari/,todo,
TZ-101,Tanzania,P1,51,things to do in zanzibar,Things to Do in Zanzibar: Top Experiences,Destination Tips,Research,things-to-do,,https://divulgeadventures.com/destinations/tanzania-safari/,todo,
TZ-102,Tanzania,P1,50,ngorongoro crater fees,Ngorongoro Crater Fees: A Practical Guide for Travellers,Safari Planning Tips,Planning,practical,,https://divulgeadventures.com/destinations/tanzania-safari/,todo,
TZ-103,Tanzania,P1,50,serengeti entrance fee,Serengeti Entrance Fee: A Practical Guide for Travellers,Safari Planning Tips,Planning,practical,,https://divulgeadventures.com/destinations/tanzania-safari/,todo,
TZ-104,Tanzania,P2,49,flights from serengeti to zanzibar,"Flights from Serengeti to Zanzibar: Routes, Timings and Tips",Safari Planning Tips,Research,experience,,https://divulgeadventures.com/destinations/tanzania-safari/,todo,
TZ-105,Tanzania,P2,49,how to get to central serengeti seronera from arusha,"How to Get to Central Serengeti Seronera from Arusha: Road, Flight and Transfer Options",Safari Planning Tips,Planning,access,,https://divulgeadventures.com/destinations/tanzania-safari/,todo,
TZ-106,Tanzania,P2,49,how to get to empakaai crater from arusha,"How to Get to Empakaai Crater from Arusha: Road, Flight and Transfer Options",Safari Planning Tips,Planning,access,,https://divulgeadventures.com/destinations/tanzania-safari/,todo,
TZ-107,Tanzania,P2,49,how to get to katavi from arusha,"How to Get to Katavi from Arusha: Road, Flight and Transfer Options",Safari Planning Tips,Planning,access,,https://divulgeadventures.com/destinations/tanzania-safari/,todo,
TZ-108,Tanzania,P2,49,how to get to lake eyasi from arusha,"How to Get to Lake Eyasi from Arusha: Road, Flight and Transfer Options",Safari Planning Tips,Planning,access,,https://divulgeadventures.com/destinations/tanzania-safari/,todo,
TZ-109,Tanzania,P2,49,how to get to lake natron from arusha,"How to Get to Lake Natron from Arusha: Road, Flight and Transfer Options",Safari Planning Tips,Planning,access,,https://divulgeadventures.com/destinations/tanzania-safari/,todo,
TZ-110,Tanzania,P2,49,how to get to ndutu from arusha,"How to Get to Ndutu from Arusha: Road, Flight and Transfer Options",Safari Planning Tips,Planning,access,,https://divulgeadventures.com/destinations/tanzania-safari/,todo,
TZ-111,Tanzania,P2,49,how to get to ngorongoro crater from arusha,"How to Get to Ngorongoro Crater from Arusha: Road, Flight and Transfer Options",Safari Planning Tips,Planning,access,,https://divulgeadventures.com/destinations/tanzania-safari/,todo,
TZ-112,Tanzania,P2,49,how to get to northern serengeti from arusha,"How to Get to Northern Serengeti from Arusha: Road, Flight and Transfer Options",Safari Planning Tips,Planning,access,,https://divulgeadventures.com/destinations/tanzania-safari/,todo,
TZ-113,Tanzania,P2,49,how to get to pemba island from zanzibar,"How to Get to Pemba Island from Zanzibar: Road, Flight and Transfer Options",Safari Planning Tips,Planning,access,,https://divulgeadventures.com/destinations/tanzania-safari/,todo,
TZ-114,Tanzania,P2,49,how to get to serengeti from arusha,"How to Get to Serengeti from Arusha: Road, Flight and Transfer Options",Safari Planning Tips,Planning,access,,https://divulgeadventures.com/destinations/tanzania-safari/,todo,
TZ-115,Tanzania,P2,49,how to get to serengeti western corridor from arusha,"How to Get to Serengeti Western Corridor from Arusha: Road, Flight and Transfer Options",Safari Planning Tips,Planning,access,,https://divulgeadventures.com/destinations/tanzania-safari/,todo,
TZ-116,Tanzania,P2,49,how to get to stone town from zanzibar,"How to Get to Stone Town from Zanzibar: Road, Flight and Transfer Options",Safari Planning Tips,Planning,access,,https://divulgeadventures.com/destinations/tanzania-safari/,todo,
TZ-117,Tanzania,P2,49,how to get to zanzibar from dar es salaam,"How to Get to Zanzibar from Dar Es Salaam: Road, Flight and Transfer Options",Safari Planning Tips,Planning,access,,https://divulgeadventures.com/destinations/tanzania-safari/,todo,
TZ-118,Tanzania,P2,49,ngorongoro crater map and gates,Ngorongoro Crater Map and Gates: Getting Around,Destination Tips,Planning,access,,https://divulgeadventures.com/destinations/tanzania-safari/,todo,
TZ-119,Tanzania,P2,49,zanzibar ferry from dar es salaam,Zanzibar Ferry from Dar Es Salaam: What to Know Before You Go,Safari Planning Tips,Research,experience,,https://divulgeadventures.com/destinations/tanzania-safari/,todo,
TZ-120,Tanzania,P2,48,andbeyond ngorongoro crater lodge,"andBeyond Ngorongoro Crater Lodge: Rooms, Location and What to Expect",Accommodation Guide,Booking,lodge,,https://divulgeadventures.com/destinations/tanzania-safari/,todo,"Describe from the property's official website only. If it cannot be verified as currently operating, mark this row skip."
TZ-121,Tanzania,P2,48,baraza resort zanzibar,"Baraza Resort Zanzibar: Rooms, Location and What to Expect",Accommodation Guide,Booking,lodge,,https://divulgeadventures.com/destinations/tanzania-safari/,todo,"Describe from the property's official website only. If it cannot be verified as currently operating, mark this row skip."
TZ-122,Tanzania,P2,48,gran melia arusha,"Gran Melia Arusha: Rooms, Location and What to Expect",Accommodation Guide,Booking,lodge,,https://divulgeadventures.com/destinations/tanzania-safari/,todo,"Describe from the property's official website only. If it cannot be verified as currently operating, mark this row skip."
TZ-123,Tanzania,P2,48,kuro tarangire,"Kuro Tarangire: Rooms, Location and What to Expect",Accommodation Guide,Booking,lodge,,https://divulgeadventures.com/destinations/tanzania-safari/,todo,"Describe from the property's official website only. If it cannot be verified as currently operating, mark this row skip."
TZ-124,Tanzania,P2,48,melia serengeti lodge,"Melia Serengeti Lodge: Rooms, Location and What to Expect",Accommodation Guide,Booking,lodge,,https://divulgeadventures.com/destinations/tanzania-safari/,todo,"Describe from the property's official website only. If it cannot be verified as currently operating, mark this row skip."
TZ-125,Tanzania,P2,48,melia zanzibar,"Melia Zanzibar: Rooms, Location and What to Expect",Accommodation Guide,Booking,lodge,,https://divulgeadventures.com/destinations/tanzania-safari/,todo,"Describe from the property's official website only. If it cannot be verified as currently operating, mark this row skip."
TZ-126,Tanzania,P2,48,mikumi entrance fees,Mikumi Entrance Fees: Current Rates and How to Pay,Safari Planning Tips,Booking,fees,,https://divulgeadventures.com/destinations/tanzania-safari/,todo,
TZ-127,Tanzania,P2,48,ndutu safari lodge,"Ndutu Safari Lodge: Rooms, Location and What to Expect",Accommodation Guide,Booking,lodge,,https://divulgeadventures.com/destinations/tanzania-safari/,todo,"Describe from the property's official website only. If it cannot be verified as currently operating, mark this row skip."
TZ-128,Tanzania,P2,48,ngorongoro serena safari lodge,"Ngorongoro Serena Safari Lodge: Rooms, Location and What to Expect",Accommodation Guide,Booking,lodge,,https://divulgeadventures.com/destinations/tanzania-safari/,todo,"Describe from the property's official website only. If it cannot be verified as currently operating, mark this row skip."
TZ-129,Tanzania,P2,48,ngorongoro sopa lodge,"Ngorongoro Sopa Lodge: Rooms, Location and What to Expect",Accommodation Guide,Booking,lodge,,https://divulgeadventures.com/destinations/tanzania-safari/,todo,"Describe from the property's official website only. If it cannot be verified as currently operating, mark this row skip."
TZ-130,Tanzania,P2,48,ngorongoro wildlife lodge,"Ngorongoro Wildlife Lodge: Rooms, Location and What to Expect",Accommodation Guide,Booking,lodge,,https://divulgeadventures.com/destinations/tanzania-safari/,todo,"Describe from the property's official website only. If it cannot be verified as currently operating, mark this row skip."
TZ-131,Tanzania,P2,48,nyerere entrance fees,Nyerere Entrance Fees: Current Rates and How to Pay,Safari Planning Tips,Booking,fees,,https://divulgeadventures.com/destinations/tanzania-safari/,todo,
TZ-132,Tanzania,P2,48,park hyatt zanzibar,"Park Hyatt Zanzibar: Rooms, Location and What to Expect",Accommodation Guide,Booking,lodge,,https://divulgeadventures.com/destinations/tanzania-safari/,todo,"Describe from the property's official website only. If it cannot be verified as currently operating, mark this row skip."
TZ-133,Tanzania,P2,48,ruaha entrance fees,Ruaha Entrance Fees: Current Rates and How to Pay,Safari Planning Tips,Booking,fees,,https://divulgeadventures.com/destinations/tanzania-safari/,todo,
TZ-134,Tanzania,P2,48,serengeti migration camp,"Serengeti Migration Camp: Rooms, Location and What to Expect",Accommodation Guide,Booking,lodge,,https://divulgeadventures.com/destinations/tanzania-safari/,todo,"Describe from the property's official website only. If it cannot be verified as currently operating, mark this row skip."
TZ-135,Tanzania,P2,48,serengeti serena safari lodge,"Serengeti Serena Safari Lodge: Rooms, Location and What to Expect",Accommodation Guide,Booking,lodge,,https://divulgeadventures.com/destinations/tanzania-safari/,todo,"Describe from the property's official website only. If it cannot be verified as currently operating, mark this row skip."
TZ-136,Tanzania,P2,48,serengeti sopa lodge,"Serengeti Sopa Lodge: Rooms, Location and What to Expect",Accommodation Guide,Booking,lodge,,https://divulgeadventures.com/destinations/tanzania-safari/,todo,"Describe from the property's official website only. If it cannot be verified as currently operating, mark this row skip."
TZ-137,Tanzania,P2,48,singita grumeti,"Singita Grumeti: Rooms, Location and What to Expect",Accommodation Guide,Booking,lodge,,https://divulgeadventures.com/destinations/tanzania-safari/,todo,"Describe from the property's official website only. If it cannot be verified as currently operating, mark this row skip."
TZ-138,Tanzania,P2,48,tanzania safari from australia,"Tanzania Safari from Australia: Flights, Visas and Planning Tips",Safari Planning Tips,Booking,origin,,https://divulgeadventures.com/destinations/tanzania-safari/,todo,
TZ-139,Tanzania,P2,48,tanzania safari from canada,"Tanzania Safari from Canada: Flights, Visas and Planning Tips",Safari Planning Tips,Booking,origin,,https://divulgeadventures.com/destinations/tanzania-safari/,todo,
TZ-140,Tanzania,P2,48,tanzania safari from germany,"Tanzania Safari from Germany: Flights, Visas and Planning Tips",Safari Planning Tips,Booking,origin,,https://divulgeadventures.com/destinations/tanzania-safari/,todo,
TZ-141,Tanzania,P2,48,tanzania safari from india,"Tanzania Safari from India: Flights, Visas and Planning Tips",Safari Planning Tips,Booking,origin,,https://divulgeadventures.com/destinations/tanzania-safari/,todo,
TZ-142,Tanzania,P2,48,tanzania safari from italy,"Tanzania Safari from Italy: Flights, Visas and Planning Tips",Safari Planning Tips,Booking,origin,,https://divulgeadventures.com/destinations/tanzania-safari/,todo,
TZ-143,Tanzania,P2,48,tanzania safari from malaysia,"Tanzania Safari from Malaysia: Flights, Visas and Planning Tips",Safari Planning Tips,Booking,origin,,https://divulgeadventures.com/destinations/tanzania-safari/,todo,
TZ-144,Tanzania,P2,48,tanzania safari from singapore,"Tanzania Safari from Singapore: Flights, Visas and Planning Tips",Safari Planning Tips,Booking,origin,,https://divulgeadventures.com/destinations/tanzania-safari/,todo,
TZ-145,Tanzania,P2,48,tarangire safari lodge,"Tarangire Safari Lodge: Rooms, Location and What to Expect",Accommodation Guide,Booking,lodge,,https://divulgeadventures.com/destinations/tanzania-safari/,todo,"Describe from the property's official website only. If it cannot be verified as currently operating, mark this row skip."
TZ-146,Tanzania,P2,48,tarangire sopa lodge,"Tarangire Sopa Lodge: Rooms, Location and What to Expect",Accommodation Guide,Booking,lodge,,https://divulgeadventures.com/destinations/tanzania-safari/,todo,"Describe from the property's official website only. If it cannot be verified as currently operating, mark this row skip."
TZ-147,Tanzania,P2,48,tarangire treetops,"Tarangire Treetops: Rooms, Location and What to Expect",Accommodation Guide,Booking,lodge,,https://divulgeadventures.com/destinations/tanzania-safari/,todo,"Describe from the property's official website only. If it cannot be verified as currently operating, mark this row skip."
TZ-148,Tanzania,P2,48,the residence zanzibar,"The Residence Zanzibar: Rooms, Location and What to Expect",Accommodation Guide,Booking,lodge,,https://divulgeadventures.com/destinations/tanzania-safari/,todo,"Describe from the property's official website only. If it cannot be verified as currently operating, mark this row skip."
TZ-149,Tanzania,P2,48,the retreat at ngorongoro,"The Retreat at Ngorongoro: Rooms, Location and What to Expect",Accommodation Guide,Booking,lodge,,https://divulgeadventures.com/destinations/tanzania-safari/,todo,"Describe from the property's official website only. If it cannot be verified as currently operating, mark this row skip."
TZ-150,Tanzania,P2,48,zuri zanzibar,"Zuri Zanzibar: Rooms, Location and What to Expect",Accommodation Guide,Booking,lodge,,https://divulgeadventures.com/destinations/tanzania-safari/,todo,"Describe from the property's official website only. If it cannot be verified as currently operating, mark this row skip."
TZ-151,Tanzania,P2,47,where to stay in arusha before safari,Where to Stay in Arusha Before Safari: A Practical Guide for Travellers,Safari Planning Tips,Planning,practical,,https://divulgeadventures.com/destinations/tanzania-safari/,todo,
TZ-152,Tanzania,P2,46,kilimanjaro and zanzibar,Kilimanjaro and Zanzibar: What to Know Before You Go,Safari Planning Tips,Research,experience,,https://divulgeadventures.com/destinations/tanzania-safari/,todo,
TZ-153,Tanzania,P2,46,kilimanjaro northern circuit route,Kilimanjaro Northern Circuit Route: What to Know Before You Go,Destination Tips,Research,experience,,https://divulgeadventures.com/destinations/tanzania-safari/,todo,
TZ-154,Tanzania,P2,46,ngorongoro crater animals,Ngorongoro Crater Animals: What Wildlife You Can See,Destination Tips,Research,wildlife,,https://divulgeadventures.com/destinations/tanzania-safari/,todo,
TZ-155,Tanzania,P2,46,prison island zanzibar,Prison Island Zanzibar: What to Know Before You Go,Destination Tips,Research,experience,,https://divulgeadventures.com/destinations/tanzania-safari/,todo,
TZ-156,Tanzania,P2,46,safari blue zanzibar,Safari Blue Zanzibar: What to Know Before You Go,Destination Tips,Research,experience,,https://divulgeadventures.com/destinations/tanzania-safari/,todo,
TZ-157,Tanzania,P2,46,serengeti animals,Serengeti Animals: What Wildlife You Can See,Destination Tips,Research,wildlife,,https://divulgeadventures.com/destinations/tanzania-safari/,todo,
TZ-158,Tanzania,P2,46,serengeti map and gates,Serengeti Map and Gates: Getting Around,Destination Tips,Planning,access,,https://divulgeadventures.com/destinations/tanzania-safari/,todo,
TZ-159,Tanzania,P2,46,tanzania family safari,Tanzania Family Safari: What to Know Before You Go,Safari Themes,Research,experience,,https://divulgeadventures.com/destinations/tanzania-safari/,todo,
TZ-160,Tanzania,P2,46,tanzania honeymoon itinerary,"Tanzania Honeymoon Itinerary: Routes, Timings and Tips",Safari Themes,Research,experience,,https://divulgeadventures.com/destinations/tanzania-safari/,todo,
TZ-161,Tanzania,P2,46,tarangire animals,Tarangire Animals: What Wildlife You Can See,Destination Tips,Research,wildlife,,https://divulgeadventures.com/destinations/tanzania-safari/,todo,
TZ-162,Tanzania,P2,46,tarangire map and gates,Tarangire Map and Gates: Getting Around,Destination Tips,Planning,access,,https://divulgeadventures.com/destinations/tanzania-safari/,todo,
TZ-163,Tanzania,P2,46,the rock restaurant zanzibar,The Rock Restaurant Zanzibar: What to Know Before You Go,Destination Tips,Research,experience,,https://divulgeadventures.com/destinations/tanzania-safari/,todo,
TZ-164,Tanzania,P2,46,zanzibar spice tour,Zanzibar Spice Tour: What to Know Before You Go,Destination Tips,Research,experience,,https://divulgeadventures.com/destinations/tanzania-safari/,todo,
TZ-165,Tanzania,P2,45,lake manyara 3 day itinerary,Lake Manyara 3-Day Itinerary: How to Spend Three Days,Safari Planning Tips,Booking,itinerary,,https://divulgeadventures.com/destinations/tanzania-safari/,todo,
TZ-166,Tanzania,P2,44,kilimanjaro airport to arusha,Kilimanjaro Airport to Arusha: A Practical Guide for Travellers,Safari Planning Tips,Planning,practical,,https://divulgeadventures.com/destinations/tanzania-safari/,todo,
TZ-167,Tanzania,P2,44,tanzania safari checklist,Tanzania Safari Checklist: A Practical Guide for Travellers,Safari Planning Tips,Planning,practical,,https://divulgeadventures.com/destinations/tanzania-safari/,todo,
TZ-168,Tanzania,P2,44,tanzania safari health tips,Tanzania Safari Health Tips: A Practical Guide for Travellers,Safari Planning Tips,Planning,practical,,https://divulgeadventures.com/destinations/tanzania-safari/,todo,
TZ-169,Tanzania,P2,44,tanzania safari insurance,Tanzania Safari Insurance: A Practical Guide for Travellers,Safari Planning Tips,Planning,practical,,https://divulgeadventures.com/destinations/tanzania-safari/,todo,
TZ-170,Tanzania,P2,44,tanzania safari tipping,Tanzania Safari Tipping: A Practical Guide for Travellers,Safari Planning Tips,Planning,practical,,https://divulgeadventures.com/destinations/tanzania-safari/,todo,
TZ-171,Tanzania,P2,44,tanzania safari vehicle,Tanzania Safari Vehicle: A Practical Guide for Travellers,Safari Planning Tips,Planning,practical,,https://divulgeadventures.com/destinations/tanzania-safari/,todo,
TZ-172,Tanzania,P2,44,tanzania safari weather,Tanzania Safari Weather: A Practical Guide for Travellers,Safari Planning Tips,Planning,practical,,https://divulgeadventures.com/destinations/tanzania-safari/,todo,
TZ-173,Tanzania,P2,44,zanzibar beach guide,Zanzibar Beach Guide: A Practical Guide for Travellers,Safari Planning Tips,Planning,practical,,https://divulgeadventures.com/destinations/tanzania-safari/,todo,
TZ-174,Tanzania,P2,44,zanzibar honeymoon,Zanzibar Honeymoon: A Practical Guide for Travellers,Safari Planning Tips,Planning,practical,,https://divulgeadventures.com/destinations/tanzania-safari/,todo,
TZ-175,Tanzania,P2,44,zanzibar on a budget,Zanzibar on a Budget: A Practical Guide for Travellers,Safari Planning Tips,Planning,practical,,https://divulgeadventures.com/destinations/tanzania-safari/,todo,
TZ-176,Tanzania,P2,44,zanzibar travel tips,Zanzibar Travel Tips: A Practical Guide for Travellers,Safari Planning Tips,Planning,practical,,https://divulgeadventures.com/destinations/tanzania-safari/,todo,
TZ-177,Tanzania,P2,44,zanzibar weather by month,Zanzibar Weather by Month: A Practical Guide for Travellers,Safari Planning Tips,Planning,practical,,https://divulgeadventures.com/destinations/tanzania-safari/,todo,
TZ-178,Tanzania,P2,43,best time to visit empakaai crater,Best Time to Visit Empakaai Crater: Month-by-Month Guide,Destination Tips,Planning,best-time,,https://divulgeadventures.com/destinations/tanzania-safari/,todo,
TZ-179,Tanzania,P2,43,best time to visit gombe,Best Time to Visit Gombe: Month-by-Month Guide,Destination Tips,Planning,best-time,,https://divulgeadventures.com/destinations/tanzania-safari/,todo,
TZ-180,Tanzania,P2,43,best time to visit katavi,Best Time to Visit Katavi: Month-by-Month Guide,Destination Tips,Planning,best-time,,https://divulgeadventures.com/destinations/tanzania-safari/,todo,
TZ-181,Tanzania,P2,43,best time to visit lake eyasi,Best Time to Visit Lake Eyasi: Month-by-Month Guide,Destination Tips,Planning,best-time,,https://divulgeadventures.com/destinations/tanzania-safari/,todo,
TZ-182,Tanzania,P2,43,best time to visit lake manyara,Best Time to Visit Lake Manyara: Month-by-Month Guide,Destination Tips,Planning,best-time,,https://divulgeadventures.com/destinations/tanzania-safari/,todo,
TZ-183,Tanzania,P2,43,best time to visit lake natron,Best Time to Visit Lake Natron: Month-by-Month Guide,Destination Tips,Planning,best-time,,https://divulgeadventures.com/destinations/tanzania-safari/,todo,
TZ-184,Tanzania,P2,43,best time to visit mafia island,Best Time to Visit Mafia Island: Month-by-Month Guide,Destination Tips,Planning,best-time,,https://divulgeadventures.com/destinations/tanzania-safari/,todo,
TZ-185,Tanzania,P2,43,best time to visit mikumi,Best Time to Visit Mikumi: Month-by-Month Guide,Destination Tips,Planning,best-time,,https://divulgeadventures.com/destinations/tanzania-safari/,todo,
TZ-186,Tanzania,P2,43,best time to visit mkomazi,Best Time to Visit Mkomazi: Month-by-Month Guide,Destination Tips,Planning,best-time,,https://divulgeadventures.com/destinations/tanzania-safari/,todo,
TZ-187,Tanzania,P2,43,best time to visit moshi,Best Time to Visit Moshi: Month-by-Month Guide,Destination Tips,Planning,best-time,,https://divulgeadventures.com/destinations/tanzania-safari/,todo,
TZ-188,Tanzania,P2,43,best time to visit nyerere,Best Time to Visit Nyerere: Month-by-Month Guide,Destination Tips,Planning,best-time,,https://divulgeadventures.com/destinations/tanzania-safari/,todo,
TZ-189,Tanzania,P2,43,best time to visit olduvai gorge,Best Time to Visit Olduvai Gorge: Month-by-Month Guide,Destination Tips,Planning,best-time,,https://divulgeadventures.com/destinations/tanzania-safari/,todo,
TZ-190,Tanzania,P2,43,best time to visit pemba island,Best Time to Visit Pemba Island: Month-by-Month Guide,Destination Tips,Planning,best-time,,https://divulgeadventures.com/destinations/tanzania-safari/,todo,
TZ-191,Tanzania,P2,43,best time to visit ruaha,Best Time to Visit Ruaha: Month-by-Month Guide,Destination Tips,Planning,best-time,,https://divulgeadventures.com/destinations/tanzania-safari/,todo,
TZ-192,Tanzania,P2,43,best time to visit saadani,Best Time to Visit Saadani: Month-by-Month Guide,Destination Tips,Planning,best-time,,https://divulgeadventures.com/destinations/tanzania-safari/,todo,
TZ-193,Tanzania,P2,43,best time to visit udzungwa,Best Time to Visit Udzungwa: Month-by-Month Guide,Destination Tips,Planning,best-time,,https://divulgeadventures.com/destinations/tanzania-safari/,todo,
TZ-194,Tanzania,P2,41,materuni waterfalls and coffee tour,Materuni Waterfalls and Coffee Tour: Prices and What's Included,Destination Tips,Research,experience,,https://divulgeadventures.com/destinations/tanzania-safari/,todo,
TZ-195,Tanzania,P2,41,tanzania and kenya combined itinerary 10 days,Tanzania and Kenya Combined Itinerary 10 Days: How to Combine Them in One Trip,Safari Planning Tips,Booking,combo,,https://divulgeadventures.com/destinations/tanzania-safari/,todo,
TZ-196,Tanzania,P2,41,tanzania and rwanda gorilla safari,Tanzania and Rwanda Gorilla Safari: How to Combine Them in One Trip,Safari Planning Tips,Booking,combo,,https://divulgeadventures.com/destinations/tanzania-safari/,todo,
TZ-197,Tanzania,P2,41,tanzania vs south africa safari,Tanzania vs South Africa Safari: Which Is Better for Your Trip?,Destination Tips,Planning,comparison,,https://divulgeadventures.com/destinations/tanzania-safari/,todo,
TZ-198,Tanzania,P2,41,where to stay in lake eyasi,Where to Stay in Lake Eyasi: Best Lodges and Camps by Budget,Accommodation Guide,Booking,where-to-stay,,https://divulgeadventures.com/destinations/tanzania-safari/,todo,
TZ-199,Tanzania,P2,41,where to stay in lake manyara,Where to Stay in Lake Manyara: Best Lodges and Camps by Budget,Accommodation Guide,Booking,where-to-stay,,https://divulgeadventures.com/destinations/tanzania-safari/,todo,
TZ-200,Tanzania,P2,41,where to stay in lake natron,Where to Stay in Lake Natron: Best Lodges and Camps by Budget,Accommodation Guide,Booking,where-to-stay,,https://divulgeadventures.com/destinations/tanzania-safari/,todo,
TZ-201,Tanzania,P2,41,where to stay in mikumi,Where to Stay in Mikumi: Best Lodges and Camps by Budget,Accommodation Guide,Booking,where-to-stay,,https://divulgeadventures.com/destinations/tanzania-safari/,todo,
TZ-202,Tanzania,P2,41,where to stay in nyerere,Where to Stay in Nyerere: Best Lodges and Camps by Budget,Accommodation Guide,Booking,where-to-stay,,https://divulgeadventures.com/destinations/tanzania-safari/,todo,
TZ-203,Tanzania,P2,41,where to stay in ruaha,Where to Stay in Ruaha: Best Lodges and Camps by Budget,Accommodation Guide,Booking,where-to-stay,,https://divulgeadventures.com/destinations/tanzania-safari/,todo,
TZ-204,Tanzania,P2,38,empakaai crater,"Empakaai Crater Guide: Wildlife, Best Time, Fees and Where to Stay",Destination Tips,Research,guide,,https://divulgeadventures.com/destinations/tanzania-safari/,todo,
TZ-205,Tanzania,P2,38,gombe stream national park,"Gombe Stream National Park Guide: Wildlife, Best Time, Fees and Where to Stay",Destination Tips,Research,guide,,https://divulgeadventures.com/destinations/tanzania-safari/,todo,
TZ-206,Tanzania,P2,38,katavi national park,"Katavi National Park Guide: Wildlife, Best Time, Fees and Where to Stay",Destination Tips,Research,guide,,https://divulgeadventures.com/destinations/tanzania-safari/,todo,
TZ-207,Tanzania,P2,38,kilimanjaro climb cost,Kilimanjaro Climb Cost: Prices and What's Included,Safari Planning Tips,Research,experience,,https://divulgeadventures.com/destinations/tanzania-safari/,todo,
TZ-208,Tanzania,P2,38,lake eyasi,Lake Eyasi: The Complete Visitor Guide,Destination Tips,Research,guide,,https://divulgeadventures.com/destinations/tanzania-safari/,todo,
TZ-209,Tanzania,P2,38,lake natron,Lake Natron: The Complete Visitor Guide,Destination Tips,Research,guide,,https://divulgeadventures.com/destinations/tanzania-safari/,todo,
TZ-210,Tanzania,P2,38,lemosho vs machame,Lemosho vs Machame: Which Is Better for Your Trip?,Destination Tips,Planning,comparison,,https://divulgeadventures.com/destinations/tanzania-safari/,todo,
TZ-211,Tanzania,P2,38,mafia island,Mafia Island: The Complete Visitor Guide,Destination Tips,Research,guide,,https://divulgeadventures.com/destinations/tanzania-safari/,todo,
TZ-212,Tanzania,P2,38,marangu vs machame,Marangu vs Machame: Which Is Better for Your Trip?,Destination Tips,Planning,comparison,,https://divulgeadventures.com/destinations/tanzania-safari/,todo,
TZ-213,Tanzania,P2,38,mikumi national park,"Mikumi National Park Guide: Wildlife, Best Time, Fees and Where to Stay",Destination Tips,Research,guide,,https://divulgeadventures.com/destinations/tanzania-safari/,todo,
TZ-214,Tanzania,P2,38,mkomazi national park,"Mkomazi National Park Guide: Wildlife, Best Time, Fees and Where to Stay",Destination Tips,Research,guide,,https://divulgeadventures.com/destinations/tanzania-safari/,todo,
TZ-215,Tanzania,P2,38,moshi travel guide,"Moshi Travel Guide: Where to Stay, What to Do",Destination Tips,Research,guide,,https://divulgeadventures.com/destinations/tanzania-safari/,todo,
TZ-216,Tanzania,P2,38,nungwi vs paje,Nungwi vs Paje: Which Is Better for Your Trip?,Destination Tips,Planning,comparison,,https://divulgeadventures.com/destinations/tanzania-safari/,todo,
TZ-217,Tanzania,P2,38,olduvai gorge,Olduvai Gorge: The Complete Visitor Guide,Destination Tips,Research,guide,,https://divulgeadventures.com/destinations/tanzania-safari/,todo,
TZ-218,Tanzania,P2,38,pemba island,Pemba Island: The Complete Visitor Guide,Destination Tips,Research,guide,,https://divulgeadventures.com/destinations/tanzania-safari/,todo,
TZ-219,Tanzania,P2,38,saadani national park,"Saadani National Park Guide: Wildlife, Best Time, Fees and Where to Stay",Destination Tips,Research,guide,,https://divulgeadventures.com/destinations/tanzania-safari/,todo,
TZ-220,Tanzania,P2,38,tanzania and uganda safari,Tanzania and Uganda Safari: How to Combine Them in One Trip,Safari Planning Tips,Booking,combo,,https://divulgeadventures.com/destinations/tanzania-safari/,todo,
TZ-221,Tanzania,P2,38,tanzania vs botswana safari,Tanzania vs Botswana Safari: Which Is Better for Your Trip?,Destination Tips,Planning,comparison,,https://divulgeadventures.com/destinations/tanzania-safari/,todo,
TZ-222,Tanzania,P2,38,udzungwa mountains national park,"Udzungwa Mountains National Park Guide: Wildlife, Best Time, Fees and Where to Stay",Destination Tips,Research,guide,,https://divulgeadventures.com/destinations/tanzania-safari/,todo,
TZ-223,Tanzania,P2,37,things to do in lake manyara,Things to Do in Lake Manyara: Top Experiences,Destination Tips,Research,things-to-do,,https://divulgeadventures.com/destinations/tanzania-safari/,todo,
TZ-224,Tanzania,P2,37,things to do in lake natron,Things to Do in Lake Natron: Top Experiences,Destination Tips,Research,things-to-do,,https://divulgeadventures.com/destinations/tanzania-safari/,todo,
TZ-225,Tanzania,P2,37,things to do in mikumi,Things to Do in Mikumi: Top Experiences,Destination Tips,Research,things-to-do,,https://divulgeadventures.com/destinations/tanzania-safari/,todo,
TZ-226,Tanzania,P2,37,things to do in nyerere,Things to Do in Nyerere: Top Experiences,Destination Tips,Research,things-to-do,,https://divulgeadventures.com/destinations/tanzania-safari/,todo,
TZ-227,Tanzania,P2,37,things to do in ruaha,Things to Do in Ruaha: Top Experiences,Destination Tips,Research,things-to-do,,https://divulgeadventures.com/destinations/tanzania-safari/,todo,
TZ-228,Tanzania,P3,37,lake manyara serena safari lodge,"Lake Manyara Serena Safari Lodge: Rooms, Location and What to Expect",Accommodation Guide,Booking,lodge,,https://divulgeadventures.com/destinations/tanzania-safari/,todo,"Describe from the property's official website only. If it cannot be verified as currently operating, mark this row skip."
TZ-229,Tanzania,P3,37,things to do in lake eyasi,Things to Do in Lake Eyasi: Top Experiences,Destination Tips,Research,things-to-do,,https://divulgeadventures.com/destinations/tanzania-safari/,todo,
TZ-230,Tanzania,P3,36,tanzania concession fees,Tanzania Concession Fees: A Practical Guide for Travellers,Safari Planning Tips,Planning,practical,,https://divulgeadventures.com/destinations/tanzania-safari/,todo,
TZ-231,Tanzania,P3,36,tanzania park fees,Tanzania Park Fees: A Practical Guide for Travellers,Safari Planning Tips,Planning,practical,,https://divulgeadventures.com/destinations/tanzania-safari/,todo,
TZ-232,Tanzania,P3,35,how to get to gombe from kigoma,"How to Get to Gombe from Kigoma: Road, Flight and Transfer Options",Safari Planning Tips,Planning,access,,https://divulgeadventures.com/destinations/tanzania-safari/,todo,
TZ-233,Tanzania,P3,35,how to get to mafia island from dar es salaam,"How to Get to Mafia Island from Dar Es Salaam: Road, Flight and Transfer Options",Safari Planning Tips,Planning,access,,https://divulgeadventures.com/destinations/tanzania-safari/,todo,
TZ-234,Tanzania,P3,35,how to get to mikumi from dar es salaam,"How to Get to Mikumi from Dar Es Salaam: Road, Flight and Transfer Options",Safari Planning Tips,Planning,access,,https://divulgeadventures.com/destinations/tanzania-safari/,todo,
TZ-235,Tanzania,P3,35,how to get to mkomazi from moshi,"How to Get to Mkomazi from Moshi: Road, Flight and Transfer Options",Safari Planning Tips,Planning,access,,https://divulgeadventures.com/destinations/tanzania-safari/,todo,
TZ-236,Tanzania,P3,35,how to get to moshi from kilimanjaro airport,"How to Get to Moshi from Kilimanjaro Airport: Road, Flight and Transfer Options",Safari Planning Tips,Planning,access,,https://divulgeadventures.com/destinations/tanzania-safari/,todo,
TZ-237,Tanzania,P3,35,how to get to nyerere from dar es salaam,"How to Get to Nyerere from Dar Es Salaam: Road, Flight and Transfer Options",Safari Planning Tips,Planning,access,,https://divulgeadventures.com/destinations/tanzania-safari/,todo,
TZ-238,Tanzania,P3,35,how to get to ruaha from dar es salaam,"How to Get to Ruaha from Dar Es Salaam: Road, Flight and Transfer Options",Safari Planning Tips,Planning,access,,https://divulgeadventures.com/destinations/tanzania-safari/,todo,
TZ-239,Tanzania,P3,35,how to get to saadani from dar es salaam,"How to Get to Saadani from Dar Es Salaam: Road, Flight and Transfer Options",Safari Planning Tips,Planning,access,,https://divulgeadventures.com/destinations/tanzania-safari/,todo,
TZ-240,Tanzania,P3,35,how to get to udzungwa from dar es salaam,"How to Get to Udzungwa from Dar Es Salaam: Road, Flight and Transfer Options",Safari Planning Tips,Planning,access,,https://divulgeadventures.com/destinations/tanzania-safari/,todo,
TZ-241,Tanzania,P3,35,lake manyara map and gates,Lake Manyara Map and Gates: Getting Around,Destination Tips,Planning,access,,https://divulgeadventures.com/destinations/tanzania-safari/,todo,
TZ-242,Tanzania,P3,35,mto wa mbu cultural tour,Mto wa Mbu Cultural Tour: What to Know Before You Go,Safari Themes,Research,experience,,https://divulgeadventures.com/destinations/tanzania-safari/,todo,
TZ-243,Tanzania,P3,35,where to see black rhinos in tanzania,Where to See Black Rhinos in Tanzania: Best Parks and Months,Safari Themes,Research,wildlife,,https://divulgeadventures.com/destinations/tanzania-safari/,todo,
TZ-244,Tanzania,P3,35,where to see cheetahs in tanzania,Where to See Cheetahs in Tanzania: Best Parks and Months,Safari Themes,Research,wildlife,,https://divulgeadventures.com/destinations/tanzania-safari/,todo,
TZ-245,Tanzania,P3,35,where to see chimpanzees in tanzania,Where to See Chimpanzees in Tanzania: Best Parks and Months,Safari Themes,Research,wildlife,,https://divulgeadventures.com/destinations/tanzania-safari/,todo,
TZ-246,Tanzania,P3,35,where to see elephants in tanzania,Where to See Elephants in Tanzania: Best Parks and Months,Safari Themes,Research,wildlife,,https://divulgeadventures.com/destinations/tanzania-safari/,todo,
TZ-247,Tanzania,P3,35,where to see flamingos in tanzania,Where to See Flamingos in Tanzania: Best Parks and Months,Safari Themes,Research,wildlife,,https://divulgeadventures.com/destinations/tanzania-safari/,todo,
TZ-248,Tanzania,P3,35,where to see giraffes in tanzania,Where to See Giraffes in Tanzania: Best Parks and Months,Safari Themes,Research,wildlife,,https://divulgeadventures.com/destinations/tanzania-safari/,todo,
TZ-249,Tanzania,P3,35,where to see hippos in tanzania,Where to See Hippos in Tanzania: Best Parks and Months,Safari Themes,Research,wildlife,,https://divulgeadventures.com/destinations/tanzania-safari/,todo,
TZ-250,Tanzania,P3,35,where to see honey badgers in tanzania,Where to See Honey Badgers in Tanzania: Best Parks and Months,Safari Themes,Research,wildlife,,https://divulgeadventures.com/destinations/tanzania-safari/,todo,
TZ-251,Tanzania,P3,35,where to see leopards in tanzania,Where to See Leopards in Tanzania: Best Parks and Months,Safari Themes,Research,wildlife,,https://divulgeadventures.com/destinations/tanzania-safari/,todo,
TZ-252,Tanzania,P3,35,where to see lions in tanzania,Where to See Lions in Tanzania: Best Parks and Months,Safari Themes,Research,wildlife,,https://divulgeadventures.com/destinations/tanzania-safari/,todo,
TZ-253,Tanzania,P3,35,where to see serval cats in tanzania,Where to See Serval Cats in Tanzania: Best Parks and Months,Safari Themes,Research,wildlife,,https://divulgeadventures.com/destinations/tanzania-safari/,todo,
TZ-254,Tanzania,P3,35,where to see tree climbing lions in tanzania,Where to See Tree Climbing Lions in Tanzania: Best Parks and Months,Safari Themes,Research,wildlife,,https://divulgeadventures.com/destinations/tanzania-safari/,todo,
TZ-255,Tanzania,P3,35,where to see wild dogs in tanzania,Where to See Wild Dogs in Tanzania: Best Parks and Months,Safari Themes,Research,wildlife,,https://divulgeadventures.com/destinations/tanzania-safari/,todo,
TZ-256,Tanzania,P3,34,andbeyond kleins camp,"andBeyond Klein's Camp: Rooms, Location and What to Expect",Accommodation Guide,Booking,lodge,,https://divulgeadventures.com/destinations/tanzania-safari/,todo,"Describe from the property's official website only. If it cannot be verified as currently operating, mark this row skip."
TZ-257,Tanzania,P3,34,andbeyond mnemba island,"andBeyond Mnemba Island: Rooms, Location and What to Expect",Accommodation Guide,Booking,lodge,,https://divulgeadventures.com/destinations/tanzania-safari/,todo,"Describe from the property's official website only. If it cannot be verified as currently operating, mark this row skip."
TZ-258,Tanzania,P3,34,emerson spice hotel,"Emerson Spice Hotel: Rooms, Location and What to Expect",Accommodation Guide,Booking,lodge,,https://divulgeadventures.com/destinations/tanzania-safari/,todo,"Describe from the property's official website only. If it cannot be verified as currently operating, mark this row skip."
TZ-259,Tanzania,P3,34,gibbs farm,"Gibb's Farm: Rooms, Location and What to Expect",Accommodation Guide,Booking,lodge,,https://divulgeadventures.com/destinations/tanzania-safari/,todo,"Describe from the property's official website only. If it cannot be verified as currently operating, mark this row skip."
TZ-260,Tanzania,P3,34,jongomero camp ruaha,"Jongomero Camp Ruaha: Rooms, Location and What to Expect",Accommodation Guide,Booking,lodge,,https://divulgeadventures.com/destinations/tanzania-safari/,todo,"Describe from the property's official website only. If it cannot be verified as currently operating, mark this row skip."
TZ-261,Tanzania,P3,34,kisima ngeda camp,"Kisima Ngeda Camp: Rooms, Location and What to Expect",Accommodation Guide,Booking,lodge,,https://divulgeadventures.com/destinations/tanzania-safari/,todo,"Describe from the property's official website only. If it cannot be verified as currently operating, mark this row skip."
TZ-262,Tanzania,P3,34,kubu kubu tented lodge,"Kubu Kubu Tented Lodge: Rooms, Location and What to Expect",Accommodation Guide,Booking,lodge,,https://divulgeadventures.com/destinations/tanzania-safari/,todo,"Describe from the property's official website only. If it cannot be verified as currently operating, mark this row skip."
TZ-263,Tanzania,P3,34,lake manyara tree lodge,"Lake Manyara Tree Lodge: Rooms, Location and What to Expect",Accommodation Guide,Booking,lodge,,https://divulgeadventures.com/destinations/tanzania-safari/,todo,"Describe from the property's official website only. If it cannot be verified as currently operating, mark this row skip."
TZ-264,Tanzania,P3,34,lake masek tented lodge,"Lake Masek Tented Lodge: Rooms, Location and What to Expect",Accommodation Guide,Booking,lodge,,https://divulgeadventures.com/destinations/tanzania-safari/,todo,"Describe from the property's official website only. If it cannot be verified as currently operating, mark this row skip."
TZ-265,Tanzania,P3,34,lake natron camp,"Lake Natron Camp: Rooms, Location and What to Expect",Accommodation Guide,Booking,lodge,,https://divulgeadventures.com/destinations/tanzania-safari/,todo,"Describe from the property's official website only. If it cannot be verified as currently operating, mark this row skip."
TZ-266,Tanzania,P3,34,lemala ewanjan,"Lemala Ewanjan: Rooms, Location and What to Expect",Accommodation Guide,Booking,lodge,,https://divulgeadventures.com/destinations/tanzania-safari/,todo,"Describe from the property's official website only. If it cannot be verified as currently operating, mark this row skip."
TZ-267,Tanzania,P3,34,lemala kuria hills,"Lemala Kuria Hills: Rooms, Location and What to Expect",Accommodation Guide,Booking,lodge,,https://divulgeadventures.com/destinations/tanzania-safari/,todo,"Describe from the property's official website only. If it cannot be verified as currently operating, mark this row skip."
TZ-268,Tanzania,P3,34,namiri plains,"Namiri Plains: Rooms, Location and What to Expect",Accommodation Guide,Booking,lodge,,https://divulgeadventures.com/destinations/tanzania-safari/,todo,"Describe from the property's official website only. If it cannot be verified as currently operating, mark this row skip."
TZ-269,Tanzania,P3,34,plantation lodge karatu,"Plantation Lodge Karatu: Rooms, Location and What to Expect",Accommodation Guide,Booking,lodge,,https://divulgeadventures.com/destinations/tanzania-safari/,todo,"Describe from the property's official website only. If it cannot be verified as currently operating, mark this row skip."
TZ-270,Tanzania,P3,34,sand rivers selous,"Sand Rivers Selous: Rooms, Location and What to Expect",Accommodation Guide,Booking,lodge,,https://divulgeadventures.com/destinations/tanzania-safari/,todo,"Describe from the property's official website only. If it cannot be verified as currently operating, mark this row skip."
TZ-271,Tanzania,P3,33,is tanzania safe for tourists,Is Tanzania Safe for Tourists: A Practical Guide for Travellers,Safari Planning Tips,Planning,practical,,https://divulgeadventures.com/destinations/tanzania-safari/,todo,
TZ-272,Tanzania,P3,33,money in tanzania for safari,Money in Tanzania for Safari: A Practical Guide for Travellers,Safari Planning Tips,Planning,practical,,https://divulgeadventures.com/destinations/tanzania-safari/,todo,
TZ-273,Tanzania,P3,33,tanzania domestic flights for safari,Tanzania Domestic Flights for Safari: A Practical Guide for Travellers,Safari Planning Tips,Planning,practical,,https://divulgeadventures.com/destinations/tanzania-safari/,todo,
TZ-274,Tanzania,P3,33,tanzania sim card for tourists,Tanzania SIM Card for Tourists: A Practical Guide for Travellers,Safari Planning Tips,Planning,practical,,https://divulgeadventures.com/destinations/tanzania-safari/,todo,
TZ-275,Tanzania,P3,32,big five in tanzania,Big Five in Tanzania: Where and When to See Them,Safari Themes,Research,wildlife,,https://divulgeadventures.com/destinations/tanzania-safari/,todo,
TZ-276,Tanzania,P3,32,datoga tribe lake eyasi,Datoga Tribe Lake Eyasi: What to Know Before You Go,Safari Themes,Research,experience,,https://divulgeadventures.com/destinations/tanzania-safari/,todo,
TZ-277,Tanzania,P3,32,hadzabe tribe visit,Hadzabe Tribe Visit: What to Know Before You Go,Safari Themes,Research,experience,,https://divulgeadventures.com/destinations/tanzania-safari/,todo,
TZ-278,Tanzania,P3,32,jambiani beach,Jambiani Beach: What to Know Before You Go,Destination Tips,Research,experience,,https://divulgeadventures.com/destinations/tanzania-safari/,todo,
TZ-279,Tanzania,P3,32,jozani forest red colobus,"Jozani Forest Red Colobus: Routes, Timings and Tips",Destination Tips,Research,experience,,https://divulgeadventures.com/destinations/tanzania-safari/,todo,
TZ-280,Tanzania,P3,32,kendwa beach,Kendwa Beach: What to Know Before You Go,Destination Tips,Research,experience,,https://divulgeadventures.com/destinations/tanzania-safari/,todo,
TZ-281,Tanzania,P3,32,kikuletwa hot springs,Kikuletwa Hot Springs: What to Know Before You Go,Destination Tips,Research,experience,,https://divulgeadventures.com/destinations/tanzania-safari/,todo,
TZ-282,Tanzania,P3,32,kilimanjaro altitude sickness prevention,Kilimanjaro Altitude Sickness Prevention: What to Know Before You Go,Safari Planning Tips,Research,experience,,https://divulgeadventures.com/destinations/tanzania-safari/,todo,
TZ-283,Tanzania,P3,32,kilimanjaro and safari combo,Kilimanjaro and Safari Combo: What to Know Before You Go,Safari Planning Tips,Research,experience,,https://divulgeadventures.com/destinations/tanzania-safari/,todo,
TZ-284,Tanzania,P3,32,kilimanjaro day hike,Kilimanjaro Day Hike: What to Know Before You Go,Destination Tips,Research,experience,,https://divulgeadventures.com/destinations/tanzania-safari/,todo,
TZ-285,Tanzania,P3,32,kilimanjaro full moon climb,Kilimanjaro Full Moon Climb: What to Know Before You Go,Destination Tips,Research,experience,,https://divulgeadventures.com/destinations/tanzania-safari/,todo,
TZ-286,Tanzania,P3,32,kilimanjaro lemosho route,Kilimanjaro Lemosho Route: What to Know Before You Go,Destination Tips,Research,experience,,https://divulgeadventures.com/destinations/tanzania-safari/,todo,
TZ-287,Tanzania,P3,32,kilimanjaro marangu route,Kilimanjaro Marangu Route: What to Know Before You Go,Destination Tips,Research,experience,,https://divulgeadventures.com/destinations/tanzania-safari/,todo,
TZ-288,Tanzania,P3,32,kilimanjaro packing list,Kilimanjaro Packing List: What to Know Before You Go,Safari Planning Tips,Research,experience,,https://divulgeadventures.com/destinations/tanzania-safari/,todo,
TZ-289,Tanzania,P3,32,kilimanjaro rongai route,Kilimanjaro Rongai Route: What to Know Before You Go,Destination Tips,Research,experience,,https://divulgeadventures.com/destinations/tanzania-safari/,todo,
TZ-290,Tanzania,P3,32,kilimanjaro shira route,Kilimanjaro Shira Route: What to Know Before You Go,Destination Tips,Research,experience,,https://divulgeadventures.com/destinations/tanzania-safari/,todo,
TZ-291,Tanzania,P3,32,kilimanjaro success rate,Kilimanjaro Success Rate: What to Know Before You Go,Safari Planning Tips,Research,experience,,https://divulgeadventures.com/destinations/tanzania-safari/,todo,
TZ-292,Tanzania,P3,32,kilimanjaro tipping guide,Kilimanjaro Tipping Guide: What to Know Before You Go,Safari Planning Tips,Research,experience,,https://divulgeadventures.com/destinations/tanzania-safari/,todo,
TZ-293,Tanzania,P3,32,kilimanjaro training plan,Kilimanjaro Training Plan: What to Know Before You Go,Safari Planning Tips,Research,experience,,https://divulgeadventures.com/destinations/tanzania-safari/,todo,
TZ-294,Tanzania,P3,32,kilimanjaro umbwe route,Kilimanjaro Umbwe Route: What to Know Before You Go,Destination Tips,Research,experience,,https://divulgeadventures.com/destinations/tanzania-safari/,todo,
TZ-295,Tanzania,P3,32,lake manyara animals,Lake Manyara Animals: What Wildlife You Can See,Destination Tips,Research,wildlife,,https://divulgeadventures.com/destinations/tanzania-safari/,todo,
TZ-296,Tanzania,P3,32,lake natron flamingos,Lake Natron Flamingos: What to Know Before You Go,Safari Themes,Research,experience,,https://divulgeadventures.com/destinations/tanzania-safari/,todo,
TZ-297,Tanzania,P3,32,mnemba atoll snorkelling,Mnemba Atoll Snorkelling: What to Know Before You Go,Destination Tips,Research,experience,,https://divulgeadventures.com/destinations/tanzania-safari/,todo,
TZ-298,Tanzania,P3,32,mount meru climb,Mount Meru Climb: What to Know Before You Go,Destination Tips,Research,experience,,https://divulgeadventures.com/destinations/tanzania-safari/,todo,
TZ-299,Tanzania,P3,32,nungwi beach,Nungwi Beach: What to Know Before You Go,Destination Tips,Research,experience,,https://divulgeadventures.com/destinations/tanzania-safari/,todo,
TZ-300,Tanzania,P3,32,ol doinyo lengai climb,Ol Doinyo Lengai Climb: What to Know Before You Go,Destination Tips,Research,experience,,https://divulgeadventures.com/destinations/tanzania-safari/,todo,
TZ-301,Tanzania,P3,32,paje beach kitesurfing,Paje Beach Kitesurfing: What to Know Before You Go,Destination Tips,Research,experience,,https://divulgeadventures.com/destinations/tanzania-safari/,todo,
TZ-302,Tanzania,P3,32,swimming with dolphins kizimkazi,Swimming with Dolphins Kizimkazi: What to Know Before You Go,Destination Tips,Research,experience,,https://divulgeadventures.com/destinations/tanzania-safari/,todo,
TZ-303,Tanzania,P3,32,tanzania birding safari,Tanzania Birding Safari: What to Know Before You Go,Safari Themes,Research,experience,,https://divulgeadventures.com/destinations/tanzania-safari/,todo,
TZ-304,Tanzania,P3,32,tanzania camping safari,Tanzania Camping Safari: What to Know Before You Go,Safari Planning Tips,Research,experience,,https://divulgeadventures.com/destinations/tanzania-safari/,todo,
TZ-305,Tanzania,P3,32,tanzania christmas safari,Tanzania Christmas Safari: What to Know Before You Go,Safari Themes,Research,experience,,https://divulgeadventures.com/destinations/tanzania-safari/,todo,
TZ-306,Tanzania,P3,32,tanzania fly in safari,Tanzania Fly in Safari: What to Know Before You Go,Safari Planning Tips,Research,experience,,https://divulgeadventures.com/destinations/tanzania-safari/,todo,
TZ-307,Tanzania,P3,32,tanzania group joining safari,Tanzania Group Joining Safari: What to Know Before You Go,Safari Planning Tips,Research,experience,,https://divulgeadventures.com/destinations/tanzania-safari/,todo,
TZ-308,Tanzania,P3,32,tanzania luxury safari,Tanzania Luxury Safari: What to Know Before You Go,Safari Themes,Research,experience,,https://divulgeadventures.com/destinations/tanzania-safari/,todo,
TZ-309,Tanzania,P3,32,tanzania photography safari,Tanzania Photography Safari: What to Know Before You Go,Safari Themes,Research,experience,,https://divulgeadventures.com/destinations/tanzania-safari/,todo,
TZ-310,Tanzania,P3,32,tanzania private safari,Tanzania Private Safari: What to Know Before You Go,Safari Planning Tips,Research,experience,,https://divulgeadventures.com/destinations/tanzania-safari/,todo,
TZ-311,Tanzania,P3,32,tanzania solo travel safari,Tanzania Solo Travel Safari: What to Know Before You Go,Safari Themes,Research,experience,,https://divulgeadventures.com/destinations/tanzania-safari/,todo,
TZ-312,Tanzania,P3,32,walking safari tanzania,Walking Safari Tanzania: What to Know Before You Go,Safari Themes,Research,experience,,https://divulgeadventures.com/destinations/tanzania-safari/,todo,
TZ-313,Tanzania,P3,30,tanzania drone rules,Tanzania Drone Rules: A Practical Guide for Travellers,Safari Planning Tips,Planning,practical,,https://divulgeadventures.com/destinations/tanzania-safari/,todo,
TZ-314,Tanzania,P3,30,tanzania e visa,Tanzania E Visa: A Practical Guide for Travellers,Safari Planning Tips,Planning,practical,,https://divulgeadventures.com/destinations/tanzania-safari/,todo,
TZ-315,Tanzania,P3,30,tanzania green season safari,Tanzania Green Season Safari: A Practical Guide for Travellers,Safari Planning Tips,Planning,practical,,https://divulgeadventures.com/destinations/tanzania-safari/,todo,
TZ-316,Tanzania,P3,30,tanzania plastic bag ban,Tanzania Plastic Bag Ban: A Practical Guide for Travellers,Safari Planning Tips,Planning,practical,,https://divulgeadventures.com/destinations/tanzania-safari/,todo,
TZ-317,Tanzania,P3,30,tanzania power plugs,Tanzania Power Plugs: A Practical Guide for Travellers,Safari Planning Tips,Planning,practical,,https://divulgeadventures.com/destinations/tanzania-safari/,todo,
TZ-318,Tanzania,P3,30,tanzania rainy season safari,Tanzania Rainy Season Safari: A Practical Guide for Travellers,Safari Planning Tips,Planning,practical,,https://divulgeadventures.com/destinations/tanzania-safari/,todo,
TZ-319,Tanzania,P3,30,tanzania visa for tourists,Tanzania Visa for Tourists: A Practical Guide for Travellers,Safari Planning Tips,Planning,practical,,https://divulgeadventures.com/destinations/tanzania-safari/,todo,
TZ-320,Tanzania,P3,30,tanzania yellow fever requirement,Tanzania Yellow Fever Requirement: A Practical Guide for Travellers,Safari Planning Tips,Planning,practical,,https://divulgeadventures.com/destinations/tanzania-safari/,todo,
UG-001,Uganda,P1,85,bwindi gorilla trekking uganda,Bwindi Gorilla Trekking Uganda,Destination Tips,Planning,core,,https://divulgeadventures.com/destinations/uganda-safari/,todo,Core topic from the original plan: written before other topics of the same destination.
UG-002,Uganda,P1,85,chimpanzee trekking in kibale,Chimpanzee Trekking in Kibale,Destination Tips,Planning,core,,https://divulgeadventures.com/destinations/uganda-safari/,todo,Core topic from the original plan: written before other topics of the same destination.
UG-003,Uganda,P1,85,what to pack for gorilla trekking,What to Pack for Gorilla Trekking,Safari Planning Tips,Planning,core,,https://divulgeadventures.com/destinations/uganda-safari/,todo,Core topic from the original plan: written before other topics of the same destination.
UG-004,Uganda,P1,64,queen elizabeth national park safari cost,"Queen Elizabeth National Park Safari Cost: Park Fees, Lodges and Total Prices",Safari Planning Tips,Booking,cost,,https://divulgeadventures.com/destinations/uganda-safari/,todo,Include the current entrance/park fees in this post (there is no separate fees post for this park).
UG-005,Uganda,P1,61,bwindi safari cost,"Bwindi Safari Cost: Park Fees, Lodges and Total Prices",Safari Planning Tips,Booking,cost,,https://divulgeadventures.com/destinations/uganda-safari/,todo,Include the current entrance/park fees in this post (there is no separate fees post for this park).
UG-006,Uganda,P1,61,kibale safari cost,"Kibale Safari Cost: Park Fees, Lodges and Total Prices",Safari Planning Tips,Booking,cost,,https://divulgeadventures.com/destinations/uganda-safari/,todo,Include the current entrance/park fees in this post (there is no separate fees post for this park).
UG-007,Uganda,P1,57,kidepo entrance fees,Kidepo Entrance Fees: Current Rates and How to Pay,Safari Planning Tips,Booking,fees,,https://divulgeadventures.com/destinations/uganda-safari/,todo,
UG-008,Uganda,P1,55,uganda safari guide,Uganda Safari Guide: Everything You Need to Plan Your Trip,Safari Planning Tips,Booking,pillar,,https://divulgeadventures.com/destinations/uganda-safari/,todo,
UG-009,Uganda,P1,54,10 day uganda safari itinerary,"10 Day Uganda Safari Itinerary: Day-by-Day Route, Costs and Tips",Safari Planning Tips,Booking,itinerary,,https://divulgeadventures.com/destinations/uganda-safari/,todo,
UG-010,Uganda,P1,54,12 day uganda safari itinerary,"12 Day Uganda Safari Itinerary: Day-by-Day Route, Costs and Tips",Safari Planning Tips,Booking,itinerary,,https://divulgeadventures.com/destinations/uganda-safari/,todo,
UG-011,Uganda,P1,54,14 day uganda safari itinerary,"14 Day Uganda Safari Itinerary: Day-by-Day Route, Costs and Tips",Safari Planning Tips,Booking,itinerary,,https://divulgeadventures.com/destinations/uganda-safari/,todo,
UG-012,Uganda,P1,54,3 day uganda safari itinerary,"3 Day Uganda Safari Itinerary: Day-by-Day Route, Costs and Tips",Safari Planning Tips,Booking,itinerary,,https://divulgeadventures.com/destinations/uganda-safari/,todo,
UG-013,Uganda,P1,54,4 day uganda safari itinerary,"4 Day Uganda Safari Itinerary: Day-by-Day Route, Costs and Tips",Safari Planning Tips,Booking,itinerary,,https://divulgeadventures.com/destinations/uganda-safari/,todo,
UG-014,Uganda,P1,54,5 day uganda safari itinerary,"5 Day Uganda Safari Itinerary: Day-by-Day Route, Costs and Tips",Safari Planning Tips,Booking,itinerary,,https://divulgeadventures.com/destinations/uganda-safari/,todo,
UG-015,Uganda,P1,54,6 day uganda safari itinerary,"6 Day Uganda Safari Itinerary: Day-by-Day Route, Costs and Tips",Safari Planning Tips,Booking,itinerary,,https://divulgeadventures.com/destinations/uganda-safari/,todo,
UG-016,Uganda,P1,54,7 day uganda safari itinerary,"7 Day Uganda Safari Itinerary: Day-by-Day Route, Costs and Tips",Safari Planning Tips,Booking,itinerary,,https://divulgeadventures.com/destinations/uganda-safari/,todo,
UG-017,Uganda,P1,54,8 day uganda safari itinerary,"8 Day Uganda Safari Itinerary: Day-by-Day Route, Costs and Tips",Safari Planning Tips,Booking,itinerary,,https://divulgeadventures.com/destinations/uganda-safari/,todo,
UG-018,Uganda,P1,54,9 day uganda safari itinerary,"9 Day Uganda Safari Itinerary: Day-by-Day Route, Costs and Tips",Safari Planning Tips,Booking,itinerary,,https://divulgeadventures.com/destinations/uganda-safari/,todo,
UG-019,Uganda,P1,54,queen elizabeth national park 3 day itinerary,Queen Elizabeth National Park 3-Day Itinerary: How to Spend Three Days,Safari Planning Tips,Booking,itinerary,,https://divulgeadventures.com/destinations/uganda-safari/,todo,
UG-020,Uganda,P1,52,best time to visit bwindi,Best Time to Visit Bwindi: Month-by-Month Guide,Destination Tips,Planning,best-time,,https://divulgeadventures.com/destinations/uganda-safari/,todo,
UG-021,Uganda,P1,52,best time to visit entebbe,Best Time to Visit Entebbe: Month-by-Month Guide,Destination Tips,Planning,best-time,,https://divulgeadventures.com/destinations/uganda-safari/,todo,
UG-022,Uganda,P1,52,best time to visit kibale,Best Time to Visit Kibale: Month-by-Month Guide,Destination Tips,Planning,best-time,,https://divulgeadventures.com/destinations/uganda-safari/,todo,
UG-023,Uganda,P1,52,best time to visit kidepo,Best Time to Visit Kidepo: Month-by-Month Guide,Destination Tips,Planning,best-time,,https://divulgeadventures.com/destinations/uganda-safari/,todo,
UG-024,Uganda,P1,52,best time to visit kyambura gorge,Best Time to Visit Kyambura Gorge: Month-by-Month Guide,Destination Tips,Planning,best-time,,https://divulgeadventures.com/destinations/uganda-safari/,todo,
UG-025,Uganda,P1,52,best time to visit ngamba island chimpanzee sanctuary,Best Time to Visit Ngamba Island Chimpanzee Sanctuary: Month-by-Month Guide,Destination Tips,Planning,best-time,,https://divulgeadventures.com/destinations/uganda-safari/,todo,
UG-026,Uganda,P1,52,best time to visit queen elizabeth national park,Best Time to Visit Queen Elizabeth National Park: Month-by-Month Guide,Destination Tips,Planning,best-time,,https://divulgeadventures.com/destinations/uganda-safari/,todo,
UG-027,Uganda,P1,51,bwindi 3 day itinerary,Bwindi 3-Day Itinerary: How to Spend Three Days,Safari Planning Tips,Booking,itinerary,,https://divulgeadventures.com/destinations/uganda-safari/,todo,
UG-028,Uganda,P1,51,kibale 3 day itinerary,Kibale 3-Day Itinerary: How to Spend Three Days,Safari Planning Tips,Booking,itinerary,,https://divulgeadventures.com/destinations/uganda-safari/,todo,
UG-029,Uganda,P1,50,bwindi vs volcanoes national park,Bwindi vs Volcanoes National Park: Which Is Better for Your Trip?,Destination Tips,Planning,comparison,,https://divulgeadventures.com/destinations/uganda-safari/,todo,
UG-030,Uganda,P1,50,gorilla trekking vs gorilla habituation,Gorilla Trekking vs Gorilla Habituation: Which Is Better for Your Trip?,Destination Tips,Planning,comparison,,https://divulgeadventures.com/destinations/uganda-safari/,todo,
UG-031,Uganda,P1,50,queen elizabeth vs murchison falls,Queen Elizabeth vs Murchison Falls: Which Is Better for Your Trip?,Destination Tips,Planning,comparison,,https://divulgeadventures.com/destinations/uganda-safari/,todo,
UG-032,Uganda,P1,50,uganda gorilla permit low season,Uganda Gorilla Permit Low Season: Prices and What's Included,Safari Planning Tips,Research,experience,,https://divulgeadventures.com/destinations/uganda-safari/,todo,
UG-033,Uganda,P1,50,uganda gorillas and masai mara,Uganda Gorillas and Masai Mara: How to Combine Them in One Trip,Safari Planning Tips,Booking,combo,,https://divulgeadventures.com/destinations/uganda-safari/,todo,
UG-034,Uganda,P1,50,where to stay in bwindi,Where to Stay in Bwindi: Best Lodges and Camps by Budget,Accommodation Guide,Booking,where-to-stay,,https://divulgeadventures.com/destinations/uganda-safari/,todo,
UG-035,Uganda,P1,50,where to stay in kibale,Where to Stay in Kibale: Best Lodges and Camps by Budget,Accommodation Guide,Booking,where-to-stay,,https://divulgeadventures.com/destinations/uganda-safari/,todo,
UG-036,Uganda,P1,50,where to stay in kidepo,Where to Stay in Kidepo: Best Lodges and Camps by Budget,Accommodation Guide,Booking,where-to-stay,,https://divulgeadventures.com/destinations/uganda-safari/,todo,
UG-037,Uganda,P1,50,where to stay in queen elizabeth national park,Where to Stay in Queen Elizabeth National Park: Best Lodges and Camps by Budget,Accommodation Guide,Booking,where-to-stay,,https://divulgeadventures.com/destinations/uganda-safari/,todo,
UG-038,Uganda,P1,49,uganda safari in april,"Uganda Safari in April: Weather, Wildlife and What to Expect",Destination Tips,Planning,month,april,https://divulgeadventures.com/destinations/uganda-safari/,todo,
UG-039,Uganda,P1,49,uganda safari in august,"Uganda Safari in August: Weather, Wildlife and What to Expect",Destination Tips,Planning,month,august,https://divulgeadventures.com/destinations/uganda-safari/,todo,
UG-040,Uganda,P1,49,uganda safari in december,"Uganda Safari in December: Weather, Wildlife and What to Expect",Destination Tips,Planning,month,december,https://divulgeadventures.com/destinations/uganda-safari/,done 2026-10-10 https://divulgeadventures.com/uganda-safari-in-december/,
UG-041,Uganda,P1,49,uganda safari in february,"Uganda Safari in February: Weather, Wildlife and What to Expect",Destination Tips,Planning,month,february,https://divulgeadventures.com/destinations/uganda-safari/,todo,
UG-042,Uganda,P1,49,uganda safari in january,"Uganda Safari in January: Weather, Wildlife and What to Expect",Destination Tips,Planning,month,january,https://divulgeadventures.com/destinations/uganda-safari/,todo,
UG-043,Uganda,P1,49,uganda safari in july,"Uganda Safari in July: Weather, Wildlife and What to Expect",Destination Tips,Planning,month,july,https://divulgeadventures.com/destinations/uganda-safari/,todo,
UG-044,Uganda,P1,49,uganda safari in june,"Uganda Safari in June: Weather, Wildlife and What to Expect",Destination Tips,Planning,month,june,https://divulgeadventures.com/destinations/uganda-safari/,todo,
UG-045,Uganda,P1,49,uganda safari in march,"Uganda Safari in March: Weather, Wildlife and What to Expect",Destination Tips,Planning,month,march,https://divulgeadventures.com/destinations/uganda-safari/,todo,
UG-046,Uganda,P1,49,uganda safari in may,"Uganda Safari in May: Weather, Wildlife and What to Expect",Destination Tips,Planning,month,may,https://divulgeadventures.com/destinations/uganda-safari/,todo,
UG-047,Uganda,P1,49,uganda safari in november,"Uganda Safari in November: Weather, Wildlife and What to Expect",Destination Tips,Planning,month,november,https://divulgeadventures.com/destinations/uganda-safari/,todo,
UG-048,Uganda,P1,49,uganda safari in october,"Uganda Safari in October: Weather, Wildlife and What to Expect",Destination Tips,Planning,month,october,https://divulgeadventures.com/destinations/uganda-safari/,todo,
UG-049,Uganda,P1,49,uganda safari in september,"Uganda Safari in September: Weather, Wildlife and What to Expect",Destination Tips,Planning,month,september,https://divulgeadventures.com/destinations/uganda-safari/,todo,
UG-050,Uganda,P1,48,how to book a gorilla permit in uganda,How to Book a Gorilla Permit in Uganda: A Practical Guide for Travellers,Safari Planning Tips,Planning,practical,,https://divulgeadventures.com/destinations/uganda-safari/,todo,
UG-051,Uganda,P1,48,mabamba swamp day trip from entebbe,"Mabamba Swamp Day Trip from Entebbe: Timings, Costs and Tips",Safari Themes,Booking,day-trip,,https://divulgeadventures.com/destinations/uganda-safari/,todo,
UG-052,Uganda,P1,48,ngamba island chimpanzee sanctuary day trip from entebbe,"Ngamba Island Chimpanzee Sanctuary Day Trip from Entebbe: Timings, Costs and Tips",Safari Themes,Booking,day-trip,,https://divulgeadventures.com/destinations/uganda-safari/,todo,
UG-053,Uganda,P1,47,bwindi impenetrable national park,"Bwindi Impenetrable National Park Guide: Wildlife, Best Time, Fees and Where to Stay",Destination Tips,Research,guide,,https://divulgeadventures.com/destinations/uganda-safari/,todo,
UG-054,Uganda,P1,47,bwindi vs mgahinga,Bwindi vs Mgahinga: Which Is Better for Your Trip?,Destination Tips,Planning,comparison,,https://divulgeadventures.com/destinations/uganda-safari/,todo,
UG-055,Uganda,P1,47,entebbe travel guide,"Entebbe Travel Guide: Where to Stay, What to Do",Destination Tips,Research,guide,,https://divulgeadventures.com/destinations/uganda-safari/,todo,
UG-056,Uganda,P1,47,ishasha sector,Ishasha Sector: The Complete Visitor Guide,Destination Tips,Research,guide,,https://divulgeadventures.com/destinations/uganda-safari/,todo,
UG-057,Uganda,P1,47,kibale national park,"Kibale National Park Guide: Wildlife, Best Time, Fees and Where to Stay",Destination Tips,Research,guide,,https://divulgeadventures.com/destinations/uganda-safari/,todo,
UG-058,Uganda,P1,47,kibale vs budongo chimpanzees,Kibale vs Budongo Chimpanzees: Which Is Better for Your Trip?,Destination Tips,Planning,comparison,,https://divulgeadventures.com/destinations/uganda-safari/,todo,
UG-059,Uganda,P1,47,kidepo valley national park,"Kidepo Valley National Park Guide: Wildlife, Best Time, Fees and Where to Stay",Destination Tips,Research,guide,,https://divulgeadventures.com/destinations/uganda-safari/,todo,
UG-060,Uganda,P1,47,kyambura gorge,Kyambura Gorge: The Complete Visitor Guide,Destination Tips,Research,guide,,https://divulgeadventures.com/destinations/uganda-safari/,todo,
UG-061,Uganda,P1,47,mgahinga gorilla national park,"Mgahinga Gorilla National Park Guide: Wildlife, Best Time, Fees and Where to Stay",Destination Tips,Research,guide,,https://divulgeadventures.com/destinations/uganda-safari/,todo,
UG-062,Uganda,P1,47,murchison falls safari cost,"Murchison Falls Safari Cost: Park Fees, Lodges and Total Prices",Safari Planning Tips,Booking,cost,,https://divulgeadventures.com/destinations/uganda-safari/,todo,Include the current entrance/park fees in this post (there is no separate fees post for this park).
UG-063,Uganda,P1,47,ngamba island chimpanzee sanctuary,Ngamba Island Chimpanzee Sanctuary: The Complete Visitor Guide,Destination Tips,Research,guide,,https://divulgeadventures.com/destinations/uganda-safari/,todo,
UG-064,Uganda,P1,47,queen elizabeth national park,"Queen Elizabeth National Park Guide: Wildlife, Best Time, Fees and Where to Stay",Destination Tips,Research,guide,,https://divulgeadventures.com/destinations/uganda-safari/,todo,
UG-065,Uganda,P1,47,uganda gorillas and serengeti,Uganda Gorillas and Serengeti: How to Combine Them in One Trip,Safari Planning Tips,Booking,combo,,https://divulgeadventures.com/destinations/uganda-safari/,todo,
UG-066,Uganda,P1,47,uganda vs congo gorillas,Uganda vs Congo Gorillas: Which Is Better for Your Trip?,Destination Tips,Planning,comparison,,https://divulgeadventures.com/destinations/uganda-safari/,todo,
UG-067,Uganda,P1,46,things to do in bwindi,Things to Do in Bwindi: Top Experiences,Destination Tips,Research,things-to-do,,https://divulgeadventures.com/destinations/uganda-safari/,todo,
UG-068,Uganda,P1,46,things to do in kibale,Things to Do in Kibale: Top Experiences,Destination Tips,Research,things-to-do,,https://divulgeadventures.com/destinations/uganda-safari/,todo,
UG-069,Uganda,P1,46,things to do in kidepo,Things to Do in Kidepo: Top Experiences,Destination Tips,Research,things-to-do,,https://divulgeadventures.com/destinations/uganda-safari/,todo,
UG-070,Uganda,P1,46,things to do in queen elizabeth national park,Things to Do in Queen Elizabeth National Park: Top Experiences,Destination Tips,Research,things-to-do,,https://divulgeadventures.com/destinations/uganda-safari/,todo,
UG-071,Uganda,P1,46,uganda safari from south africa,"Uganda Safari from South Africa: Flights, Visas and Planning Tips",Safari Planning Tips,Booking,origin,,https://divulgeadventures.com/destinations/uganda-safari/,todo,
UG-072,Uganda,P1,46,uganda safari from sri lanka,"Uganda Safari from Sri Lanka: Flights, Visas and Planning Tips",Safari Planning Tips,Booking,origin,,https://divulgeadventures.com/destinations/uganda-safari/,todo,
UG-073,Uganda,P1,46,uganda safari from the uae,"Uganda Safari from the UAE: Flights, Visas and Planning Tips",Safari Planning Tips,Booking,origin,,https://divulgeadventures.com/destinations/uganda-safari/,todo,
UG-074,Uganda,P1,46,uganda safari from the uk,"Uganda Safari from the UK: Flights, Visas and Planning Tips",Safari Planning Tips,Booking,origin,,https://divulgeadventures.com/destinations/uganda-safari/,todo,
UG-075,Uganda,P1,46,uganda safari from the usa,"Uganda Safari from the USA: Flights, Visas and Planning Tips",Safari Planning Tips,Booking,origin,,https://divulgeadventures.com/destinations/uganda-safari/,todo,
UG-076,Uganda,P1,46,ziwa rhino sanctuary entrance fees,Ziwa Rhino Sanctuary Entrance Fees: Current Rates and How to Pay,Safari Planning Tips,Booking,fees,,https://divulgeadventures.com/destinations/uganda-safari/,todo,
UG-077,Uganda,P1,45,chimpanzee trekking permit uganda,Chimpanzee Trekking Permit Uganda: A Practical Guide for Travellers,Safari Planning Tips,Planning,practical,,https://divulgeadventures.com/destinations/uganda-safari/,todo,
UG-078,Uganda,P1,45,uganda gorilla permit cost,Uganda Gorilla Permit Cost: A Practical Guide for Travellers,Safari Planning Tips,Planning,practical,,https://divulgeadventures.com/destinations/uganda-safari/,todo,
UG-079,Uganda,P1,45,uganda safari cost,Uganda Safari Cost: A Practical Guide for Travellers,Safari Planning Tips,Planning,practical,,https://divulgeadventures.com/destinations/uganda-safari/,todo,
UG-080,Uganda,P1,44,chimpanzee trekking age limit uganda,Chimpanzee Trekking Age Limit Uganda: What to Know Before You Go,Safari Planning Tips,Research,experience,,https://divulgeadventures.com/destinations/uganda-safari/,todo,
UG-081,Uganda,P1,44,how to get to bwindi from entebbe,"How to Get to Bwindi from Entebbe: Road, Flight and Transfer Options",Safari Planning Tips,Planning,access,,https://divulgeadventures.com/destinations/uganda-safari/,todo,
UG-082,Uganda,P1,44,how to get to entebbe from kampala,"How to Get to Entebbe from Kampala: Road, Flight and Transfer Options",Safari Planning Tips,Planning,access,,https://divulgeadventures.com/destinations/uganda-safari/,todo,
UG-083,Uganda,P1,44,how to get to ishasha sector from kampala,"How to Get to Ishasha Sector from Kampala: Road, Flight and Transfer Options",Safari Planning Tips,Planning,access,,https://divulgeadventures.com/destinations/uganda-safari/,todo,
UG-084,Uganda,P1,44,how to get to kibale from entebbe,"How to Get to Kibale from Entebbe: Road, Flight and Transfer Options",Safari Planning Tips,Planning,access,,https://divulgeadventures.com/destinations/uganda-safari/,todo,
UG-085,Uganda,P1,44,how to get to kidepo from kampala,"How to Get to Kidepo from Kampala: Road, Flight and Transfer Options",Safari Planning Tips,Planning,access,,https://divulgeadventures.com/destinations/uganda-safari/,todo,
UG-086,Uganda,P1,44,how to get to kyambura gorge from kampala,"How to Get to Kyambura Gorge from Kampala: Road, Flight and Transfer Options",Safari Planning Tips,Planning,access,,https://divulgeadventures.com/destinations/uganda-safari/,todo,
UG-087,Uganda,P1,44,how to get to queen elizabeth national park from entebbe,"How to Get to Queen Elizabeth National Park from Entebbe: Road, Flight and Transfer Options",Safari Planning Tips,Planning,access,,https://divulgeadventures.com/destinations/uganda-safari/,todo,
UG-088,Uganda,P1,44,how to get to ssese islands from entebbe,"How to Get to Ssese Islands from Entebbe: Road, Flight and Transfer Options",Safari Planning Tips,Planning,access,,https://divulgeadventures.com/destinations/uganda-safari/,todo,
UG-089,Uganda,P1,44,kibale chimp trek morning or afternoon,Kibale Chimp Trek Morning or Afternoon: What to Know Before You Go,Safari Planning Tips,Research,experience,,https://divulgeadventures.com/destinations/uganda-safari/,todo,
UG-090,Uganda,P1,44,queen elizabeth explosion craters drive,"Queen Elizabeth Explosion Craters Drive: Routes, Timings and Tips",Destination Tips,Research,experience,,https://divulgeadventures.com/destinations/uganda-safari/,todo,
UG-091,Uganda,P1,44,queen elizabeth national park animals,Queen Elizabeth National Park Animals: What Wildlife You Can See,Destination Tips,Research,wildlife,,https://divulgeadventures.com/destinations/uganda-safari/,todo,
UG-092,Uganda,P1,44,queen elizabeth national park map and gates,Queen Elizabeth National Park Map and Gates: Getting Around,Destination Tips,Planning,access,,https://divulgeadventures.com/destinations/uganda-safari/,todo,
UG-093,Uganda,P1,44,where to see chimpanzees in uganda,Where to See Chimpanzees in Uganda: Best Parks and Months,Safari Themes,Research,wildlife,,https://divulgeadventures.com/destinations/uganda-safari/,todo,
UG-094,Uganda,P1,44,where to see mountain gorillas in uganda,Where to See Mountain Gorillas in Uganda: Best Parks and Months,Safari Themes,Research,wildlife,,https://divulgeadventures.com/destinations/uganda-safari/,todo,
UG-095,Uganda,P1,44,where to see tree climbing lions in uganda,Where to See Tree Climbing Lions in Uganda: Best Parks and Months,Safari Themes,Research,wildlife,,https://divulgeadventures.com/destinations/uganda-safari/,todo,
UG-096,Uganda,P1,44,which bwindi sector is best,Which Bwindi Sector Is Best: What to Know Before You Go,Destination Tips,Research,experience,,https://divulgeadventures.com/destinations/uganda-safari/,todo,
UG-097,Uganda,P2,44,lake victoria sunset cruise entebbe,Lake Victoria Sunset Cruise Entebbe: What to Know Before You Go,Safari Themes,Research,experience,,https://divulgeadventures.com/destinations/uganda-safari/,todo,
UG-098,Uganda,P2,44,queen elizabeth lion tracking experience,Queen Elizabeth Lion Tracking Experience: What to Know Before You Go,Safari Themes,Research,experience,,https://divulgeadventures.com/destinations/uganda-safari/,todo,
UG-099,Uganda,P2,43,apoka safari lodge,"Apoka Safari Lodge: Rooms, Location and What to Expect",Accommodation Guide,Booking,lodge,,https://divulgeadventures.com/destinations/uganda-safari/,todo,"Describe from the property's official website only. If it cannot be verified as currently operating, mark this row skip."
UG-100,Uganda,P2,43,bwindi lodge,"Bwindi Lodge: Rooms, Location and What to Expect",Accommodation Guide,Booking,lodge,,https://divulgeadventures.com/destinations/uganda-safari/,todo,"Describe from the property's official website only. If it cannot be verified as currently operating, mark this row skip."
UG-101,Uganda,P2,43,clouds mountain gorilla lodge,"Clouds Mountain Gorilla Lodge: Rooms, Location and What to Expect",Accommodation Guide,Booking,lodge,,https://divulgeadventures.com/destinations/uganda-safari/,todo,"Describe from the property's official website only. If it cannot be verified as currently operating, mark this row skip."
UG-102,Uganda,P2,43,gorilla forest camp,"Gorilla Forest Camp: Rooms, Location and What to Expect",Accommodation Guide,Booking,lodge,,https://divulgeadventures.com/destinations/uganda-safari/,todo,"Describe from the property's official website only. If it cannot be verified as currently operating, mark this row skip."
UG-103,Uganda,P2,43,gorilla safari lodge rushaga,"Gorilla Safari Lodge Rushaga: Rooms, Location and What to Expect",Accommodation Guide,Booking,lodge,,https://divulgeadventures.com/destinations/uganda-safari/,todo,"Describe from the property's official website only. If it cannot be verified as currently operating, mark this row skip."
UG-104,Uganda,P2,43,ishasha wilderness camp,"Ishasha Wilderness Camp: Rooms, Location and What to Expect",Accommodation Guide,Booking,lodge,,https://divulgeadventures.com/destinations/uganda-safari/,todo,"Describe from the property's official website only. If it cannot be verified as currently operating, mark this row skip."
UG-105,Uganda,P2,43,kyambura gorge lodge,"Kyambura Gorge Lodge: Rooms, Location and What to Expect",Accommodation Guide,Booking,lodge,,https://divulgeadventures.com/destinations/uganda-safari/,todo,"Describe from the property's official website only. If it cannot be verified as currently operating, mark this row skip."
UG-106,Uganda,P2,43,lake mburo entrance fees,Lake Mburo Entrance Fees: Current Rates and How to Pay,Safari Planning Tips,Booking,fees,,https://divulgeadventures.com/destinations/uganda-safari/,todo,
UG-107,Uganda,P2,43,mgahinga entrance fees,Mgahinga Entrance Fees: Current Rates and How to Pay,Safari Planning Tips,Booking,fees,,https://divulgeadventures.com/destinations/uganda-safari/,todo,
UG-108,Uganda,P2,43,mweya safari lodge,"Mweya Safari Lodge: Rooms, Location and What to Expect",Accommodation Guide,Booking,lodge,,https://divulgeadventures.com/destinations/uganda-safari/,todo,"Describe from the property's official website only. If it cannot be verified as currently operating, mark this row skip."
UG-109,Uganda,P2,43,nkuringo bwindi gorilla lodge,"Nkuringo Bwindi Gorilla Lodge: Rooms, Location and What to Expect",Accommodation Guide,Booking,lodge,,https://divulgeadventures.com/destinations/uganda-safari/,todo,"Describe from the property's official website only. If it cannot be verified as currently operating, mark this row skip."
UG-110,Uganda,P2,43,primate lodge kibale,"Primate Lodge Kibale: Rooms, Location and What to Expect",Accommodation Guide,Booking,lodge,,https://divulgeadventures.com/destinations/uganda-safari/,todo,"Describe from the property's official website only. If it cannot be verified as currently operating, mark this row skip."
UG-111,Uganda,P2,43,rwenzori mountains entrance fees,Rwenzori Mountains Entrance Fees: Current Rates and How to Pay,Safari Planning Tips,Booking,fees,,https://divulgeadventures.com/destinations/uganda-safari/,todo,
UG-112,Uganda,P2,43,silverback lodge bwindi,"Silverback Lodge Bwindi: Rooms, Location and What to Expect",Accommodation Guide,Booking,lodge,,https://divulgeadventures.com/destinations/uganda-safari/,todo,"Describe from the property's official website only. If it cannot be verified as currently operating, mark this row skip."
UG-113,Uganda,P2,43,the boma entebbe,"The Boma Entebbe: Rooms, Location and What to Expect",Accommodation Guide,Booking,lodge,,https://divulgeadventures.com/destinations/uganda-safari/,todo,"Describe from the property's official website only. If it cannot be verified as currently operating, mark this row skip."
UG-114,Uganda,P2,43,uganda safari from australia,"Uganda Safari from Australia: Flights, Visas and Planning Tips",Safari Planning Tips,Booking,origin,,https://divulgeadventures.com/destinations/uganda-safari/,todo,
UG-115,Uganda,P2,43,uganda safari from canada,"Uganda Safari from Canada: Flights, Visas and Planning Tips",Safari Planning Tips,Booking,origin,,https://divulgeadventures.com/destinations/uganda-safari/,todo,
UG-116,Uganda,P2,43,uganda safari from germany,"Uganda Safari from Germany: Flights, Visas and Planning Tips",Safari Planning Tips,Booking,origin,,https://divulgeadventures.com/destinations/uganda-safari/,todo,
UG-117,Uganda,P2,43,uganda safari from india,"Uganda Safari from India: Flights, Visas and Planning Tips",Safari Planning Tips,Booking,origin,,https://divulgeadventures.com/destinations/uganda-safari/,todo,
UG-118,Uganda,P2,43,uganda safari from italy,"Uganda Safari from Italy: Flights, Visas and Planning Tips",Safari Planning Tips,Booking,origin,,https://divulgeadventures.com/destinations/uganda-safari/,todo,
UG-119,Uganda,P2,43,uganda safari from malaysia,"Uganda Safari from Malaysia: Flights, Visas and Planning Tips",Safari Planning Tips,Booking,origin,,https://divulgeadventures.com/destinations/uganda-safari/,todo,
UG-120,Uganda,P2,43,uganda safari from singapore,"Uganda Safari from Singapore: Flights, Visas and Planning Tips",Safari Planning Tips,Booking,origin,,https://divulgeadventures.com/destinations/uganda-safari/,todo,
UG-121,Uganda,P2,42,gorilla trekking gloves and gaiters,Gorilla Trekking Gloves and Gaiters: A Practical Guide for Travellers,Safari Planning Tips,Planning,practical,,https://divulgeadventures.com/destinations/uganda-safari/,todo,
UG-122,Uganda,P2,42,where to stay in entebbe,Where to Stay in Entebbe: A Practical Guide for Travellers,Safari Planning Tips,Planning,practical,,https://divulgeadventures.com/destinations/uganda-safari/,todo,
UG-123,Uganda,P2,41,budongo forest chimpanzee tracking,Budongo Forest Chimpanzee Tracking: What to Know Before You Go,Safari Themes,Research,experience,,https://divulgeadventures.com/destinations/uganda-safari/,todo,
UG-124,Uganda,P2,41,bwindi animals,Bwindi Animals: What Wildlife You Can See,Destination Tips,Research,wildlife,,https://divulgeadventures.com/destinations/uganda-safari/,todo,
UG-125,Uganda,P2,41,bwindi buhoma sector,Bwindi Buhoma Sector: What to Know Before You Go,Destination Tips,Research,experience,,https://divulgeadventures.com/destinations/uganda-safari/,todo,
UG-126,Uganda,P2,41,bwindi community walk,Bwindi Community Walk: What to Know Before You Go,Safari Themes,Research,experience,,https://divulgeadventures.com/destinations/uganda-safari/,todo,
UG-127,Uganda,P2,41,bwindi map and gates,Bwindi Map and Gates: Getting Around,Destination Tips,Planning,access,,https://divulgeadventures.com/destinations/uganda-safari/,todo,
UG-128,Uganda,P2,41,bwindi nkuringo sector,Bwindi Nkuringo Sector: What to Know Before You Go,Destination Tips,Research,experience,,https://divulgeadventures.com/destinations/uganda-safari/,todo,
UG-129,Uganda,P2,41,bwindi ruhija sector,Bwindi Ruhija Sector: What to Know Before You Go,Destination Tips,Research,experience,,https://divulgeadventures.com/destinations/uganda-safari/,todo,
UG-130,Uganda,P2,41,bwindi rushaga sector,Bwindi Rushaga Sector: What to Know Before You Go,Destination Tips,Research,experience,,https://divulgeadventures.com/destinations/uganda-safari/,todo,
UG-131,Uganda,P2,41,chimpanzee habituation experience kibale,Chimpanzee Habituation Experience Kibale: What to Know Before You Go,Safari Themes,Research,experience,,https://divulgeadventures.com/destinations/uganda-safari/,todo,
UG-132,Uganda,P2,41,entebbe botanical gardens,Entebbe Botanical Gardens: What to Know Before You Go,Destination Tips,Research,experience,,https://divulgeadventures.com/destinations/uganda-safari/,todo,
UG-133,Uganda,P2,41,gorilla habituation experience uganda,Gorilla Habituation Experience Uganda: What to Know Before You Go,Safari Themes,Research,experience,,https://divulgeadventures.com/destinations/uganda-safari/,todo,
UG-134,Uganda,P2,41,gorilla trekking for seniors,Gorilla Trekking for Seniors: What to Know Before You Go,Safari Themes,Research,experience,,https://divulgeadventures.com/destinations/uganda-safari/,todo,
UG-135,Uganda,P2,41,karamojong cultural visit kidepo,Karamojong Cultural Visit Kidepo: What to Know Before You Go,Safari Themes,Research,experience,,https://divulgeadventures.com/destinations/uganda-safari/,todo,
UG-136,Uganda,P2,41,kazinga channel boat cruise,"Kazinga Channel Boat Cruise: Routes, Timings and Tips",Safari Themes,Research,experience,,https://divulgeadventures.com/destinations/uganda-safari/,todo,
UG-137,Uganda,P2,41,kibale animals,Kibale Animals: What Wildlife You Can See,Destination Tips,Research,wildlife,,https://divulgeadventures.com/destinations/uganda-safari/,todo,
UG-138,Uganda,P2,41,kibale forest night walk,Kibale Forest Night Walk: What to Know Before You Go,Safari Themes,Research,experience,,https://divulgeadventures.com/destinations/uganda-safari/,todo,
UG-139,Uganda,P2,41,kibale map and gates,Kibale Map and Gates: Getting Around,Destination Tips,Planning,access,,https://divulgeadventures.com/destinations/uganda-safari/,todo,
UG-140,Uganda,P2,41,kidepo kanangorok hot springs,Kidepo Kanangorok Hot Springs: What to Know Before You Go,Destination Tips,Research,experience,,https://divulgeadventures.com/destinations/uganda-safari/,todo,
UG-141,Uganda,P2,41,mubwindi swamp birding ruhija,Mubwindi Swamp Birding Ruhija: What to Know Before You Go,Safari Themes,Research,experience,,https://divulgeadventures.com/destinations/uganda-safari/,todo,
UG-142,Uganda,P2,41,mweya peninsula,Mweya Peninsula: What to Know Before You Go,Destination Tips,Research,experience,,https://divulgeadventures.com/destinations/uganda-safari/,todo,
UG-143,Uganda,P2,41,uganda primate safari,Uganda Primate Safari: What to Know Before You Go,Safari Themes,Research,experience,,https://divulgeadventures.com/destinations/uganda-safari/,todo,
UG-144,Uganda,P2,41,uganda safari packing list,Uganda Safari Packing List: What to Know Before You Go,Safari Planning Tips,Research,experience,,https://divulgeadventures.com/destinations/uganda-safari/,todo,
UG-145,Uganda,P2,40,murchison falls 3 day itinerary,Murchison Falls 3-Day Itinerary: How to Spend Three Days,Safari Planning Tips,Booking,itinerary,,https://divulgeadventures.com/destinations/uganda-safari/,todo,
UG-146,Uganda,P2,39,entebbe airport to bwindi,Entebbe Airport to Bwindi: A Practical Guide for Travellers,Safari Planning Tips,Planning,practical,,https://divulgeadventures.com/destinations/uganda-safari/,todo,
UG-147,Uganda,P2,39,gorilla trekking age limit,Gorilla Trekking Age Limit: A Practical Guide for Travellers,Safari Planning Tips,Planning,practical,,https://divulgeadventures.com/destinations/uganda-safari/,todo,
UG-148,Uganda,P2,39,gorilla trekking fitness level,Gorilla Trekking Fitness Level: A Practical Guide for Travellers,Safari Planning Tips,Planning,practical,,https://divulgeadventures.com/destinations/uganda-safari/,todo,
UG-149,Uganda,P2,39,gorilla trekking photography tips,Gorilla Trekking Photography Tips: A Practical Guide for Travellers,Safari Planning Tips,Planning,practical,,https://divulgeadventures.com/destinations/uganda-safari/,todo,
UG-150,Uganda,P2,39,gorilla trekking porters,Gorilla Trekking Porters: A Practical Guide for Travellers,Safari Planning Tips,Planning,practical,,https://divulgeadventures.com/destinations/uganda-safari/,todo,
UG-151,Uganda,P2,39,gorilla trekking rules,Gorilla Trekking Rules: A Practical Guide for Travellers,Safari Planning Tips,Planning,practical,,https://divulgeadventures.com/destinations/uganda-safari/,todo,
UG-152,Uganda,P2,39,kigali to bwindi transfer,Kigali to Bwindi Transfer: A Practical Guide for Travellers,Safari Planning Tips,Planning,practical,,https://divulgeadventures.com/destinations/uganda-safari/,todo,
UG-153,Uganda,P2,39,uganda safari checklist,Uganda Safari Checklist: A Practical Guide for Travellers,Safari Planning Tips,Planning,practical,,https://divulgeadventures.com/destinations/uganda-safari/,todo,
UG-154,Uganda,P2,39,uganda safari health tips,Uganda Safari Health Tips: A Practical Guide for Travellers,Safari Planning Tips,Planning,practical,,https://divulgeadventures.com/destinations/uganda-safari/,todo,
UG-155,Uganda,P2,39,uganda safari tipping,Uganda Safari Tipping: A Practical Guide for Travellers,Safari Planning Tips,Planning,practical,,https://divulgeadventures.com/destinations/uganda-safari/,todo,
UG-156,Uganda,P2,39,uganda safari vehicle,Uganda Safari Vehicle: A Practical Guide for Travellers,Safari Planning Tips,Planning,practical,,https://divulgeadventures.com/destinations/uganda-safari/,todo,
UG-157,Uganda,P2,38,best time to visit budongo forest,Best Time to Visit Budongo Forest: Month-by-Month Guide,Destination Tips,Planning,best-time,,https://divulgeadventures.com/destinations/uganda-safari/,todo,
UG-158,Uganda,P2,38,best time to visit fort portal crater lakes,Best Time to Visit Fort Portal Crater Lakes: Month-by-Month Guide,Destination Tips,Planning,best-time,,https://divulgeadventures.com/destinations/uganda-safari/,todo,
UG-159,Uganda,P2,38,best time to visit jinja,Best Time to Visit Jinja: Month-by-Month Guide,Destination Tips,Planning,best-time,,https://divulgeadventures.com/destinations/uganda-safari/,todo,
UG-160,Uganda,P2,38,best time to visit kampala,Best Time to Visit Kampala: Month-by-Month Guide,Destination Tips,Planning,best-time,,https://divulgeadventures.com/destinations/uganda-safari/,todo,
UG-161,Uganda,P2,38,best time to visit lake bunyonyi,Best Time to Visit Lake Bunyonyi: Month-by-Month Guide,Destination Tips,Planning,best-time,,https://divulgeadventures.com/destinations/uganda-safari/,todo,
UG-162,Uganda,P2,38,best time to visit lake mburo,Best Time to Visit Lake Mburo: Month-by-Month Guide,Destination Tips,Planning,best-time,,https://divulgeadventures.com/destinations/uganda-safari/,todo,
UG-163,Uganda,P2,38,best time to visit mabamba swamp,Best Time to Visit Mabamba Swamp: Month-by-Month Guide,Destination Tips,Planning,best-time,,https://divulgeadventures.com/destinations/uganda-safari/,todo,
UG-164,Uganda,P2,38,best time to visit mgahinga,Best Time to Visit Mgahinga: Month-by-Month Guide,Destination Tips,Planning,best-time,,https://divulgeadventures.com/destinations/uganda-safari/,todo,
UG-165,Uganda,P2,38,best time to visit mount elgon,Best Time to Visit Mount Elgon: Month-by-Month Guide,Destination Tips,Planning,best-time,,https://divulgeadventures.com/destinations/uganda-safari/,todo,
UG-166,Uganda,P2,38,best time to visit murchison falls,Best Time to Visit Murchison Falls: Month-by-Month Guide,Destination Tips,Planning,best-time,,https://divulgeadventures.com/destinations/uganda-safari/,todo,
UG-167,Uganda,P2,38,best time to visit rwenzori mountains,Best Time to Visit Rwenzori Mountains: Month-by-Month Guide,Destination Tips,Planning,best-time,,https://divulgeadventures.com/destinations/uganda-safari/,todo,
UG-168,Uganda,P2,38,best time to visit semuliki,Best Time to Visit Semuliki: Month-by-Month Guide,Destination Tips,Planning,best-time,,https://divulgeadventures.com/destinations/uganda-safari/,todo,
UG-169,Uganda,P2,38,best time to visit sipi falls,Best Time to Visit Sipi Falls: Month-by-Month Guide,Destination Tips,Planning,best-time,,https://divulgeadventures.com/destinations/uganda-safari/,todo,
UG-170,Uganda,P2,38,best time to visit ssese islands,Best Time to Visit Ssese Islands: Month-by-Month Guide,Destination Tips,Planning,best-time,,https://divulgeadventures.com/destinations/uganda-safari/,todo,
UG-171,Uganda,P2,38,best time to visit ziwa rhino sanctuary,Best Time to Visit Ziwa Rhino Sanctuary: Month-by-Month Guide,Destination Tips,Planning,best-time,,https://divulgeadventures.com/destinations/uganda-safari/,todo,
UG-172,Uganda,P2,36,where to stay in jinja,Where to Stay in Jinja: Best Lodges and Camps by Budget,Accommodation Guide,Booking,where-to-stay,,https://divulgeadventures.com/destinations/uganda-safari/,todo,
UG-173,Uganda,P2,36,where to stay in lake bunyonyi,Where to Stay in Lake Bunyonyi: Best Lodges and Camps by Budget,Accommodation Guide,Booking,where-to-stay,,https://divulgeadventures.com/destinations/uganda-safari/,todo,
UG-174,Uganda,P2,36,where to stay in lake mburo,Where to Stay in Lake Mburo: Best Lodges and Camps by Budget,Accommodation Guide,Booking,where-to-stay,,https://divulgeadventures.com/destinations/uganda-safari/,todo,
UG-175,Uganda,P2,36,where to stay in mgahinga,Where to Stay in Mgahinga: Best Lodges and Camps by Budget,Accommodation Guide,Booking,where-to-stay,,https://divulgeadventures.com/destinations/uganda-safari/,todo,
UG-176,Uganda,P2,36,where to stay in murchison falls,Where to Stay in Murchison Falls: Best Lodges and Camps by Budget,Accommodation Guide,Booking,where-to-stay,,https://divulgeadventures.com/destinations/uganda-safari/,todo,
UG-177,Uganda,P2,36,where to stay in rwenzori mountains,Where to Stay in Rwenzori Mountains: Best Lodges and Camps by Budget,Accommodation Guide,Booking,where-to-stay,,https://divulgeadventures.com/destinations/uganda-safari/,todo,
UG-178,Uganda,P2,36,where to stay in ziwa rhino sanctuary,Where to Stay in Ziwa Rhino Sanctuary: Best Lodges and Camps by Budget,Accommodation Guide,Booking,where-to-stay,,https://divulgeadventures.com/destinations/uganda-safari/,todo,
UG-179,Uganda,P2,34,jinja day trip from kampala,"Jinja Day Trip from Kampala: Timings, Costs and Tips",Safari Themes,Booking,day-trip,,https://divulgeadventures.com/destinations/uganda-safari/,todo,
UG-180,Uganda,P2,34,lake mburo day trip from kampala,"Lake Mburo Day Trip from Kampala: Timings, Costs and Tips",Safari Themes,Booking,day-trip,,https://divulgeadventures.com/destinations/uganda-safari/,todo,
UG-181,Uganda,P2,34,ziwa rhino sanctuary day trip from kampala,"Ziwa Rhino Sanctuary Day Trip from Kampala: Timings, Costs and Tips",Safari Themes,Booking,day-trip,,https://divulgeadventures.com/destinations/uganda-safari/,todo,
UG-182,Uganda,P2,33,budongo forest,Budongo Forest: The Complete Visitor Guide,Destination Tips,Research,guide,,https://divulgeadventures.com/destinations/uganda-safari/,todo,
UG-183,Uganda,P2,33,fort portal crater lakes,Fort Portal Crater Lakes: The Complete Visitor Guide,Destination Tips,Research,guide,,https://divulgeadventures.com/destinations/uganda-safari/,todo,
UG-184,Uganda,P2,33,jinja travel guide,"Jinja Travel Guide: Where to Stay, What to Do",Destination Tips,Research,guide,,https://divulgeadventures.com/destinations/uganda-safari/,todo,
UG-185,Uganda,P2,33,kampala travel guide,"Kampala Travel Guide: Where to Stay, What to Do",Destination Tips,Research,guide,,https://divulgeadventures.com/destinations/uganda-safari/,todo,
UG-186,Uganda,P2,33,lake bunyonyi,Lake Bunyonyi: The Complete Visitor Guide,Destination Tips,Research,guide,,https://divulgeadventures.com/destinations/uganda-safari/,todo,
UG-187,Uganda,P2,33,lake mburo national park,"Lake Mburo National Park Guide: Wildlife, Best Time, Fees and Where to Stay",Destination Tips,Research,guide,,https://divulgeadventures.com/destinations/uganda-safari/,todo,
UG-188,Uganda,P2,33,mabamba swamp,Mabamba Swamp: The Complete Visitor Guide,Destination Tips,Research,guide,,https://divulgeadventures.com/destinations/uganda-safari/,todo,
UG-189,Uganda,P2,33,mount elgon national park,"Mount Elgon National Park Guide: Wildlife, Best Time, Fees and Where to Stay",Destination Tips,Research,guide,,https://divulgeadventures.com/destinations/uganda-safari/,todo,
UG-190,Uganda,P2,33,murchison falls national park,"Murchison Falls National Park Guide: Wildlife, Best Time, Fees and Where to Stay",Destination Tips,Research,guide,,https://divulgeadventures.com/destinations/uganda-safari/,todo,
UG-191,Uganda,P2,33,rwenzori mountains national park,"Rwenzori Mountains National Park Guide: Wildlife, Best Time, Fees and Where to Stay",Destination Tips,Research,guide,,https://divulgeadventures.com/destinations/uganda-safari/,todo,
UG-192,Uganda,P2,33,semuliki national park,"Semuliki National Park Guide: Wildlife, Best Time, Fees and Where to Stay",Destination Tips,Research,guide,,https://divulgeadventures.com/destinations/uganda-safari/,todo,
UG-193,Uganda,P2,33,sipi falls,Sipi Falls: The Complete Visitor Guide,Destination Tips,Research,guide,,https://divulgeadventures.com/destinations/uganda-safari/,todo,
UG-194,Uganda,P2,33,sipi falls coffee tour,Sipi Falls Coffee Tour: Prices and What's Included,Safari Themes,Research,experience,,https://divulgeadventures.com/destinations/uganda-safari/,todo,
UG-195,Uganda,P2,33,ssese islands,Ssese Islands: The Complete Visitor Guide,Destination Tips,Research,guide,,https://divulgeadventures.com/destinations/uganda-safari/,todo,
UG-196,Uganda,P2,33,uganda and rwanda safari,Uganda and Rwanda Safari: How to Combine Them in One Trip,Safari Planning Tips,Booking,combo,,https://divulgeadventures.com/destinations/uganda-safari/,todo,
UG-197,Uganda,P2,33,uganda and zanzibar holiday,Uganda and Zanzibar Holiday: How to Combine Them in One Trip,Safari Planning Tips,Booking,combo,,https://divulgeadventures.com/destinations/uganda-safari/,todo,
UG-198,Uganda,P2,33,uganda coffee tour,Uganda Coffee Tour: Prices and What's Included,Safari Themes,Research,experience,,https://divulgeadventures.com/destinations/uganda-safari/,todo,
UG-199,Uganda,P2,33,uganda vs tanzania safari,Uganda vs Tanzania Safari: Which Is Better for Your Trip?,Destination Tips,Planning,comparison,,https://divulgeadventures.com/destinations/uganda-safari/,todo,
UG-200,Uganda,P2,33,ziwa rhino sanctuary,"Ziwa Rhino Sanctuary Guide: Wildlife, Best Time, Fees and Where to Stay",Destination Tips,Research,guide,,https://divulgeadventures.com/destinations/uganda-safari/,todo,
UG-201,Uganda,P2,32,things to do in jinja,Things to Do in Jinja: Top Experiences,Destination Tips,Research,things-to-do,,https://divulgeadventures.com/destinations/uganda-safari/,todo,
UG-202,Uganda,P2,32,things to do in lake bunyonyi,Things to Do in Lake Bunyonyi: Top Experiences,Destination Tips,Research,things-to-do,,https://divulgeadventures.com/destinations/uganda-safari/,todo,
UG-203,Uganda,P2,32,things to do in lake mburo,Things to Do in Lake Mburo: Top Experiences,Destination Tips,Research,things-to-do,,https://divulgeadventures.com/destinations/uganda-safari/,todo,
UG-204,Uganda,P2,32,things to do in mgahinga,Things to Do in Mgahinga: Top Experiences,Destination Tips,Research,things-to-do,,https://divulgeadventures.com/destinations/uganda-safari/,todo,
UG-205,Uganda,P2,32,things to do in murchison falls,Things to Do in Murchison Falls: Top Experiences,Destination Tips,Research,things-to-do,,https://divulgeadventures.com/destinations/uganda-safari/,todo,
UG-206,Uganda,P2,32,things to do in rwenzori mountains,Things to Do in Rwenzori Mountains: Top Experiences,Destination Tips,Research,things-to-do,,https://divulgeadventures.com/destinations/uganda-safari/,todo,
UG-207,Uganda,P2,32,things to do in ziwa rhino sanctuary,Things to Do in Ziwa Rhino Sanctuary: Top Experiences,Destination Tips,Research,things-to-do,,https://divulgeadventures.com/destinations/uganda-safari/,todo,
UG-208,Uganda,P2,31,uganda park fees,Uganda Park Fees: A Practical Guide for Travellers,Safari Planning Tips,Planning,practical,,https://divulgeadventures.com/destinations/uganda-safari/,todo,
UG-209,Uganda,P2,30,how to get to budongo forest from masindi,"How to Get to Budongo Forest from Masindi: Road, Flight and Transfer Options",Safari Planning Tips,Planning,access,,https://divulgeadventures.com/destinations/uganda-safari/,todo,
UG-210,Uganda,P2,30,how to get to fort portal crater lakes from kampala,"How to Get to Fort Portal Crater Lakes from Kampala: Road, Flight and Transfer Options",Safari Planning Tips,Planning,access,,https://divulgeadventures.com/destinations/uganda-safari/,todo,
UG-211,Uganda,P2,30,how to get to lake bunyonyi from kabale,"How to Get to Lake Bunyonyi from Kabale: Road, Flight and Transfer Options",Safari Planning Tips,Planning,access,,https://divulgeadventures.com/destinations/uganda-safari/,todo,
UG-212,Uganda,P2,30,how to get to mgahinga from kigali,"How to Get to Mgahinga from Kigali: Road, Flight and Transfer Options",Safari Planning Tips,Planning,access,,https://divulgeadventures.com/destinations/uganda-safari/,todo,
UG-213,Uganda,P2,30,how to get to mount elgon from kampala,"How to Get to Mount Elgon from Kampala: Road, Flight and Transfer Options",Safari Planning Tips,Planning,access,,https://divulgeadventures.com/destinations/uganda-safari/,todo,
UG-214,Uganda,P2,30,how to get to murchison falls from kampala,"How to Get to Murchison Falls from Kampala: Road, Flight and Transfer Options",Safari Planning Tips,Planning,access,,https://divulgeadventures.com/destinations/uganda-safari/,todo,
UG-215,Uganda,P2,30,how to get to rwenzori mountains from kampala,"How to Get to Rwenzori Mountains from Kampala: Road, Flight and Transfer Options",Safari Planning Tips,Planning,access,,https://divulgeadventures.com/destinations/uganda-safari/,todo,
UG-216,Uganda,P2,30,how to get to semuliki from fort portal,"How to Get to Semuliki from Fort Portal: Road, Flight and Transfer Options",Safari Planning Tips,Planning,access,,https://divulgeadventures.com/destinations/uganda-safari/,todo,
UG-217,Uganda,P2,30,how to get to sipi falls from mbale,"How to Get to Sipi Falls from Mbale: Road, Flight and Transfer Options",Safari Planning Tips,Planning,access,,https://divulgeadventures.com/destinations/uganda-safari/,todo,
UG-218,Uganda,P2,30,murchison falls map and gates,Murchison Falls Map and Gates: Getting Around,Destination Tips,Planning,access,,https://divulgeadventures.com/destinations/uganda-safari/,todo,
UG-219,Uganda,P2,30,where to see shoebill stork in uganda,Where to See Shoebill Stork in Uganda: Best Parks and Months,Safari Themes,Research,wildlife,,https://divulgeadventures.com/destinations/uganda-safari/,todo,
UG-220,Uganda,P3,30,murchison falls delta boat trip,"Murchison Falls Delta Boat Trip: Routes, Timings and Tips",Safari Themes,Research,experience,,https://divulgeadventures.com/destinations/uganda-safari/,todo,
UG-221,Uganda,P3,30,murchison falls hot air balloon,Murchison Falls Hot Air Balloon: What to Know Before You Go,Safari Themes,Research,experience,,https://divulgeadventures.com/destinations/uganda-safari/,todo,
UG-222,Uganda,P3,30,source of the nile tour,Source of the Nile Tour: What to Know Before You Go,Destination Tips,Research,experience,,https://divulgeadventures.com/destinations/uganda-safari/,todo,
UG-223,Uganda,P3,30,top of murchison falls hike,Top of Murchison Falls Hike: What to Know Before You Go,Destination Tips,Research,experience,,https://divulgeadventures.com/destinations/uganda-safari/,todo,
UG-224,Uganda,P3,30,where to see african wild dogs in uganda,Where to See African Wild Dogs in Uganda: Best Parks and Months,Safari Themes,Research,wildlife,,https://divulgeadventures.com/destinations/uganda-safari/,todo,
UG-225,Uganda,P3,30,where to see elephants in uganda,Where to See Elephants in Uganda: Best Parks and Months,Safari Themes,Research,wildlife,,https://divulgeadventures.com/destinations/uganda-safari/,todo,
UG-226,Uganda,P3,30,where to see golden monkeys in uganda,Where to See Golden Monkeys in Uganda: Best Parks and Months,Safari Themes,Research,wildlife,,https://divulgeadventures.com/destinations/uganda-safari/,todo,
UG-227,Uganda,P3,30,where to see hippos in uganda,Where to See Hippos in Uganda: Best Parks and Months,Safari Themes,Research,wildlife,,https://divulgeadventures.com/destinations/uganda-safari/,todo,
UG-228,Uganda,P3,30,where to see l'hoests monkey in uganda,Where to See L'Hoest's Monkey in Uganda: Best Parks and Months,Safari Themes,Research,wildlife,,https://divulgeadventures.com/destinations/uganda-safari/,todo,
UG-229,Uganda,P3,30,where to see leopards in uganda,Where to See Leopards in Uganda: Best Parks and Months,Safari Themes,Research,wildlife,,https://divulgeadventures.com/destinations/uganda-safari/,todo,
UG-230,Uganda,P3,30,where to see rothschild giraffe in uganda,Where to See Rothschild Giraffe in Uganda: Best Parks and Months,Safari Themes,Research,wildlife,,https://divulgeadventures.com/destinations/uganda-safari/,todo,
UG-231,Uganda,P3,30,where to see uganda kob in uganda,Where to See Uganda Kob in Uganda: Best Parks and Months,Safari Themes,Research,wildlife,,https://divulgeadventures.com/destinations/uganda-safari/,todo,
UG-232,Uganda,P3,30,where to see white rhinos in uganda,Where to See White Rhinos in Uganda: Best Parks and Months,Safari Themes,Research,wildlife,,https://divulgeadventures.com/destinations/uganda-safari/,todo,
UG-233,Uganda,P3,29,arcadia cottages lake bunyonyi,"Arcadia Cottages Lake Bunyonyi: Rooms, Location and What to Expect",Accommodation Guide,Booking,lodge,,https://divulgeadventures.com/destinations/uganda-safari/,todo,"Describe from the property's official website only. If it cannot be verified as currently operating, mark this row skip."
UG-234,Uganda,P3,29,bakers lodge murchison,"Baker's Lodge Murchison: Rooms, Location and What to Expect",Accommodation Guide,Booking,lodge,,https://divulgeadventures.com/destinations/uganda-safari/,todo,"Describe from the property's official website only. If it cannot be verified as currently operating, mark this row skip."
UG-235,Uganda,P3,29,birdnest resort lake bunyonyi,"Birdnest Resort Lake Bunyonyi: Rooms, Location and What to Expect",Accommodation Guide,Booking,lodge,,https://divulgeadventures.com/destinations/uganda-safari/,todo,"Describe from the property's official website only. If it cannot be verified as currently operating, mark this row skip."
UG-236,Uganda,P3,29,buhoma lodge,"Buhoma Lodge: Rooms, Location and What to Expect",Accommodation Guide,Booking,lodge,,https://divulgeadventures.com/destinations/uganda-safari/,todo,"Describe from the property's official website only. If it cannot be verified as currently operating, mark this row skip."
UG-237,Uganda,P3,29,chobe safari lodge uganda,"Chobe Safari Lodge Uganda: Rooms, Location and What to Expect",Accommodation Guide,Booking,lodge,,https://divulgeadventures.com/destinations/uganda-safari/,todo,"Describe from the property's official website only. If it cannot be verified as currently operating, mark this row skip."
UG-238,Uganda,P3,29,elephant plains lodge,"Elephant Plains Lodge: Rooms, Location and What to Expect",Accommodation Guide,Booking,lodge,,https://divulgeadventures.com/destinations/uganda-safari/,todo,"Describe from the property's official website only. If it cannot be verified as currently operating, mark this row skip."
UG-239,Uganda,P3,29,katara lodge,"Katara Lodge: Rooms, Location and What to Expect",Accommodation Guide,Booking,lodge,,https://divulgeadventures.com/destinations/uganda-safari/,todo,"Describe from the property's official website only. If it cannot be verified as currently operating, mark this row skip."
UG-240,Uganda,P3,29,kyaninga lodge,"Kyaninga Lodge: Rooms, Location and What to Expect",Accommodation Guide,Booking,lodge,,https://divulgeadventures.com/destinations/uganda-safari/,todo,"Describe from the property's official website only. If it cannot be verified as currently operating, mark this row skip."
UG-241,Uganda,P3,29,mahogany springs lodge,"Mahogany Springs Lodge: Rooms, Location and What to Expect",Accommodation Guide,Booking,lodge,,https://divulgeadventures.com/destinations/uganda-safari/,todo,"Describe from the property's official website only. If it cannot be verified as currently operating, mark this row skip."
UG-242,Uganda,P3,29,mihingo lodge,"Mihingo Lodge: Rooms, Location and What to Expect",Accommodation Guide,Booking,lodge,,https://divulgeadventures.com/destinations/uganda-safari/,todo,"Describe from the property's official website only. If it cannot be verified as currently operating, mark this row skip."
UG-243,Uganda,P3,29,ndali lodge,"Ndali Lodge: Rooms, Location and What to Expect",Accommodation Guide,Booking,lodge,,https://divulgeadventures.com/destinations/uganda-safari/,todo,"Describe from the property's official website only. If it cannot be verified as currently operating, mark this row skip."
UG-244,Uganda,P3,29,nile safari lodge,"Nile Safari Lodge: Rooms, Location and What to Expect",Accommodation Guide,Booking,lodge,,https://divulgeadventures.com/destinations/uganda-safari/,todo,"Describe from the property's official website only. If it cannot be verified as currently operating, mark this row skip."
UG-245,Uganda,P3,29,papaya lake lodge,"Papaya Lake Lodge: Rooms, Location and What to Expect",Accommodation Guide,Booking,lodge,,https://divulgeadventures.com/destinations/uganda-safari/,todo,"Describe from the property's official website only. If it cannot be verified as currently operating, mark this row skip."
UG-246,Uganda,P3,29,paraa safari lodge,"Paraa Safari Lodge: Rooms, Location and What to Expect",Accommodation Guide,Booking,lodge,,https://divulgeadventures.com/destinations/uganda-safari/,todo,"Describe from the property's official website only. If it cannot be verified as currently operating, mark this row skip."
UG-247,Uganda,P3,29,wildwaters lodge jinja,"Wildwaters Lodge Jinja: Rooms, Location and What to Expect",Accommodation Guide,Booking,lodge,,https://divulgeadventures.com/destinations/uganda-safari/,todo,"Describe from the property's official website only. If it cannot be verified as currently operating, mark this row skip."
UG-248,Uganda,P3,28,is uganda safe for tourists,Is Uganda Safe for Tourists: A Practical Guide for Travellers,Safari Planning Tips,Planning,practical,,https://divulgeadventures.com/destinations/uganda-safari/,todo,
UG-249,Uganda,P3,28,money in uganda for travellers,Money in Uganda for Travellers: A Practical Guide for Travellers,Safari Planning Tips,Planning,practical,,https://divulgeadventures.com/destinations/uganda-safari/,todo,
UG-250,Uganda,P3,28,uganda sim card for tourists,Uganda SIM Card for Tourists: A Practical Guide for Travellers,Safari Planning Tips,Planning,practical,,https://divulgeadventures.com/destinations/uganda-safari/,todo,
UG-251,Uganda,P3,27,batwa cultural experience,Batwa Cultural Experience: What to Know Before You Go,Safari Themes,Research,experience,,https://divulgeadventures.com/destinations/uganda-safari/,todo,
UG-252,Uganda,P3,27,big five in uganda,Big Five in Uganda: Where and When to See Them,Safari Themes,Research,wildlife,,https://divulgeadventures.com/destinations/uganda-safari/,todo,
UG-253,Uganda,P3,27,bigodi wetland sanctuary,Bigodi Wetland Sanctuary: What to Know Before You Go,Destination Tips,Research,experience,,https://divulgeadventures.com/destinations/uganda-safari/,todo,
UG-254,Uganda,P3,27,bungee jumping jinja,Bungee Jumping Jinja: What to Know Before You Go,Safari Themes,Research,experience,,https://divulgeadventures.com/destinations/uganda-safari/,todo,
UG-255,Uganda,P3,27,canoeing lake bunyonyi,Canoeing Lake Bunyonyi: What to Know Before You Go,Safari Themes,Research,experience,,https://divulgeadventures.com/destinations/uganda-safari/,todo,
UG-256,Uganda,P3,27,driving in uganda,Driving in Uganda: What to Know Before You Go,Safari Planning Tips,Research,experience,,https://divulgeadventures.com/destinations/uganda-safari/,todo,
UG-257,Uganda,P3,27,fort portal tea estates,Fort Portal Tea Estates: What to Know Before You Go,Destination Tips,Research,experience,,https://divulgeadventures.com/destinations/uganda-safari/,todo,
UG-258,Uganda,P3,27,ik people visit,Ik People Visit: What to Know Before You Go,Safari Themes,Research,experience,,https://divulgeadventures.com/destinations/uganda-safari/,todo,
UG-259,Uganda,P3,27,kampala city tour,Kampala City Tour: What to Know Before You Go,Destination Tips,Research,experience,,https://divulgeadventures.com/destinations/uganda-safari/,todo,
UG-260,Uganda,P3,27,kampala nightlife,Kampala Nightlife: What to Know Before You Go,Destination Tips,Research,experience,,https://divulgeadventures.com/destinations/uganda-safari/,todo,
UG-261,Uganda,P3,27,kampala restaurants,Kampala Restaurants: What to Know Before You Go,Destination Tips,Research,experience,,https://divulgeadventures.com/destinations/uganda-safari/,todo,
UG-262,Uganda,P3,27,kaniyo pabidi forest,Kaniyo Pabidi Forest: What to Know Before You Go,Destination Tips,Research,experience,,https://divulgeadventures.com/destinations/uganda-safari/,todo,
UG-263,Uganda,P3,27,kasenyi plains game drive,"Kasenyi Plains Game Drive: Routes, Timings and Tips",Safari Themes,Research,experience,,https://divulgeadventures.com/destinations/uganda-safari/,todo,
UG-264,Uganda,P3,27,kasubi tombs,Kasubi Tombs: What to Know Before You Go,Destination Tips,Research,experience,,https://divulgeadventures.com/destinations/uganda-safari/,todo,
UG-265,Uganda,P3,27,lake katwe salt mines,Lake Katwe Salt Mines: What to Know Before You Go,Destination Tips,Research,experience,,https://divulgeadventures.com/destinations/uganda-safari/,todo,
UG-266,Uganda,P3,27,lake mburo boat trip,"Lake Mburo Boat Trip: Routes, Timings and Tips",Safari Themes,Research,experience,,https://divulgeadventures.com/destinations/uganda-safari/,todo,
UG-267,Uganda,P3,27,lake mburo horseback safari,Lake Mburo Horseback Safari: What to Know Before You Go,Safari Themes,Research,experience,,https://divulgeadventures.com/destinations/uganda-safari/,todo,
UG-268,Uganda,P3,27,lake mburo walking safari,Lake Mburo Walking Safari: What to Know Before You Go,Safari Themes,Research,experience,,https://divulgeadventures.com/destinations/uganda-safari/,todo,
UG-269,Uganda,P3,27,lake mutanda canoeing,Lake Mutanda Canoeing: What to Know Before You Go,Safari Themes,Research,experience,,https://divulgeadventures.com/destinations/uganda-safari/,todo,
UG-270,Uganda,P3,27,lake victoria fishing trip,Lake Victoria Fishing Trip: What to Know Before You Go,Safari Themes,Research,experience,,https://divulgeadventures.com/destinations/uganda-safari/,todo,
UG-271,Uganda,P3,27,margherita peak climb,Margherita Peak Climb: What to Know Before You Go,Destination Tips,Research,experience,,https://divulgeadventures.com/destinations/uganda-safari/,todo,
UG-272,Uganda,P3,27,mount elgon hiking,Mount Elgon Hiking: What to Know Before You Go,Destination Tips,Research,experience,,https://divulgeadventures.com/destinations/uganda-safari/,todo,
UG-273,Uganda,P3,27,mountain biking jinja,Mountain Biking Jinja: What to Know Before You Go,Safari Themes,Research,experience,,https://divulgeadventures.com/destinations/uganda-safari/,todo,
UG-274,Uganda,P3,27,murchison falls animals,Murchison Falls Animals: What Wildlife You Can See,Destination Tips,Research,wildlife,,https://divulgeadventures.com/destinations/uganda-safari/,todo,
UG-275,Uganda,P3,27,murchison falls boat trip,"Murchison Falls Boat Trip: Routes, Timings and Tips",Safari Themes,Research,experience,,https://divulgeadventures.com/destinations/uganda-safari/,todo,
UG-276,Uganda,P3,27,murchison falls fishing,Murchison Falls Fishing: What to Know Before You Go,Safari Themes,Research,experience,,https://divulgeadventures.com/destinations/uganda-safari/,todo,
UG-277,Uganda,P3,27,nile kayaking jinja,Nile Kayaking Jinja: What to Know Before You Go,Safari Themes,Research,experience,,https://divulgeadventures.com/destinations/uganda-safari/,todo,
UG-278,Uganda,P3,27,rhino tracking ziwa,Rhino Tracking Ziwa: What to Know Before You Go,Safari Themes,Research,experience,,https://divulgeadventures.com/destinations/uganda-safari/,todo,
UG-279,Uganda,P3,27,rwenzori central circuit trek,Rwenzori Central Circuit Trek: What to Know Before You Go,Destination Tips,Research,experience,,https://divulgeadventures.com/destinations/uganda-safari/,todo,
UG-280,Uganda,P3,27,ssezibwa falls,Ssezibwa Falls: What to Know Before You Go,Destination Tips,Research,experience,,https://divulgeadventures.com/destinations/uganda-safari/,todo,
UG-281,Uganda,P3,27,toro kingdom palace,Toro Kingdom Palace: What to Know Before You Go,Destination Tips,Research,experience,,https://divulgeadventures.com/destinations/uganda-safari/,todo,
UG-282,Uganda,P3,27,uganda birding safari,Uganda Birding Safari: What to Know Before You Go,Safari Themes,Research,experience,,https://divulgeadventures.com/destinations/uganda-safari/,todo,
UG-283,Uganda,P3,27,uganda budget safari,Uganda Budget Safari: What to Know Before You Go,Safari Planning Tips,Research,experience,,https://divulgeadventures.com/destinations/uganda-safari/,todo,
UG-284,Uganda,P3,27,uganda car rental,Uganda Car Rental: What to Know Before You Go,Safari Planning Tips,Research,experience,,https://divulgeadventures.com/destinations/uganda-safari/,todo,
UG-285,Uganda,P3,27,uganda currency,Uganda Currency: What to Know Before You Go,Safari Planning Tips,Research,experience,,https://divulgeadventures.com/destinations/uganda-safari/,todo,
UG-286,Uganda,P3,27,uganda equator crossing kayabwa,Uganda Equator Crossing Kayabwa: What to Know Before You Go,Destination Tips,Research,experience,,https://divulgeadventures.com/destinations/uganda-safari/,todo,
UG-287,Uganda,P3,27,uganda family safari,Uganda Family Safari: What to Know Before You Go,Safari Themes,Research,experience,,https://divulgeadventures.com/destinations/uganda-safari/,todo,
UG-288,Uganda,P3,27,uganda fly in safari,Uganda Fly in Safari: What to Know Before You Go,Safari Planning Tips,Research,experience,,https://divulgeadventures.com/destinations/uganda-safari/,todo,
UG-289,Uganda,P3,27,uganda honeymoon,Uganda Honeymoon: What to Know Before You Go,Safari Themes,Research,experience,,https://divulgeadventures.com/destinations/uganda-safari/,todo,
UG-290,Uganda,P3,27,uganda luxury safari,Uganda Luxury Safari: What to Know Before You Go,Safari Themes,Research,experience,,https://divulgeadventures.com/destinations/uganda-safari/,todo,
UG-291,Uganda,P3,27,uganda malaria advice,Uganda Malaria Advice: What to Know Before You Go,Safari Planning Tips,Research,experience,,https://divulgeadventures.com/destinations/uganda-safari/,todo,
UG-292,Uganda,P3,27,uganda martyrs shrine namugongo,Uganda Martyrs Shrine Namugongo: What to Know Before You Go,Destination Tips,Research,experience,,https://divulgeadventures.com/destinations/uganda-safari/,todo,
UG-293,Uganda,P3,27,uganda museum kampala,Uganda Museum Kampala: What to Know Before You Go,Destination Tips,Research,experience,,https://divulgeadventures.com/destinations/uganda-safari/,todo,
UG-294,Uganda,P3,27,uganda photography safari,Uganda Photography Safari: What to Know Before You Go,Safari Themes,Research,experience,,https://divulgeadventures.com/destinations/uganda-safari/,todo,
UG-295,Uganda,P3,27,uganda public holidays travel,Uganda Public Holidays Travel: What to Know Before You Go,Safari Planning Tips,Research,experience,,https://divulgeadventures.com/destinations/uganda-safari/,todo,
UG-296,Uganda,P3,27,uganda rolex street food,Uganda Rolex Street Food: What to Know Before You Go,Safari Planning Tips,Research,experience,,https://divulgeadventures.com/destinations/uganda-safari/,todo,
UG-297,Uganda,P3,27,uganda self drive safari,"Uganda Self Drive Safari: Routes, Timings and Tips",Safari Planning Tips,Research,experience,,https://divulgeadventures.com/destinations/uganda-safari/,todo,
UG-298,Uganda,P3,27,uganda solo travel,Uganda Solo Travel: What to Know Before You Go,Safari Themes,Research,experience,,https://divulgeadventures.com/destinations/uganda-safari/,todo,
UG-299,Uganda,P3,27,uganda souvenirs to buy,Uganda Souvenirs to Buy: What to Know Before You Go,Safari Planning Tips,Research,experience,,https://divulgeadventures.com/destinations/uganda-safari/,todo,
UG-300,Uganda,P3,27,uganda travel insurance,Uganda Travel Insurance: What to Know Before You Go,Safari Planning Tips,Research,experience,,https://divulgeadventures.com/destinations/uganda-safari/,todo,
UG-301,Uganda,P3,27,uganda vaccinations for travellers,Uganda Vaccinations for Travellers: What to Know Before You Go,Safari Planning Tips,Research,experience,,https://divulgeadventures.com/destinations/uganda-safari/,todo,
UG-302,Uganda,P3,27,uganda wildlife education centre,Uganda Wildlife Education Centre: What to Know Before You Go,Destination Tips,Research,experience,,https://divulgeadventures.com/destinations/uganda-safari/,todo,
UG-303,Uganda,P3,27,ugandan food to try,Ugandan Food to Try: What to Know Before You Go,Safari Planning Tips,Research,experience,,https://divulgeadventures.com/destinations/uganda-safari/,todo,
UG-304,Uganda,P3,27,white water rafting jinja,White Water Rafting Jinja: What to Know Before You Go,Safari Themes,Research,experience,,https://divulgeadventures.com/destinations/uganda-safari/,todo,
UG-305,Uganda,P3,25,east africa tourist visa,East Africa Tourist Visa: A Practical Guide for Travellers,Safari Planning Tips,Planning,practical,,https://divulgeadventures.com/destinations/uganda-safari/,todo,
UG-306,Uganda,P3,25,uganda domestic flights,Uganda Domestic Flights: A Practical Guide for Travellers,Safari Planning Tips,Planning,practical,,https://divulgeadventures.com/destinations/uganda-safari/,todo,
UG-307,Uganda,P3,25,uganda power plugs,Uganda Power Plugs: A Practical Guide for Travellers,Safari Planning Tips,Planning,practical,,https://divulgeadventures.com/destinations/uganda-safari/,todo,
UG-308,Uganda,P3,25,uganda rainy season safari,Uganda Rainy Season Safari: A Practical Guide for Travellers,Safari Planning Tips,Planning,practical,,https://divulgeadventures.com/destinations/uganda-safari/,todo,
UG-309,Uganda,P3,25,uganda visa for tourists,Uganda Visa for Tourists: A Practical Guide for Travellers,Safari Planning Tips,Planning,practical,,https://divulgeadventures.com/destinations/uganda-safari/,todo,
UG-310,Uganda,P3,25,uganda weather by month,Uganda Weather by Month: A Practical Guide for Travellers,Safari Planning Tips,Planning,practical,,https://divulgeadventures.com/destinations/uganda-safari/,todo,
UG-311,Uganda,P3,25,uganda yellow fever requirement,Uganda Yellow Fever Requirement: A Practical Guide for Travellers,Safari Planning Tips,Planning,practical,,https://divulgeadventures.com/destinations/uganda-safari/,todo,
RW-001,Rwanda,P1,85,golden monkey trekking rwanda,Golden Monkey Trekking Rwanda,Destination Tips,Planning,core,,https://divulgeadventures.com/destinations/rwanda-gorilla-trek/,todo,Core topic from the original plan: written before other topics of the same destination.
RW-002,Rwanda,P1,85,how hard is gorilla trekking,How Hard Is Gorilla Trekking,Safari Planning Tips,Planning,core,,https://divulgeadventures.com/destinations/rwanda-gorilla-trek/,todo,Core topic from the original plan: written before other topics of the same destination.
RW-003,Rwanda,P1,85,rwanda gorilla permit cost,Rwanda Gorilla Permit Cost,Safari Planning Tips,Planning,core,,https://divulgeadventures.com/destinations/rwanda-gorilla-trek/,todo,Core topic from the original plan: written before other topics of the same destination.
RW-004,Rwanda,P1,85,rwanda vs uganda gorilla trekking,Rwanda vs Uganda Gorilla Trekking,Destination Tips,Planning,core,,https://divulgeadventures.com/destinations/rwanda-gorilla-trek/,todo,Core topic from the original plan: written before other topics of the same destination.
RW-005,Rwanda,P1,48,volcanoes national park safari cost,"Volcanoes National Park Safari Cost: Park Fees, Lodges and Total Prices",Safari Planning Tips,Booking,cost,,https://divulgeadventures.com/destinations/rwanda-gorilla-trek/,todo,Include the current entrance/park fees in this post (there is no separate fees post for this park).
RW-006,Rwanda,P1,45,akagera safari cost,"Akagera Safari Cost: Park Fees, Lodges and Total Prices",Safari Planning Tips,Booking,cost,,https://divulgeadventures.com/destinations/rwanda-gorilla-trek/,todo,Include the current entrance/park fees in this post (there is no separate fees post for this park).
RW-007,Rwanda,P1,45,nyungwe safari cost,"Nyungwe Safari Cost: Park Fees, Lodges and Total Prices",Safari Planning Tips,Booking,cost,,https://divulgeadventures.com/destinations/rwanda-gorilla-trek/,todo,Include the current entrance/park fees in this post (there is no separate fees post for this park).
RW-008,Rwanda,P1,41,gishwati mukura entrance fees,Gishwati Mukura Entrance Fees: Current Rates and How to Pay,Safari Planning Tips,Booking,fees,,https://divulgeadventures.com/destinations/rwanda-gorilla-trek/,todo,
RW-009,Rwanda,P1,39,rwanda travel guide,Rwanda Travel Guide: Everything You Need to Plan Your Trip,Safari Planning Tips,Booking,pillar,,https://divulgeadventures.com/destinations/rwanda-gorilla-trek/,todo,
RW-010,Rwanda,P1,38,lake kivu 3 day itinerary,Lake Kivu 3-Day Itinerary: How to Spend Three Days,Safari Planning Tips,Booking,itinerary,,https://divulgeadventures.com/destinations/rwanda-gorilla-trek/,todo,
RW-011,Rwanda,P1,38,volcanoes national park 3 day itinerary,Volcanoes National Park 3-Day Itinerary: How to Spend Three Days,Safari Planning Tips,Booking,itinerary,,https://divulgeadventures.com/destinations/rwanda-gorilla-trek/,todo,
RW-012,Rwanda,P1,36,best time to visit akagera,Best Time to Visit Akagera: Month-by-Month Guide,Destination Tips,Planning,best-time,,https://divulgeadventures.com/destinations/rwanda-gorilla-trek/,todo,
RW-013,Rwanda,P1,36,best time to visit gisenyi rubavu,Best Time to Visit Gisenyi Rubavu: Month-by-Month Guide,Destination Tips,Planning,best-time,,https://divulgeadventures.com/destinations/rwanda-gorilla-trek/,todo,
RW-014,Rwanda,P1,36,best time to visit gishwati mukura,Best Time to Visit Gishwati Mukura: Month-by-Month Guide,Destination Tips,Planning,best-time,,https://divulgeadventures.com/destinations/rwanda-gorilla-trek/,todo,
RW-015,Rwanda,P1,36,best time to visit huye butare,Best Time to Visit Huye Butare: Month-by-Month Guide,Destination Tips,Planning,best-time,,https://divulgeadventures.com/destinations/rwanda-gorilla-trek/,todo,
RW-016,Rwanda,P1,36,best time to visit kibuye karongi,Best Time to Visit Kibuye Karongi: Month-by-Month Guide,Destination Tips,Planning,best-time,,https://divulgeadventures.com/destinations/rwanda-gorilla-trek/,todo,
RW-017,Rwanda,P1,36,best time to visit kigali,Best Time to Visit Kigali: Month-by-Month Guide,Destination Tips,Planning,best-time,,https://divulgeadventures.com/destinations/rwanda-gorilla-trek/,todo,
RW-018,Rwanda,P1,36,best time to visit lake kivu,Best Time to Visit Lake Kivu: Month-by-Month Guide,Destination Tips,Planning,best-time,,https://divulgeadventures.com/destinations/rwanda-gorilla-trek/,todo,
RW-019,Rwanda,P1,36,best time to visit lake muhazi,Best Time to Visit Lake Muhazi: Month-by-Month Guide,Destination Tips,Planning,best-time,,https://divulgeadventures.com/destinations/rwanda-gorilla-trek/,todo,
RW-020,Rwanda,P1,36,best time to visit musanze,Best Time to Visit Musanze: Month-by-Month Guide,Destination Tips,Planning,best-time,,https://divulgeadventures.com/destinations/rwanda-gorilla-trek/,todo,
RW-021,Rwanda,P1,36,best time to visit nyungwe,Best Time to Visit Nyungwe: Month-by-Month Guide,Destination Tips,Planning,best-time,,https://divulgeadventures.com/destinations/rwanda-gorilla-trek/,todo,
RW-022,Rwanda,P1,36,best time to visit twin lakes burera and ruhondo,Best Time to Visit Twin Lakes Burera and Ruhondo: Month-by-Month Guide,Destination Tips,Planning,best-time,,https://divulgeadventures.com/destinations/rwanda-gorilla-trek/,todo,
RW-023,Rwanda,P1,36,best time to visit volcanoes national park,Best Time to Visit Volcanoes National Park: Month-by-Month Guide,Destination Tips,Planning,best-time,,https://divulgeadventures.com/destinations/rwanda-gorilla-trek/,todo,
RW-024,Rwanda,P1,35,10 day rwanda itinerary,"10 Day Rwanda Itinerary: Day-by-Day Route, Costs and Tips",Safari Planning Tips,Booking,itinerary,,https://divulgeadventures.com/destinations/rwanda-gorilla-trek/,todo,
RW-025,Rwanda,P1,35,2 day rwanda itinerary,"2 Day Rwanda Itinerary: Day-by-Day Route, Costs and Tips",Safari Planning Tips,Booking,itinerary,,https://divulgeadventures.com/destinations/rwanda-gorilla-trek/,todo,
RW-026,Rwanda,P1,35,3 day rwanda itinerary,"3 Day Rwanda Itinerary: Day-by-Day Route, Costs and Tips",Safari Planning Tips,Booking,itinerary,,https://divulgeadventures.com/destinations/rwanda-gorilla-trek/,todo,
RW-027,Rwanda,P1,35,4 day rwanda itinerary,"4 Day Rwanda Itinerary: Day-by-Day Route, Costs and Tips",Safari Planning Tips,Booking,itinerary,,https://divulgeadventures.com/destinations/rwanda-gorilla-trek/,todo,
RW-028,Rwanda,P1,35,5 day rwanda itinerary,"5 Day Rwanda Itinerary: Day-by-Day Route, Costs and Tips",Safari Planning Tips,Booking,itinerary,,https://divulgeadventures.com/destinations/rwanda-gorilla-trek/,todo,
RW-029,Rwanda,P1,35,6 day rwanda itinerary,"6 Day Rwanda Itinerary: Day-by-Day Route, Costs and Tips",Safari Planning Tips,Booking,itinerary,,https://divulgeadventures.com/destinations/rwanda-gorilla-trek/,todo,
RW-030,Rwanda,P1,35,7 day rwanda itinerary,"7 Day Rwanda Itinerary: Day-by-Day Route, Costs and Tips",Safari Planning Tips,Booking,itinerary,,https://divulgeadventures.com/destinations/rwanda-gorilla-trek/,todo,
RW-031,Rwanda,P1,35,8 day rwanda itinerary,"8 Day Rwanda Itinerary: Day-by-Day Route, Costs and Tips",Safari Planning Tips,Booking,itinerary,,https://divulgeadventures.com/destinations/rwanda-gorilla-trek/,todo,
RW-032,Rwanda,P1,35,akagera 3 day itinerary,Akagera 3-Day Itinerary: How to Spend Three Days,Safari Planning Tips,Booking,itinerary,,https://divulgeadventures.com/destinations/rwanda-gorilla-trek/,todo,
RW-033,Rwanda,P1,35,kigali 3 day itinerary,Kigali 3-Day Itinerary: How to Spend Three Days,Safari Planning Tips,Booking,itinerary,,https://divulgeadventures.com/destinations/rwanda-gorilla-trek/,todo,
RW-034,Rwanda,P1,35,nyungwe 3 day itinerary,Nyungwe 3-Day Itinerary: How to Spend Three Days,Safari Planning Tips,Booking,itinerary,,https://divulgeadventures.com/destinations/rwanda-gorilla-trek/,todo,
RW-035,Rwanda,P1,34,golden monkeys vs gorillas trek,Golden Monkeys vs Gorillas Trek: Which Is Better for Your Trip?,Destination Tips,Planning,comparison,,https://divulgeadventures.com/destinations/rwanda-gorilla-trek/,todo,
RW-036,Rwanda,P1,34,gorilla permit rates for east african residents,Gorilla Permit Rates for East African Residents: Prices and What's Included,Safari Planning Tips,Research,experience,,https://divulgeadventures.com/destinations/rwanda-gorilla-trek/,todo,
RW-037,Rwanda,P1,34,lake kivu coffee island tour,Lake Kivu Coffee Island Tour: Prices and What's Included,Safari Themes,Research,experience,,https://divulgeadventures.com/destinations/rwanda-gorilla-trek/,todo,
RW-038,Rwanda,P1,34,lake kivu vs lake bunyonyi,Lake Kivu vs Lake Bunyonyi: Which Is Better for Your Trip?,Destination Tips,Planning,comparison,,https://divulgeadventures.com/destinations/rwanda-gorilla-trek/,todo,
RW-039,Rwanda,P1,34,rwanda and uganda gorilla safari,Rwanda and Uganda Gorilla Safari: How to Combine Them in One Trip,Safari Planning Tips,Booking,combo,,https://divulgeadventures.com/destinations/rwanda-gorilla-trek/,todo,
RW-040,Rwanda,P1,34,rwanda gorilla permit cancellation policy,Rwanda Gorilla Permit Cancellation Policy: Prices and What's Included,Safari Planning Tips,Research,experience,,https://divulgeadventures.com/destinations/rwanda-gorilla-trek/,todo,
RW-041,Rwanda,P1,34,rwanda gorillas and akagera itinerary,Rwanda Gorillas and Akagera Itinerary: How to Combine Them in One Trip,Safari Planning Tips,Booking,combo,,https://divulgeadventures.com/destinations/rwanda-gorilla-trek/,todo,
RW-042,Rwanda,P1,34,rwanda gorillas and masai mara,Rwanda Gorillas and Masai Mara: How to Combine Them in One Trip,Safari Planning Tips,Booking,combo,,https://divulgeadventures.com/destinations/rwanda-gorilla-trek/,todo,
RW-043,Rwanda,P1,34,twin lakes burera and ruhondo,Twin Lakes Burera and Ruhondo: The Complete Visitor Guide,Destination Tips,Research,guide,,https://divulgeadventures.com/destinations/rwanda-gorilla-trek/,todo,
RW-044,Rwanda,P1,34,where to stay in akagera,Where to Stay in Akagera: Best Lodges and Camps by Budget,Accommodation Guide,Booking,where-to-stay,,https://divulgeadventures.com/destinations/rwanda-gorilla-trek/,todo,
RW-045,Rwanda,P1,34,where to stay in gisenyi rubavu,Where to Stay in Gisenyi Rubavu: Best Lodges and Camps by Budget,Accommodation Guide,Booking,where-to-stay,,https://divulgeadventures.com/destinations/rwanda-gorilla-trek/,todo,
RW-046,Rwanda,P1,34,where to stay in gishwati mukura,Where to Stay in Gishwati Mukura: Best Lodges and Camps by Budget,Accommodation Guide,Booking,where-to-stay,,https://divulgeadventures.com/destinations/rwanda-gorilla-trek/,todo,
RW-047,Rwanda,P1,34,where to stay in kigali,Where to Stay in Kigali: Best Lodges and Camps by Budget,Accommodation Guide,Booking,where-to-stay,,https://divulgeadventures.com/destinations/rwanda-gorilla-trek/,todo,
RW-048,Rwanda,P1,34,where to stay in lake kivu,Where to Stay in Lake Kivu: Best Lodges and Camps by Budget,Accommodation Guide,Booking,where-to-stay,,https://divulgeadventures.com/destinations/rwanda-gorilla-trek/,todo,
RW-049,Rwanda,P1,34,where to stay in musanze,Where to Stay in Musanze: Best Lodges and Camps by Budget,Accommodation Guide,Booking,where-to-stay,,https://divulgeadventures.com/destinations/rwanda-gorilla-trek/,todo,
RW-050,Rwanda,P1,34,where to stay in nyungwe,Where to Stay in Nyungwe: Best Lodges and Camps by Budget,Accommodation Guide,Booking,where-to-stay,,https://divulgeadventures.com/destinations/rwanda-gorilla-trek/,todo,
RW-051,Rwanda,P1,34,where to stay in volcanoes national park,Where to Stay in Volcanoes National Park: Best Lodges and Camps by Budget,Accommodation Guide,Booking,where-to-stay,,https://divulgeadventures.com/destinations/rwanda-gorilla-trek/,todo,
RW-052,Rwanda,P1,33,rwanda in april,"Rwanda in April: Weather, Wildlife and What to Expect",Destination Tips,Planning,month,april,https://divulgeadventures.com/destinations/rwanda-gorilla-trek/,todo,
RW-053,Rwanda,P1,33,rwanda in august,"Rwanda in August: Weather, Wildlife and What to Expect",Destination Tips,Planning,month,august,https://divulgeadventures.com/destinations/rwanda-gorilla-trek/,todo,
RW-054,Rwanda,P1,33,rwanda in december,"Rwanda in December: Weather, Wildlife and What to Expect",Destination Tips,Planning,month,december,https://divulgeadventures.com/destinations/rwanda-gorilla-trek/,todo,
RW-055,Rwanda,P1,33,rwanda in february,"Rwanda in February: Weather, Wildlife and What to Expect",Destination Tips,Planning,month,february,https://divulgeadventures.com/destinations/rwanda-gorilla-trek/,todo,
RW-056,Rwanda,P1,33,rwanda in january,"Rwanda in January: Weather, Wildlife and What to Expect",Destination Tips,Planning,month,january,https://divulgeadventures.com/destinations/rwanda-gorilla-trek/,todo,
RW-057,Rwanda,P1,33,rwanda in july,"Rwanda in July: Weather, Wildlife and What to Expect",Destination Tips,Planning,month,july,https://divulgeadventures.com/destinations/rwanda-gorilla-trek/,todo,
RW-058,Rwanda,P1,33,rwanda in june,"Rwanda in June: Weather, Wildlife and What to Expect",Destination Tips,Planning,month,june,https://divulgeadventures.com/destinations/rwanda-gorilla-trek/,todo,
RW-059,Rwanda,P1,33,rwanda in march,"Rwanda in March: Weather, Wildlife and What to Expect",Destination Tips,Planning,month,march,https://divulgeadventures.com/destinations/rwanda-gorilla-trek/,todo,
RW-060,Rwanda,P1,33,rwanda in may,"Rwanda in May: Weather, Wildlife and What to Expect",Destination Tips,Planning,month,may,https://divulgeadventures.com/destinations/rwanda-gorilla-trek/,todo,
RW-061,Rwanda,P1,33,rwanda in november,"Rwanda in November: Weather, Wildlife and What to Expect",Destination Tips,Planning,month,november,https://divulgeadventures.com/destinations/rwanda-gorilla-trek/,todo,
RW-062,Rwanda,P1,33,rwanda in october,"Rwanda in October: Weather, Wildlife and What to Expect",Destination Tips,Planning,month,october,https://divulgeadventures.com/destinations/rwanda-gorilla-trek/,todo,
RW-063,Rwanda,P1,33,rwanda in september,"Rwanda in September: Weather, Wildlife and What to Expect",Destination Tips,Planning,month,september,https://divulgeadventures.com/destinations/rwanda-gorilla-trek/,todo,
RW-064,Rwanda,P1,32,akagera day trip from kigali,"Akagera Day Trip from Kigali: Timings, Costs and Tips",Safari Themes,Booking,day-trip,,https://divulgeadventures.com/destinations/rwanda-gorilla-trek/,todo,
RW-065,Rwanda,P1,32,how to book a gorilla permit in rwanda,How to Book a Gorilla Permit in Rwanda: A Practical Guide for Travellers,Safari Planning Tips,Planning,practical,,https://divulgeadventures.com/destinations/rwanda-gorilla-trek/,todo,
RW-066,Rwanda,P1,31,akagera national park,"Akagera National Park Guide: Wildlife, Best Time, Fees and Where to Stay",Destination Tips,Research,guide,,https://divulgeadventures.com/destinations/rwanda-gorilla-trek/,todo,
RW-067,Rwanda,P1,31,akagera vs masai mara,Akagera vs Masai Mara: Which Is Better for Your Trip?,Destination Tips,Planning,comparison,,https://divulgeadventures.com/destinations/rwanda-gorilla-trek/,todo,
RW-068,Rwanda,P1,31,gisenyi rubavu travel guide,"Gisenyi Rubavu Travel Guide: Where to Stay, What to Do",Destination Tips,Research,guide,,https://divulgeadventures.com/destinations/rwanda-gorilla-trek/,todo,
RW-069,Rwanda,P1,31,gishwati mukura national park,"Gishwati Mukura National Park Guide: Wildlife, Best Time, Fees and Where to Stay",Destination Tips,Research,guide,,https://divulgeadventures.com/destinations/rwanda-gorilla-trek/,todo,
RW-070,Rwanda,P1,31,golden monkey trekking cost,Golden Monkey Trekking Cost: Prices and What's Included,Safari Planning Tips,Research,experience,,https://divulgeadventures.com/destinations/rwanda-gorilla-trek/,todo,
RW-071,Rwanda,P1,31,huye butare travel guide,"Huye Butare Travel Guide: Where to Stay, What to Do",Destination Tips,Research,guide,,https://divulgeadventures.com/destinations/rwanda-gorilla-trek/,todo,
RW-072,Rwanda,P1,31,kibuye karongi travel guide,"Kibuye Karongi Travel Guide: Where to Stay, What to Do",Destination Tips,Research,guide,,https://divulgeadventures.com/destinations/rwanda-gorilla-trek/,todo,
RW-073,Rwanda,P1,31,kigali travel guide,"Kigali Travel Guide: Where to Stay, What to Do",Destination Tips,Research,guide,,https://divulgeadventures.com/destinations/rwanda-gorilla-trek/,todo,
RW-074,Rwanda,P1,31,lake kivu,Lake Kivu: The Complete Visitor Guide,Destination Tips,Research,guide,,https://divulgeadventures.com/destinations/rwanda-gorilla-trek/,todo,
RW-075,Rwanda,P1,31,lake muhazi,Lake Muhazi: The Complete Visitor Guide,Destination Tips,Research,guide,,https://divulgeadventures.com/destinations/rwanda-gorilla-trek/,todo,
RW-076,Rwanda,P1,31,musanze travel guide,"Musanze Travel Guide: Where to Stay, What to Do",Destination Tips,Research,guide,,https://divulgeadventures.com/destinations/rwanda-gorilla-trek/,todo,
RW-077,Rwanda,P1,31,nyungwe forest national park,"Nyungwe Forest National Park Guide: Wildlife, Best Time, Fees and Where to Stay",Destination Tips,Research,guide,,https://divulgeadventures.com/destinations/rwanda-gorilla-trek/,todo,
RW-078,Rwanda,P1,31,nyungwe vs kibale chimpanzees,Nyungwe vs Kibale Chimpanzees: Which Is Better for Your Trip?,Destination Tips,Planning,comparison,,https://divulgeadventures.com/destinations/rwanda-gorilla-trek/,todo,
RW-079,Rwanda,P1,31,rwanda and kenya safari,Rwanda and Kenya Safari: How to Combine Them in One Trip,Safari Planning Tips,Booking,combo,,https://divulgeadventures.com/destinations/rwanda-gorilla-trek/,todo,
RW-080,Rwanda,P1,31,rwanda and tanzania safari,Rwanda and Tanzania Safari: How to Combine Them in One Trip,Safari Planning Tips,Booking,combo,,https://divulgeadventures.com/destinations/rwanda-gorilla-trek/,todo,
RW-081,Rwanda,P1,31,rwanda and zanzibar holiday,Rwanda and Zanzibar Holiday: How to Combine Them in One Trip,Safari Planning Tips,Booking,combo,,https://divulgeadventures.com/destinations/rwanda-gorilla-trek/,todo,
RW-082,Rwanda,P1,31,rwanda chimpanzee trekking permit,Rwanda Chimpanzee Trekking Permit: Prices and What's Included,Safari Planning Tips,Research,experience,,https://divulgeadventures.com/destinations/rwanda-gorilla-trek/,todo,
RW-083,Rwanda,P1,31,rwanda coffee tour,Rwanda Coffee Tour: Prices and What's Included,Safari Themes,Research,experience,,https://divulgeadventures.com/destinations/rwanda-gorilla-trek/,todo,
RW-084,Rwanda,P1,31,rwanda gorillas and serengeti,Rwanda Gorillas and Serengeti: How to Combine Them in One Trip,Safari Planning Tips,Booking,combo,,https://divulgeadventures.com/destinations/rwanda-gorilla-trek/,todo,
RW-085,Rwanda,P1,31,rwanda vs tanzania safari,Rwanda vs Tanzania Safari: Which Is Better for Your Trip?,Destination Tips,Planning,comparison,,https://divulgeadventures.com/destinations/rwanda-gorilla-trek/,todo,
RW-086,Rwanda,P1,31,volcanoes national park,"Volcanoes National Park Guide: Wildlife, Best Time, Fees and Where to Stay",Destination Tips,Research,guide,,https://divulgeadventures.com/destinations/rwanda-gorilla-trek/,todo,
RW-087,Rwanda,P1,30,rwanda gorilla trek from australia,"Rwanda Gorilla Trek from Australia: Flights, Visas and Planning Tips",Safari Planning Tips,Booking,origin,,https://divulgeadventures.com/destinations/rwanda-gorilla-trek/,todo,
RW-088,Rwanda,P1,30,rwanda gorilla trek from canada,"Rwanda Gorilla Trek from Canada: Flights, Visas and Planning Tips",Safari Planning Tips,Booking,origin,,https://divulgeadventures.com/destinations/rwanda-gorilla-trek/,todo,
RW-089,Rwanda,P1,30,rwanda gorilla trek from germany,"Rwanda Gorilla Trek from Germany: Flights, Visas and Planning Tips",Safari Planning Tips,Booking,origin,,https://divulgeadventures.com/destinations/rwanda-gorilla-trek/,todo,
RW-090,Rwanda,P1,30,rwanda gorilla trek from india,"Rwanda Gorilla Trek from India: Flights, Visas and Planning Tips",Safari Planning Tips,Booking,origin,,https://divulgeadventures.com/destinations/rwanda-gorilla-trek/,todo,
RW-091,Rwanda,P1,30,rwanda gorilla trek from italy,"Rwanda Gorilla Trek from Italy: Flights, Visas and Planning Tips",Safari Planning Tips,Booking,origin,,https://divulgeadventures.com/destinations/rwanda-gorilla-trek/,todo,
RW-092,Rwanda,P1,30,rwanda gorilla trek from malaysia,"Rwanda Gorilla Trek from Malaysia: Flights, Visas and Planning Tips",Safari Planning Tips,Booking,origin,,https://divulgeadventures.com/destinations/rwanda-gorilla-trek/,todo,
RW-093,Rwanda,P1,30,rwanda gorilla trek from sri lanka,"Rwanda Gorilla Trek from Sri Lanka: Flights, Visas and Planning Tips",Safari Planning Tips,Booking,origin,,https://divulgeadventures.com/destinations/rwanda-gorilla-trek/,todo,
RW-094,Rwanda,P1,30,rwanda gorilla trek from the uk,"Rwanda Gorilla Trek from the UK: Flights, Visas and Planning Tips",Safari Planning Tips,Booking,origin,,https://divulgeadventures.com/destinations/rwanda-gorilla-trek/,todo,
RW-095,Rwanda,P1,30,rwanda gorilla trek from the usa,"Rwanda Gorilla Trek from the USA: Flights, Visas and Planning Tips",Safari Planning Tips,Booking,origin,,https://divulgeadventures.com/destinations/rwanda-gorilla-trek/,todo,
RW-096,Rwanda,P2,30,one and only gorillas nest,"One&Only Gorillas Nest: Rooms, Location and What to Expect",Accommodation Guide,Booking,lodge,,https://divulgeadventures.com/destinations/rwanda-gorilla-trek/,todo,"Describe from the property's official website only. If it cannot be verified as currently operating, mark this row skip."
RW-097,Rwanda,P2,30,one and only nyungwe house,"One&Only Nyungwe House: Rooms, Location and What to Expect",Accommodation Guide,Booking,lodge,,https://divulgeadventures.com/destinations/rwanda-gorilla-trek/,todo,"Describe from the property's official website only. If it cannot be verified as currently operating, mark this row skip."
RW-098,Rwanda,P2,30,rwanda gorilla trek from singapore,"Rwanda Gorilla Trek from Singapore: Flights, Visas and Planning Tips",Safari Planning Tips,Booking,origin,,https://divulgeadventures.com/destinations/rwanda-gorilla-trek/,todo,
RW-099,Rwanda,P2,30,rwanda gorilla trek from south africa,"Rwanda Gorilla Trek from South Africa: Flights, Visas and Planning Tips",Safari Planning Tips,Booking,origin,,https://divulgeadventures.com/destinations/rwanda-gorilla-trek/,todo,
RW-100,Rwanda,P2,30,rwanda gorilla trek from the uae,"Rwanda Gorilla Trek from the UAE: Flights, Visas and Planning Tips",Safari Planning Tips,Booking,origin,,https://divulgeadventures.com/destinations/rwanda-gorilla-trek/,todo,
RW-101,Rwanda,P2,30,things to do in akagera,Things to Do in Akagera: Top Experiences,Destination Tips,Research,things-to-do,,https://divulgeadventures.com/destinations/rwanda-gorilla-trek/,todo,
RW-102,Rwanda,P2,30,things to do in gisenyi rubavu,Things to Do in Gisenyi Rubavu: Top Experiences,Destination Tips,Research,things-to-do,,https://divulgeadventures.com/destinations/rwanda-gorilla-trek/,todo,
RW-103,Rwanda,P2,30,things to do in gishwati mukura,Things to Do in Gishwati Mukura: Top Experiences,Destination Tips,Research,things-to-do,,https://divulgeadventures.com/destinations/rwanda-gorilla-trek/,todo,
RW-104,Rwanda,P2,30,things to do in kigali,Things to Do in Kigali: Top Experiences,Destination Tips,Research,things-to-do,,https://divulgeadventures.com/destinations/rwanda-gorilla-trek/,todo,
RW-105,Rwanda,P2,30,things to do in lake kivu,Things to Do in Lake Kivu: Top Experiences,Destination Tips,Research,things-to-do,,https://divulgeadventures.com/destinations/rwanda-gorilla-trek/,todo,
RW-106,Rwanda,P2,30,things to do in musanze,Things to Do in Musanze: Top Experiences,Destination Tips,Research,things-to-do,,https://divulgeadventures.com/destinations/rwanda-gorilla-trek/,todo,
RW-107,Rwanda,P2,30,things to do in nyungwe,Things to Do in Nyungwe: Top Experiences,Destination Tips,Research,things-to-do,,https://divulgeadventures.com/destinations/rwanda-gorilla-trek/,todo,
RW-108,Rwanda,P2,30,things to do in volcanoes national park,Things to Do in Volcanoes National Park: Top Experiences,Destination Tips,Research,things-to-do,,https://divulgeadventures.com/destinations/rwanda-gorilla-trek/,todo,
RW-109,Rwanda,P2,29,rwanda gorilla permit availability,Rwanda Gorilla Permit Availability: A Practical Guide for Travellers,Safari Planning Tips,Planning,practical,,https://divulgeadventures.com/destinations/rwanda-gorilla-trek/,todo,
RW-110,Rwanda,P2,29,rwanda safari cost,Rwanda Safari Cost: A Practical Guide for Travellers,Safari Planning Tips,Planning,practical,,https://divulgeadventures.com/destinations/rwanda-gorilla-trek/,todo,
RW-111,Rwanda,P2,28,akagera behind the scenes tour,Akagera Behind the Scenes Tour: What to Know Before You Go,Safari Themes,Research,experience,,https://divulgeadventures.com/destinations/rwanda-gorilla-trek/,todo,
RW-112,Rwanda,P2,28,albertine rift endemic birds rwanda,Albertine Rift Endemic Birds Rwanda: Where and When to See Them,Safari Themes,Research,wildlife,,https://divulgeadventures.com/destinations/rwanda-gorilla-trek/,todo,
RW-113,Rwanda,P2,28,best hotels on lake kivu,Best Hotels on Lake Kivu: Our Top Picks,Accommodation Guide,Research,experience,,https://divulgeadventures.com/destinations/rwanda-gorilla-trek/,todo,
RW-114,Rwanda,P2,28,best luxury lodges in volcanoes national park,Best Luxury Lodges in Volcanoes National Park: Our Top Picks,Accommodation Guide,Research,experience,,https://divulgeadventures.com/destinations/rwanda-gorilla-trek/,todo,
RW-115,Rwanda,P2,28,campaign against genocide museum kigali,Campaign Against Genocide Museum Kigali: What to Know Before You Go,Destination Tips,Research,experience,,https://divulgeadventures.com/destinations/rwanda-gorilla-trek/,todo,
RW-116,Rwanda,P2,28,dian fossey story for travellers,Dian Fossey Story for Travellers: What to Know Before You Go,Safari Themes,Research,experience,,https://divulgeadventures.com/destinations/rwanda-gorilla-trek/,todo,
RW-117,Rwanda,P2,28,ellen degeneres campus for gorilla conservation,Ellen DeGeneres Campus for Gorilla Conservation: What to Know Before You Go,Destination Tips,Research,experience,,https://divulgeadventures.com/destinations/rwanda-gorilla-trek/,todo,
RW-118,Rwanda,P2,28,gorilla families in volcanoes national park,Gorilla Families in Volcanoes National Park: What to Know Before You Go,Destination Tips,Research,experience,,https://divulgeadventures.com/destinations/rwanda-gorilla-trek/,todo,
RW-119,Rwanda,P2,28,gorilla trekking tips for first timers,Gorilla Trekking Tips for First Timers: What to Know Before You Go,Safari Planning Tips,Research,experience,,https://divulgeadventures.com/destinations/rwanda-gorilla-trek/,todo,
RW-120,Rwanda,P2,28,gorilla trekking with limited mobility,Gorilla Trekking with Limited Mobility: What to Know Before You Go,Safari Themes,Research,experience,,https://divulgeadventures.com/destinations/rwanda-gorilla-trek/,todo,
RW-121,Rwanda,P2,28,gorillas in the mist filming locations,Gorillas in the Mist Filming Locations: What to Know Before You Go,Safari Themes,Research,experience,,https://divulgeadventures.com/destinations/rwanda-gorilla-trek/,todo,
RW-122,Rwanda,P2,28,how close can you get to gorillas,How Close Can You Get to Gorillas: What to Know Before You Go,Safari Planning Tips,Research,experience,,https://divulgeadventures.com/destinations/rwanda-gorilla-trek/,todo,
RW-123,Rwanda,P2,28,how long is gorilla trekking,How Long Is Gorilla Trekking: What to Know Before You Go,Safari Planning Tips,Research,experience,,https://divulgeadventures.com/destinations/rwanda-gorilla-trek/,todo,
RW-124,Rwanda,P2,28,how to get to gisenyi rubavu from kigali,"How to Get to Gisenyi Rubavu from Kigali: Road, Flight and Transfer Options",Safari Planning Tips,Planning,access,,https://divulgeadventures.com/destinations/rwanda-gorilla-trek/,todo,
RW-125,Rwanda,P2,28,how to get to gishwati mukura from kigali,"How to Get to Gishwati Mukura from Kigali: Road, Flight and Transfer Options",Safari Planning Tips,Planning,access,,https://divulgeadventures.com/destinations/rwanda-gorilla-trek/,todo,
RW-126,Rwanda,P2,28,how to get to huye butare from kigali,"How to Get to Huye Butare from Kigali: Road, Flight and Transfer Options",Safari Planning Tips,Planning,access,,https://divulgeadventures.com/destinations/rwanda-gorilla-trek/,todo,
RW-127,Rwanda,P2,28,how to get to kibuye karongi from kigali,"How to Get to Kibuye Karongi from Kigali: Road, Flight and Transfer Options",Safari Planning Tips,Planning,access,,https://divulgeadventures.com/destinations/rwanda-gorilla-trek/,todo,
RW-128,Rwanda,P2,28,how to get to kigali from kigali airport,"How to Get to Kigali from Kigali Airport: Road, Flight and Transfer Options",Safari Planning Tips,Planning,access,,https://divulgeadventures.com/destinations/rwanda-gorilla-trek/,todo,
RW-129,Rwanda,P2,28,how to get to lake kivu from kigali,"How to Get to Lake Kivu from Kigali: Road, Flight and Transfer Options",Safari Planning Tips,Planning,access,,https://divulgeadventures.com/destinations/rwanda-gorilla-trek/,todo,
RW-130,Rwanda,P2,28,how to get to lake muhazi from kigali,"How to Get to Lake Muhazi from Kigali: Road, Flight and Transfer Options",Safari Planning Tips,Planning,access,,https://divulgeadventures.com/destinations/rwanda-gorilla-trek/,todo,
RW-131,Rwanda,P2,28,how to get to musanze from kigali,"How to Get to Musanze from Kigali: Road, Flight and Transfer Options",Safari Planning Tips,Planning,access,,https://divulgeadventures.com/destinations/rwanda-gorilla-trek/,todo,
RW-132,Rwanda,P2,28,how to get to nyungwe from kigali,"How to Get to Nyungwe from Kigali: Road, Flight and Transfer Options",Safari Planning Tips,Planning,access,,https://divulgeadventures.com/destinations/rwanda-gorilla-trek/,todo,
RW-133,Rwanda,P2,28,how to get to twin lakes burera and ruhondo from musanze,"How to Get to Twin Lakes Burera and Ruhondo from Musanze: Road, Flight and Transfer Options",Safari Planning Tips,Planning,access,,https://divulgeadventures.com/destinations/rwanda-gorilla-trek/,todo,
RW-134,Rwanda,P2,28,how to get to volcanoes national park from kigali,"How to Get to Volcanoes National Park from Kigali: Road, Flight and Transfer Options",Safari Planning Tips,Planning,access,,https://divulgeadventures.com/destinations/rwanda-gorilla-trek/,todo,
RW-135,Rwanda,P2,28,kigali airport to city centre,Kigali Airport to City Centre: What to Know Before You Go,Safari Planning Tips,Research,experience,,https://divulgeadventures.com/destinations/rwanda-gorilla-trek/,todo,
RW-136,Rwanda,P2,28,kwita izina gorilla naming ceremony,Kwita Izina Gorilla Naming Ceremony: What to Know Before You Go,Safari Themes,Research,experience,,https://divulgeadventures.com/destinations/rwanda-gorilla-trek/,todo,
RW-137,Rwanda,P2,28,one and only gorillas nest vs bisate lodge,One&Only Gorillas Nest vs Bisate Lodge: Which Is Better for Your Trip?,Accommodation Guide,Research,experience,,https://divulgeadventures.com/destinations/rwanda-gorilla-trek/,todo,
RW-138,Rwanda,P2,28,one day gorilla trek from kigali,One Day Gorilla Trek from Kigali: What to Know Before You Go,Safari Planning Tips,Research,experience,,https://divulgeadventures.com/destinations/rwanda-gorilla-trek/,todo,
RW-139,Rwanda,P2,28,red rocks cultural centre musanze,Red Rocks Cultural Centre Musanze: What to Know Before You Go,Safari Themes,Research,experience,,https://divulgeadventures.com/destinations/rwanda-gorilla-trek/,todo,
RW-140,Rwanda,P2,28,rwanda bird watching in akagera,Rwanda Bird Watching in Akagera: What to Know Before You Go,Safari Themes,Research,experience,,https://divulgeadventures.com/destinations/rwanda-gorilla-trek/,todo,
RW-141,Rwanda,P2,28,rwanda dress code for tourists,Rwanda Dress Code for Tourists: What to Know Before You Go,Safari Planning Tips,Research,experience,,https://divulgeadventures.com/destinations/rwanda-gorilla-trek/,todo,
RW-142,Rwanda,P2,28,rwanda entry for east african citizens,Rwanda Entry for East African Citizens: What to Know Before You Go,Safari Planning Tips,Research,experience,,https://divulgeadventures.com/destinations/rwanda-gorilla-trek/,todo,
RW-143,Rwanda,P2,28,rwanda events calendar for travellers,Rwanda Events Calendar for Travellers: What to Know Before You Go,Safari Planning Tips,Research,experience,,https://divulgeadventures.com/destinations/rwanda-gorilla-trek/,todo,
RW-144,Rwanda,P2,28,rwanda gorilla trek and lake kivu itinerary,"Rwanda Gorilla Trek and Lake Kivu Itinerary: Routes, Timings and Tips",Safari Planning Tips,Research,experience,,https://divulgeadventures.com/destinations/rwanda-gorilla-trek/,todo,
RW-145,Rwanda,P2,28,rwanda gorilla trek for couples,Rwanda Gorilla Trek for Couples: What to Know Before You Go,Safari Themes,Research,experience,,https://divulgeadventures.com/destinations/rwanda-gorilla-trek/,todo,
RW-146,Rwanda,P2,28,rwanda gorilla trekking in the dry season,Rwanda Gorilla Trekking in the Dry Season: What to Know Before You Go,Destination Tips,Research,experience,,https://divulgeadventures.com/destinations/rwanda-gorilla-trek/,todo,
RW-147,Rwanda,P2,28,rwanda vs congo gorilla trekking,Rwanda vs Congo Gorilla Trekking: Which Is Better for Your Trip?,Destination Tips,Research,experience,,https://divulgeadventures.com/destinations/rwanda-gorilla-trek/,todo,
RW-148,Rwanda,P2,28,volcanoes national park hiking trails,Volcanoes National Park Hiking Trails: What to Know Before You Go,Destination Tips,Research,experience,,https://divulgeadventures.com/destinations/rwanda-gorilla-trek/,todo,
RW-149,Rwanda,P2,28,volcanoes national park map and gates,Volcanoes National Park Map and Gates: Getting Around,Destination Tips,Planning,access,,https://divulgeadventures.com/destinations/rwanda-gorilla-trek/,todo,
RW-150,Rwanda,P2,28,what happens on gorilla trekking day,What Happens on Gorilla Trekking Day: What to Know Before You Go,Safari Planning Tips,Research,experience,,https://divulgeadventures.com/destinations/rwanda-gorilla-trek/,todo,
RW-151,Rwanda,P2,28,where to see black rhinos in rwanda,Where to See Black Rhinos in Rwanda: Best Parks and Months,Safari Themes,Research,wildlife,,https://divulgeadventures.com/destinations/rwanda-gorilla-trek/,todo,
RW-152,Rwanda,P2,28,where to see chimpanzees in rwanda,Where to See Chimpanzees in Rwanda: Best Parks and Months,Safari Themes,Research,wildlife,,https://divulgeadventures.com/destinations/rwanda-gorilla-trek/,todo,
RW-153,Rwanda,P2,28,where to see colobus monkeys in rwanda,Where to See Colobus Monkeys in Rwanda: Best Parks and Months,Safari Themes,Research,wildlife,,https://divulgeadventures.com/destinations/rwanda-gorilla-trek/,todo,
RW-154,Rwanda,P2,28,where to see elephants in rwanda,Where to See Elephants in Rwanda: Best Parks and Months,Safari Themes,Research,wildlife,,https://divulgeadventures.com/destinations/rwanda-gorilla-trek/,todo,
RW-155,Rwanda,P2,28,where to see giraffes in rwanda,Where to See Giraffes in Rwanda: Best Parks and Months,Safari Themes,Research,wildlife,,https://divulgeadventures.com/destinations/rwanda-gorilla-trek/,todo,
RW-156,Rwanda,P2,28,where to see golden monkeys in rwanda,Where to See Golden Monkeys in Rwanda: Best Parks and Months,Safari Themes,Research,wildlife,,https://divulgeadventures.com/destinations/rwanda-gorilla-trek/,todo,
RW-157,Rwanda,P2,28,where to see hippos in rwanda,Where to See Hippos in Rwanda: Best Parks and Months,Safari Themes,Research,wildlife,,https://divulgeadventures.com/destinations/rwanda-gorilla-trek/,todo,
RW-158,Rwanda,P2,28,where to see l'hoests monkeys in rwanda,Where to See L'Hoest's Monkeys in Rwanda: Best Parks and Months,Safari Themes,Research,wildlife,,https://divulgeadventures.com/destinations/rwanda-gorilla-trek/,todo,
RW-159,Rwanda,P2,28,where to see lions in rwanda,Where to See Lions in Rwanda: Best Parks and Months,Safari Themes,Research,wildlife,,https://divulgeadventures.com/destinations/rwanda-gorilla-trek/,todo,
RW-160,Rwanda,P2,28,where to see mountain gorillas in rwanda,Where to See Mountain Gorillas in Rwanda: Best Parks and Months,Safari Themes,Research,wildlife,,https://divulgeadventures.com/destinations/rwanda-gorilla-trek/,todo,
RW-161,Rwanda,P2,28,where to see shoebill in rwanda,Where to See Shoebill in Rwanda: Best Parks and Months,Safari Themes,Research,wildlife,,https://divulgeadventures.com/destinations/rwanda-gorilla-trek/,todo,
RW-162,Rwanda,P2,27,akagera game lodge,"Akagera Game Lodge: Rooms, Location and What to Expect",Accommodation Guide,Booking,lodge,,https://divulgeadventures.com/destinations/rwanda-gorilla-trek/,todo,"Describe from the property's official website only. If it cannot be verified as currently operating, mark this row skip."
RW-163,Rwanda,P2,27,amakoro songa lodge,"Amakoro Songa Lodge: Rooms, Location and What to Expect",Accommodation Guide,Booking,lodge,,https://divulgeadventures.com/destinations/rwanda-gorilla-trek/,todo,"Describe from the property's official website only. If it cannot be verified as currently operating, mark this row skip."
RW-164,Rwanda,P2,27,bisate lodge,"Bisate Lodge: Rooms, Location and What to Expect",Accommodation Guide,Booking,lodge,,https://divulgeadventures.com/destinations/rwanda-gorilla-trek/,todo,"Describe from the property's official website only. If it cannot be verified as currently operating, mark this row skip."
RW-165,Rwanda,P2,27,cormoran lodge,"Cormoran Lodge: Rooms, Location and What to Expect",Accommodation Guide,Booking,lodge,,https://divulgeadventures.com/destinations/rwanda-gorilla-trek/,todo,"Describe from the property's official website only. If it cannot be verified as currently operating, mark this row skip."
RW-166,Rwanda,P2,27,da vinci gorilla lodge,"Da Vinci Gorilla Lodge: Rooms, Location and What to Expect",Accommodation Guide,Booking,lodge,,https://divulgeadventures.com/destinations/rwanda-gorilla-trek/,todo,"Describe from the property's official website only. If it cannot be verified as currently operating, mark this row skip."
RW-167,Rwanda,P2,27,five volcanoes boutique hotel,"Five Volcanoes Boutique Hotel: Rooms, Location and What to Expect",Accommodation Guide,Booking,lodge,,https://divulgeadventures.com/destinations/rwanda-gorilla-trek/,todo,"Describe from the property's official website only. If it cannot be verified as currently operating, mark this row skip."
RW-168,Rwanda,P2,27,heaven boutique hotel kigali,"Heaven Boutique Hotel Kigali: Rooms, Location and What to Expect",Accommodation Guide,Booking,lodge,,https://divulgeadventures.com/destinations/rwanda-gorilla-trek/,todo,"Describe from the property's official website only. If it cannot be verified as currently operating, mark this row skip."
RW-169,Rwanda,P2,27,hotel des mille collines,"Hotel Des Mille Collines: Rooms, Location and What to Expect",Accommodation Guide,Booking,lodge,,https://divulgeadventures.com/destinations/rwanda-gorilla-trek/,todo,"Describe from the property's official website only. If it cannot be verified as currently operating, mark this row skip."
RW-170,Rwanda,P2,27,karenge bush camp,"Karenge Bush Camp: Rooms, Location and What to Expect",Accommodation Guide,Booking,lodge,,https://divulgeadventures.com/destinations/rwanda-gorilla-trek/,todo,"Describe from the property's official website only. If it cannot be verified as currently operating, mark this row skip."
RW-171,Rwanda,P2,27,kigali serena hotel,"Kigali Serena Hotel: Rooms, Location and What to Expect",Accommodation Guide,Booking,lodge,,https://divulgeadventures.com/destinations/rwanda-gorilla-trek/,todo,"Describe from the property's official website only. If it cannot be verified as currently operating, mark this row skip."
RW-172,Rwanda,P2,27,lake kivu serena hotel,"Lake Kivu Serena Hotel: Rooms, Location and What to Expect",Accommodation Guide,Booking,lodge,,https://divulgeadventures.com/destinations/rwanda-gorilla-trek/,todo,"Describe from the property's official website only. If it cannot be verified as currently operating, mark this row skip."
RW-173,Rwanda,P2,27,le bambou gorilla lodge,"Le Bambou Gorilla Lodge: Rooms, Location and What to Expect",Accommodation Guide,Booking,lodge,,https://divulgeadventures.com/destinations/rwanda-gorilla-trek/,todo,"Describe from the property's official website only. If it cannot be verified as currently operating, mark this row skip."
RW-174,Rwanda,P2,27,magashi camp akagera,"Magashi Camp Akagera: Rooms, Location and What to Expect",Accommodation Guide,Booking,lodge,,https://divulgeadventures.com/destinations/rwanda-gorilla-trek/,todo,"Describe from the property's official website only. If it cannot be verified as currently operating, mark this row skip."
RW-175,Rwanda,P2,27,mountain gorilla view lodge,"Mountain Gorilla View Lodge: Rooms, Location and What to Expect",Accommodation Guide,Booking,lodge,,https://divulgeadventures.com/destinations/rwanda-gorilla-trek/,todo,"Describe from the property's official website only. If it cannot be verified as currently operating, mark this row skip."
RW-176,Rwanda,P2,27,nyungwe top view hotel,"Nyungwe Top View Hotel: Rooms, Location and What to Expect",Accommodation Guide,Booking,lodge,,https://divulgeadventures.com/destinations/rwanda-gorilla-trek/,todo,"Describe from the property's official website only. If it cannot be verified as currently operating, mark this row skip."
RW-177,Rwanda,P2,27,radisson blu kigali,"Radisson Blu Kigali: Rooms, Location and What to Expect",Accommodation Guide,Booking,lodge,,https://divulgeadventures.com/destinations/rwanda-gorilla-trek/,todo,"Describe from the property's official website only. If it cannot be verified as currently operating, mark this row skip."
RW-178,Rwanda,P2,27,ruzizi tented lodge,"Ruzizi Tented Lodge: Rooms, Location and What to Expect",Accommodation Guide,Booking,lodge,,https://divulgeadventures.com/destinations/rwanda-gorilla-trek/,todo,"Describe from the property's official website only. If it cannot be verified as currently operating, mark this row skip."
RW-179,Rwanda,P2,27,sabyinyo silverback lodge,"Sabyinyo Silverback Lodge: Rooms, Location and What to Expect",Accommodation Guide,Booking,lodge,,https://divulgeadventures.com/destinations/rwanda-gorilla-trek/,todo,"Describe from the property's official website only. If it cannot be verified as currently operating, mark this row skip."
RW-180,Rwanda,P2,27,singita kwitonda lodge,"Singita Kwitonda Lodge: Rooms, Location and What to Expect",Accommodation Guide,Booking,lodge,,https://divulgeadventures.com/destinations/rwanda-gorilla-trek/,todo,"Describe from the property's official website only. If it cannot be verified as currently operating, mark this row skip."
RW-181,Rwanda,P2,27,the retreat kigali,"The Retreat Kigali: Rooms, Location and What to Expect",Accommodation Guide,Booking,lodge,,https://divulgeadventures.com/destinations/rwanda-gorilla-trek/,todo,"Describe from the property's official website only. If it cannot be verified as currently operating, mark this row skip."
RW-182,Rwanda,P2,27,virunga lodge,"Virunga Lodge: Rooms, Location and What to Expect",Accommodation Guide,Booking,lodge,,https://divulgeadventures.com/destinations/rwanda-gorilla-trek/,todo,"Describe from the property's official website only. If it cannot be verified as currently operating, mark this row skip."
RW-183,Rwanda,P2,26,is rwanda safe for tourists,Is Rwanda Safe for Tourists: A Practical Guide for Travellers,Safari Planning Tips,Planning,practical,,https://divulgeadventures.com/destinations/rwanda-gorilla-trek/,todo,
RW-184,Rwanda,P2,26,kigali airport to volcanoes national park,Kigali Airport to Volcanoes National Park: A Practical Guide for Travellers,Safari Planning Tips,Planning,practical,,https://divulgeadventures.com/destinations/rwanda-gorilla-trek/,todo,
RW-185,Rwanda,P2,26,money in rwanda for travellers,Money in Rwanda for Travellers: A Practical Guide for Travellers,Safari Planning Tips,Planning,practical,,https://divulgeadventures.com/destinations/rwanda-gorilla-trek/,todo,
RW-186,Rwanda,P2,26,rwanda gorilla trek briefing what to expect,Rwanda Gorilla Trek Briefing What to Expect: A Practical Guide for Travellers,Safari Planning Tips,Planning,practical,,https://divulgeadventures.com/destinations/rwanda-gorilla-trek/,todo,
RW-187,Rwanda,P2,26,rwanda gorilla trek health tips,Rwanda Gorilla Trek Health Tips: A Practical Guide for Travellers,Safari Planning Tips,Planning,practical,,https://divulgeadventures.com/destinations/rwanda-gorilla-trek/,todo,
RW-188,Rwanda,P2,26,rwanda rainy season gorilla trekking,Rwanda Rainy Season Gorilla Trekking: A Practical Guide for Travellers,Safari Planning Tips,Planning,practical,,https://divulgeadventures.com/destinations/rwanda-gorilla-trek/,todo,
RW-189,Rwanda,P2,26,rwanda sim card for tourists,Rwanda SIM Card for Tourists: A Practical Guide for Travellers,Safari Planning Tips,Planning,practical,,https://divulgeadventures.com/destinations/rwanda-gorilla-trek/,todo,
RW-190,Rwanda,P2,26,volcanoes national park park headquarters kinigi,Volcanoes National Park Park Headquarters Kinigi: A Practical Guide for Travellers,Safari Planning Tips,Planning,practical,,https://divulgeadventures.com/destinations/rwanda-gorilla-trek/,todo,
RW-191,Rwanda,P2,25,akagera animals,Akagera Animals: What Wildlife You Can See,Destination Tips,Research,wildlife,,https://divulgeadventures.com/destinations/rwanda-gorilla-trek/,todo,
RW-192,Rwanda,P2,25,akagera boat safari,"Akagera Boat Safari: Routes, Timings and Tips",Safari Themes,Research,experience,,https://divulgeadventures.com/destinations/rwanda-gorilla-trek/,todo,
RW-193,Rwanda,P2,25,akagera map and gates,Akagera Map and Gates: Getting Around,Destination Tips,Planning,access,,https://divulgeadventures.com/destinations/rwanda-gorilla-trek/,todo,
RW-194,Rwanda,P2,25,akagera night drive,"Akagera Night Drive: Routes, Timings and Tips",Safari Themes,Research,experience,,https://divulgeadventures.com/destinations/rwanda-gorilla-trek/,todo,
RW-195,Rwanda,P2,25,akagera self drive,"Akagera Self Drive: Routes, Timings and Tips",Safari Planning Tips,Research,experience,,https://divulgeadventures.com/destinations/rwanda-gorilla-trek/,todo,
RW-196,Rwanda,P2,25,big five in rwanda,Big Five in Rwanda: Where and When to See Them,Safari Themes,Research,wildlife,,https://divulgeadventures.com/destinations/rwanda-gorilla-trek/,todo,
RW-197,Rwanda,P2,25,chimpanzee trekking nyungwe,Chimpanzee Trekking Nyungwe: What to Know Before You Go,Safari Themes,Research,experience,,https://divulgeadventures.com/destinations/rwanda-gorilla-trek/,todo,
RW-198,Rwanda,P2,25,congo nile trail,Congo Nile Trail: What to Know Before You Go,Destination Tips,Research,experience,,https://divulgeadventures.com/destinations/rwanda-gorilla-trek/,todo,
RW-199,Rwanda,P2,25,dian fossey tomb hike,Dian Fossey Tomb Hike: What to Know Before You Go,Destination Tips,Research,experience,,https://divulgeadventures.com/destinations/rwanda-gorilla-trek/,todo,
RW-200,Rwanda,P2,25,iby iwacu cultural village,Iby Iwacu Cultural Village: What to Know Before You Go,Safari Themes,Research,experience,,https://divulgeadventures.com/destinations/rwanda-gorilla-trek/,todo,
RW-201,Rwanda,P2,25,inema arts center,Inema Arts Center: What to Know Before You Go,Destination Tips,Research,experience,,https://divulgeadventures.com/destinations/rwanda-gorilla-trek/,todo,
RW-202,Rwanda,P2,25,kayaking lake kivu,Kayaking Lake Kivu: What to Know Before You Go,Safari Themes,Research,experience,,https://divulgeadventures.com/destinations/rwanda-gorilla-trek/,todo,
RW-203,Rwanda,P2,25,kigali city tour,Kigali City Tour: What to Know Before You Go,Destination Tips,Research,experience,,https://divulgeadventures.com/destinations/rwanda-gorilla-trek/,todo,
RW-204,Rwanda,P2,25,kigali genocide memorial visit,Kigali Genocide Memorial Visit: What to Know Before You Go,Destination Tips,Research,experience,,https://divulgeadventures.com/destinations/rwanda-gorilla-trek/,todo,
RW-205,Rwanda,P2,25,kimironko market,Kimironko Market: What to Know Before You Go,Destination Tips,Research,experience,,https://divulgeadventures.com/destinations/rwanda-gorilla-trek/,todo,
RW-206,Rwanda,P2,25,lake kivu boat trip,"Lake Kivu Boat Trip: Routes, Timings and Tips",Destination Tips,Research,experience,,https://divulgeadventures.com/destinations/rwanda-gorilla-trek/,todo,
RW-207,Rwanda,P2,25,mount bisoke hike,Mount Bisoke Hike: What to Know Before You Go,Destination Tips,Research,experience,,https://divulgeadventures.com/destinations/rwanda-gorilla-trek/,todo,
RW-208,Rwanda,P2,25,mount gahinga climb,Mount Gahinga Climb: What to Know Before You Go,Destination Tips,Research,experience,,https://divulgeadventures.com/destinations/rwanda-gorilla-trek/,todo,
RW-209,Rwanda,P2,25,mount karisimbi climb,Mount Karisimbi Climb: What to Know Before You Go,Destination Tips,Research,experience,,https://divulgeadventures.com/destinations/rwanda-gorilla-trek/,todo,
RW-210,Rwanda,P2,25,mount muhabura climb,Mount Muhabura Climb: What to Know Before You Go,Destination Tips,Research,experience,,https://divulgeadventures.com/destinations/rwanda-gorilla-trek/,todo,
RW-211,Rwanda,P2,25,musanze caves,Musanze Caves: What to Know Before You Go,Destination Tips,Research,experience,,https://divulgeadventures.com/destinations/rwanda-gorilla-trek/,todo,
RW-212,Rwanda,P2,25,nyungwe animals,Nyungwe Animals: What Wildlife You Can See,Destination Tips,Research,wildlife,,https://divulgeadventures.com/destinations/rwanda-gorilla-trek/,todo,
RW-213,Rwanda,P2,25,nyungwe canopy walk,Nyungwe Canopy Walk: What to Know Before You Go,Destination Tips,Research,experience,,https://divulgeadventures.com/destinations/rwanda-gorilla-trek/,todo,
RW-214,Rwanda,P2,25,nyungwe map and gates,Nyungwe Map and Gates: Getting Around,Destination Tips,Planning,access,,https://divulgeadventures.com/destinations/rwanda-gorilla-trek/,todo,
RW-215,Rwanda,P2,25,volcanoes national park animals,Volcanoes National Park Animals: What Wildlife You Can See,Destination Tips,Research,wildlife,,https://divulgeadventures.com/destinations/rwanda-gorilla-trek/,todo,
RW-216,Rwanda,P3,25,agashya gorilla group,Agashya Gorilla Group: What to Know Before You Go,Destination Tips,Research,experience,,https://divulgeadventures.com/destinations/rwanda-gorilla-trek/,todo,
RW-217,Rwanda,P3,25,akagera fishing lake shakani,Akagera Fishing Lake Shakani: What to Know Before You Go,Safari Themes,Research,experience,,https://divulgeadventures.com/destinations/rwanda-gorilla-trek/,todo,
RW-218,Rwanda,P3,25,akagera rhino reintroduction,Akagera Rhino Reintroduction: What to Know Before You Go,Safari Themes,Research,experience,,https://divulgeadventures.com/destinations/rwanda-gorilla-trek/,todo,
RW-219,Rwanda,P3,25,akagera walk the line,Akagera Walk the Line: What to Know Before You Go,Safari Themes,Research,experience,,https://divulgeadventures.com/destinations/rwanda-gorilla-trek/,todo,
RW-220,Rwanda,P3,25,amahoro gorilla group,Amahoro Gorilla Group: What to Know Before You Go,Destination Tips,Research,experience,,https://divulgeadventures.com/destinations/rwanda-gorilla-trek/,todo,
RW-221,Rwanda,P3,25,amahoro island lake kivu,Amahoro Island Lake Kivu: What to Know Before You Go,Destination Tips,Research,experience,,https://divulgeadventures.com/destinations/rwanda-gorilla-trek/,todo,
RW-222,Rwanda,P3,25,best hotels in kigali,Best Hotels in Kigali: Our Top Picks,Accommodation Guide,Research,experience,,https://divulgeadventures.com/destinations/rwanda-gorilla-trek/,todo,
RW-223,Rwanda,P3,25,best viewpoints in kigali,Best Viewpoints in Kigali: Our Top Picks,Destination Tips,Research,experience,,https://divulgeadventures.com/destinations/rwanda-gorilla-trek/,todo,
RW-224,Rwanda,P3,25,bisate vs singita kwitonda,Bisate vs Singita Kwitonda: Which Is Better for Your Trip?,Accommodation Guide,Research,experience,,https://divulgeadventures.com/destinations/rwanda-gorilla-trek/,todo,
RW-225,Rwanda,P3,25,budget hotels in musanze,Budget Hotels in Musanze: What to Know Before You Go,Accommodation Guide,Research,experience,,https://divulgeadventures.com/destinations/rwanda-gorilla-trek/,todo,
RW-226,Rwanda,P3,25,buhanga eco park,Buhanga Eco Park: What to Know Before You Go,Destination Tips,Research,experience,,https://divulgeadventures.com/destinations/rwanda-gorilla-trek/,todo,
RW-227,Rwanda,P3,25,driving in rwanda,Driving in Rwanda: What to Know Before You Go,Safari Planning Tips,Research,experience,,https://divulgeadventures.com/destinations/rwanda-gorilla-trek/,todo,
RW-228,Rwanda,P3,25,ellen degeneres campus visit,Ellen DeGeneres Campus Visit: What to Know Before You Go,Destination Tips,Research,experience,,https://divulgeadventures.com/destinations/rwanda-gorilla-trek/,todo,
RW-229,Rwanda,P3,25,ethnographic museum huye,Ethnographic Museum Huye: What to Know Before You Go,Destination Tips,Research,experience,,https://divulgeadventures.com/destinations/rwanda-gorilla-trek/,todo,
RW-230,Rwanda,P3,25,gisakura tea estate,Gisakura Tea Estate: What to Know Before You Go,Destination Tips,Research,experience,,https://divulgeadventures.com/destinations/rwanda-gorilla-trek/,todo,
RW-231,Rwanda,P3,25,gisenyi to kibuye boat,"Gisenyi to Kibuye Boat: Routes, Timings and Tips",Safari Planning Tips,Research,experience,,https://divulgeadventures.com/destinations/rwanda-gorilla-trek/,todo,
RW-232,Rwanda,P3,25,hirwa gorilla group,Hirwa Gorilla Group: What to Know Before You Go,Destination Tips,Research,experience,,https://divulgeadventures.com/destinations/rwanda-gorilla-trek/,todo,
RW-233,Rwanda,P3,25,igisha gorilla group,Igisha Gorilla Group: What to Know Before You Go,Destination Tips,Research,experience,,https://divulgeadventures.com/destinations/rwanda-gorilla-trek/,todo,
RW-234,Rwanda,P3,25,imigongo art,Imigongo Art: What to Know Before You Go,Safari Themes,Research,experience,,https://divulgeadventures.com/destinations/rwanda-gorilla-trek/,todo,
RW-235,Rwanda,P3,25,intore dance rwanda,Intore Dance Rwanda: What to Know Before You Go,Safari Themes,Research,experience,,https://divulgeadventures.com/destinations/rwanda-gorilla-trek/,todo,
RW-236,Rwanda,P3,25,isumo waterfall trail nyungwe,Isumo Waterfall Trail Nyungwe: What to Know Before You Go,Destination Tips,Research,experience,,https://divulgeadventures.com/destinations/rwanda-gorilla-trek/,todo,
RW-237,Rwanda,P3,25,kamiranzovu marsh trail,Kamiranzovu Marsh Trail: What to Know Before You Go,Destination Tips,Research,experience,,https://divulgeadventures.com/destinations/rwanda-gorilla-trek/,todo,
RW-238,Rwanda,P3,25,kigali airport guide,Kigali Airport Guide: What to Know Before You Go,Safari Planning Tips,Research,experience,,https://divulgeadventures.com/destinations/rwanda-gorilla-trek/,todo,
RW-239,Rwanda,P3,25,kigali car free day,Kigali Car Free Day: What to Know Before You Go,Destination Tips,Research,experience,,https://divulgeadventures.com/destinations/rwanda-gorilla-trek/,todo,
RW-240,Rwanda,P3,25,kigali convention centre,Kigali Convention Centre: What to Know Before You Go,Destination Tips,Research,experience,,https://divulgeadventures.com/destinations/rwanda-gorilla-trek/,todo,
RW-241,Rwanda,P3,25,kigali day trips,Kigali Day Trips: What to Know Before You Go,Destination Tips,Research,experience,,https://divulgeadventures.com/destinations/rwanda-gorilla-trek/,todo,
RW-242,Rwanda,P3,25,kigali in one day,Kigali in One Day: What to Know Before You Go,Destination Tips,Research,experience,,https://divulgeadventures.com/destinations/rwanda-gorilla-trek/,todo,
RW-243,Rwanda,P3,25,kigali international peace marathon,Kigali International Peace Marathon: What to Know Before You Go,Safari Themes,Research,experience,,https://divulgeadventures.com/destinations/rwanda-gorilla-trek/,todo,
RW-244,Rwanda,P3,25,kigali nightlife,Kigali Nightlife: What to Know Before You Go,Destination Tips,Research,experience,,https://divulgeadventures.com/destinations/rwanda-gorilla-trek/,todo,
RW-245,Rwanda,P3,25,kigali restaurants,Kigali Restaurants: What to Know Before You Go,Destination Tips,Research,experience,,https://divulgeadventures.com/destinations/rwanda-gorilla-trek/,todo,
RW-246,Rwanda,P3,25,kigali shopping and souvenirs,Kigali Shopping and Souvenirs: What to Know Before You Go,Destination Tips,Research,experience,,https://divulgeadventures.com/destinations/rwanda-gorilla-trek/,todo,
RW-247,Rwanda,P3,25,kigali to gisenyi transfer,"Kigali to Gisenyi Transfer: Routes, Timings and Tips",Safari Planning Tips,Research,experience,,https://divulgeadventures.com/destinations/rwanda-gorilla-trek/,todo,
RW-248,Rwanda,P3,25,kigali to musanze bus,"Kigali to Musanze Bus: Routes, Timings and Tips",Safari Planning Tips,Research,experience,,https://divulgeadventures.com/destinations/rwanda-gorilla-trek/,todo,
RW-249,Rwanda,P3,25,king's palace museum nyanza,King's Palace Museum Nyanza: What to Know Before You Go,Destination Tips,Research,experience,,https://divulgeadventures.com/destinations/rwanda-gorilla-trek/,todo,
RW-250,Rwanda,P3,25,kinyarwanda phrases for travellers,Kinyarwanda Phrases for Travellers: What to Know Before You Go,Safari Planning Tips,Research,experience,,https://divulgeadventures.com/destinations/rwanda-gorilla-trek/,todo,
RW-251,Rwanda,P3,25,kwitonda gorilla group,Kwitonda Gorilla Group: What to Know Before You Go,Destination Tips,Research,experience,,https://divulgeadventures.com/destinations/rwanda-gorilla-trek/,todo,
RW-252,Rwanda,P3,25,lake burera boat trip,"Lake Burera Boat Trip: Routes, Timings and Tips",Safari Themes,Research,experience,,https://divulgeadventures.com/destinations/rwanda-gorilla-trek/,todo,
RW-253,Rwanda,P3,25,lake kivu beaches,Lake Kivu Beaches: What to Know Before You Go,Destination Tips,Research,experience,,https://divulgeadventures.com/destinations/rwanda-gorilla-trek/,todo,
RW-254,Rwanda,P3,25,lake kivu night fishermen,Lake Kivu Night Fishermen: What to Know Before You Go,Safari Themes,Research,experience,,https://divulgeadventures.com/destinations/rwanda-gorilla-trek/,todo,
RW-255,Rwanda,P3,25,mount kigali hike,Mount Kigali Hike: What to Know Before You Go,Destination Tips,Research,experience,,https://divulgeadventures.com/destinations/rwanda-gorilla-trek/,todo,
RW-256,Rwanda,P3,25,mountain gorilla facts,Mountain Gorilla Facts: What to Know Before You Go,Safari Themes,Research,experience,,https://divulgeadventures.com/destinations/rwanda-gorilla-trek/,todo,
RW-257,Rwanda,P3,25,mountain gorilla population,Mountain Gorilla Population: What to Know Before You Go,Safari Themes,Research,experience,,https://divulgeadventures.com/destinations/rwanda-gorilla-trek/,todo,
RW-258,Rwanda,P3,25,muhoza gorilla group,Muhoza Gorilla Group: What to Know Before You Go,Destination Tips,Research,experience,,https://divulgeadventures.com/destinations/rwanda-gorilla-trek/,todo,
RW-259,Rwanda,P3,25,nairobi to kigali flights,"Nairobi to Kigali Flights: Routes, Timings and Tips",Safari Planning Tips,Research,experience,,https://divulgeadventures.com/destinations/rwanda-gorilla-trek/,todo,
RW-260,Rwanda,P3,25,napoleon island lake kivu,Napoleon Island Lake Kivu: What to Know Before You Go,Destination Tips,Research,experience,,https://divulgeadventures.com/destinations/rwanda-gorilla-trek/,todo,
RW-261,Rwanda,P3,25,nyamirambo walking tour,Nyamirambo Walking Tour: What to Know Before You Go,Destination Tips,Research,experience,,https://divulgeadventures.com/destinations/rwanda-gorilla-trek/,todo,
RW-262,Rwanda,P3,25,nyungwe colobus monkey trek,"Nyungwe Colobus Monkey Trek: Routes, Timings and Tips",Safari Themes,Research,experience,,https://divulgeadventures.com/destinations/rwanda-gorilla-trek/,todo,
RW-263,Rwanda,P3,25,rubavu hot springs,Rubavu Hot Springs: What to Know Before You Go,Destination Tips,Research,experience,,https://divulgeadventures.com/destinations/rwanda-gorilla-trek/,todo,
RW-264,Rwanda,P3,25,rwanda birding safari,Rwanda Birding Safari: What to Know Before You Go,Safari Themes,Research,experience,,https://divulgeadventures.com/destinations/rwanda-gorilla-trek/,todo,
RW-265,Rwanda,P3,25,rwanda budget gorilla trek,Rwanda Budget Gorilla Trek: What to Know Before You Go,Safari Planning Tips,Research,experience,,https://divulgeadventures.com/destinations/rwanda-gorilla-trek/,todo,
RW-266,Rwanda,P3,25,rwanda car rental,Rwanda Car Rental: What to Know Before You Go,Safari Planning Tips,Research,experience,,https://divulgeadventures.com/destinations/rwanda-gorilla-trek/,todo,
RW-267,Rwanda,P3,25,rwanda conservation tourism,Rwanda Conservation Tourism: What to Know Before You Go,Safari Themes,Research,experience,,https://divulgeadventures.com/destinations/rwanda-gorilla-trek/,todo,
RW-268,Rwanda,P3,25,rwanda currency,Rwanda Currency: What to Know Before You Go,Safari Planning Tips,Research,experience,,https://divulgeadventures.com/destinations/rwanda-gorilla-trek/,todo,
RW-269,Rwanda,P3,25,rwanda cycling tour,Rwanda Cycling Tour: What to Know Before You Go,Safari Themes,Research,experience,,https://divulgeadventures.com/destinations/rwanda-gorilla-trek/,todo,
RW-270,Rwanda,P3,25,rwanda family holiday,Rwanda Family Holiday: What to Know Before You Go,Safari Themes,Research,experience,,https://divulgeadventures.com/destinations/rwanda-gorilla-trek/,todo,
RW-271,Rwanda,P3,25,rwanda green season travel,Rwanda Green Season Travel: What to Know Before You Go,Safari Planning Tips,Research,experience,,https://divulgeadventures.com/destinations/rwanda-gorilla-trek/,todo,
RW-272,Rwanda,P3,25,rwanda history for travellers,Rwanda History for Travellers: What to Know Before You Go,Destination Tips,Research,experience,,https://divulgeadventures.com/destinations/rwanda-gorilla-trek/,todo,
RW-273,Rwanda,P3,25,rwanda honeymoon,Rwanda Honeymoon: What to Know Before You Go,Safari Themes,Research,experience,,https://divulgeadventures.com/destinations/rwanda-gorilla-trek/,todo,
RW-274,Rwanda,P3,25,rwanda luxury safari,Rwanda Luxury Safari: What to Know Before You Go,Safari Themes,Research,experience,,https://divulgeadventures.com/destinations/rwanda-gorilla-trek/,todo,
RW-275,Rwanda,P3,25,rwanda malaria advice,Rwanda Malaria Advice: What to Know Before You Go,Safari Planning Tips,Research,experience,,https://divulgeadventures.com/destinations/rwanda-gorilla-trek/,todo,
RW-276,Rwanda,P3,25,rwanda packing list,Rwanda Packing List: What to Know Before You Go,Safari Planning Tips,Research,experience,,https://divulgeadventures.com/destinations/rwanda-gorilla-trek/,todo,
RW-277,Rwanda,P3,25,rwanda photography tour,Rwanda Photography Tour: What to Know Before You Go,Safari Themes,Research,experience,,https://divulgeadventures.com/destinations/rwanda-gorilla-trek/,todo,
RW-278,Rwanda,P3,25,rwanda public holidays travel,Rwanda Public Holidays Travel: What to Know Before You Go,Safari Planning Tips,Research,experience,,https://divulgeadventures.com/destinations/rwanda-gorilla-trek/,todo,
RW-279,Rwanda,P3,25,rwanda safari with photographers,Rwanda Safari with Photographers: What to Know Before You Go,Safari Themes,Research,experience,,https://divulgeadventures.com/destinations/rwanda-gorilla-trek/,todo,
RW-280,Rwanda,P3,25,rwanda solo travel,Rwanda Solo Travel: What to Know Before You Go,Safari Themes,Research,experience,,https://divulgeadventures.com/destinations/rwanda-gorilla-trek/,todo,
RW-281,Rwanda,P3,25,rwanda tea plantation tour,Rwanda Tea Plantation Tour: What to Know Before You Go,Safari Themes,Research,experience,,https://divulgeadventures.com/destinations/rwanda-gorilla-trek/,todo,
RW-282,Rwanda,P3,25,rwanda tourism high season,Rwanda Tourism High Season: What to Know Before You Go,Safari Planning Tips,Research,experience,,https://divulgeadventures.com/destinations/rwanda-gorilla-trek/,todo,
RW-283,Rwanda,P3,25,rwanda travel insurance,Rwanda Travel Insurance: What to Know Before You Go,Safari Planning Tips,Research,experience,,https://divulgeadventures.com/destinations/rwanda-gorilla-trek/,todo,
RW-284,Rwanda,P3,25,rwanda vaccinations for travellers,Rwanda Vaccinations for Travellers: What to Know Before You Go,Safari Planning Tips,Research,experience,,https://divulgeadventures.com/destinations/rwanda-gorilla-trek/,todo,
RW-285,Rwanda,P3,25,rwanda wifi and internet,Rwanda Wifi and Internet: What to Know Before You Go,Safari Planning Tips,Research,experience,,https://divulgeadventures.com/destinations/rwanda-gorilla-trek/,todo,
RW-286,Rwanda,P3,25,rwanda wildlife beyond gorillas,Rwanda Wildlife Beyond Gorillas: What to Know Before You Go,Safari Themes,Research,experience,,https://divulgeadventures.com/destinations/rwanda-gorilla-trek/,todo,
RW-287,Rwanda,P3,25,rwandan food to try,Rwandan Food to Try: What to Know Before You Go,Safari Planning Tips,Research,experience,,https://divulgeadventures.com/destinations/rwanda-gorilla-trek/,todo,
RW-288,Rwanda,P3,25,sabyinyo gorilla group,Sabyinyo Gorilla Group: What to Know Before You Go,Destination Tips,Research,experience,,https://divulgeadventures.com/destinations/rwanda-gorilla-trek/,todo,
RW-289,Rwanda,P3,25,susa gorilla family,Susa Gorilla Family: What to Know Before You Go,Destination Tips,Research,experience,,https://divulgeadventures.com/destinations/rwanda-gorilla-trek/,todo,
RW-290,Rwanda,P3,25,ugyenda gorilla group,Ugyenda Gorilla Group: What to Know Before You Go,Destination Tips,Research,experience,,https://divulgeadventures.com/destinations/rwanda-gorilla-trek/,todo,
RW-291,Rwanda,P3,25,umubano gorilla group,Umubano Gorilla Group: What to Know Before You Go,Destination Tips,Research,experience,,https://divulgeadventures.com/destinations/rwanda-gorilla-trek/,todo,
RW-292,Rwanda,P3,25,umuganda day rwanda tourists,Umuganda Day Rwanda Tourists: What to Know Before You Go,Safari Planning Tips,Research,experience,,https://divulgeadventures.com/destinations/rwanda-gorilla-trek/,todo,
RW-293,Rwanda,P3,23,kigali to akagera transfer,Kigali to Akagera Transfer: A Practical Guide for Travellers,Safari Planning Tips,Planning,practical,,https://divulgeadventures.com/destinations/rwanda-gorilla-trek/,todo,
RW-294,Rwanda,P3,23,kigali to nyungwe transfer,Kigali to Nyungwe Transfer: A Practical Guide for Travellers,Safari Planning Tips,Planning,practical,,https://divulgeadventures.com/destinations/rwanda-gorilla-trek/,todo,
RW-295,Rwanda,P3,23,rwanda drone rules,Rwanda Drone Rules: A Practical Guide for Travellers,Safari Planning Tips,Planning,practical,,https://divulgeadventures.com/destinations/rwanda-gorilla-trek/,todo,
RW-296,Rwanda,P3,23,rwanda gorilla trek tipping,Rwanda Gorilla Trek Tipping: A Practical Guide for Travellers,Safari Planning Tips,Planning,practical,,https://divulgeadventures.com/destinations/rwanda-gorilla-trek/,todo,
RW-297,Rwanda,P3,23,rwanda plastic bag ban,Rwanda Plastic Bag Ban: A Practical Guide for Travellers,Safari Planning Tips,Planning,practical,,https://divulgeadventures.com/destinations/rwanda-gorilla-trek/,todo,
RW-298,Rwanda,P3,23,rwanda power plugs,Rwanda Power Plugs: A Practical Guide for Travellers,Safari Planning Tips,Planning,practical,,https://divulgeadventures.com/destinations/rwanda-gorilla-trek/,todo,
RW-299,Rwanda,P3,23,rwanda safari vehicle,Rwanda Safari Vehicle: A Practical Guide for Travellers,Safari Planning Tips,Planning,practical,,https://divulgeadventures.com/destinations/rwanda-gorilla-trek/,todo,
RW-300,Rwanda,P3,23,rwanda travel checklist,Rwanda Travel Checklist: A Practical Guide for Travellers,Safari Planning Tips,Planning,practical,,https://divulgeadventures.com/destinations/rwanda-gorilla-trek/,todo,
RW-301,Rwanda,P3,23,rwanda visa for tourists,Rwanda Visa for Tourists: A Practical Guide for Travellers,Safari Planning Tips,Planning,practical,,https://divulgeadventures.com/destinations/rwanda-gorilla-trek/,todo,
RW-302,Rwanda,P3,23,rwanda visa on arrival,Rwanda Visa on Arrival: A Practical Guide for Travellers,Safari Planning Tips,Planning,practical,,https://divulgeadventures.com/destinations/rwanda-gorilla-trek/,todo,
RW-303,Rwanda,P3,23,rwanda weather by month,Rwanda Weather by Month: A Practical Guide for Travellers,Safari Planning Tips,Planning,practical,,https://divulgeadventures.com/destinations/rwanda-gorilla-trek/,todo,
RW-304,Rwanda,P3,23,rwanda yellow fever requirement,Rwanda Yellow Fever Requirement: A Practical Guide for Travellers,Safari Planning Tips,Planning,practical,,https://divulgeadventures.com/destinations/rwanda-gorilla-trek/,todo,
RW-305,Rwanda,P3,23,rwandair flights to kigali,RwandAir Flights to Kigali: A Practical Guide for Travellers,Safari Planning Tips,Planning,practical,,https://divulgeadventures.com/destinations/rwanda-gorilla-trek/,todo,
BW-001,Botswana,P1,95,botswana safari guide,Botswana Safari Guide,Destination Tips,Booking,pillar,,https://divulgeadventures.com/destinations/botswana-safari/,todo,Core topic from the original plan: written before other topics of the same destination.
BW-002,Botswana,P1,85,best time to visit botswana,Best Time to Visit Botswana,Destination Tips,Planning,core,,https://divulgeadventures.com/destinations/botswana-safari/,todo,Core topic from the original plan: written before other topics of the same destination.
BW-003,Botswana,P1,85,chobe national park safari,Chobe National Park Safari,Destination Tips,Planning,core,,https://divulgeadventures.com/destinations/botswana-safari/,todo,Core topic from the original plan: written before other topics of the same destination.
BW-004,Botswana,P1,85,okavango delta safari,Okavango Delta Safari,Destination Tips,Planning,core,,https://divulgeadventures.com/destinations/botswana-safari/,todo,Core topic from the original plan: written before other topics of the same destination.
BW-005,Botswana,P1,61,central kalahari safari cost,"Central Kalahari Safari Cost: Park Fees, Lodges and Total Prices",Safari Planning Tips,Booking,cost,,https://divulgeadventures.com/destinations/botswana-safari/,todo,Include the current entrance/park fees in this post (there is no separate fees post for this park).
BW-006,Botswana,P1,61,chobe safari cost,"Chobe Safari Cost: Park Fees, Lodges and Total Prices",Safari Planning Tips,Booking,cost,,https://divulgeadventures.com/destinations/botswana-safari/,todo,Include the current entrance/park fees in this post (there is no separate fees post for this park).
BW-007,Botswana,P1,61,moremi safari cost,"Moremi Safari Cost: Park Fees, Lodges and Total Prices",Safari Planning Tips,Booking,cost,,https://divulgeadventures.com/destinations/botswana-safari/,todo,Include the current entrance/park fees in this post (there is no separate fees post for this park).
BW-008,Botswana,P1,61,okavango delta safari cost,"Okavango Delta Safari Cost: Park Fees, Lodges and Total Prices",Safari Planning Tips,Booking,cost,,https://divulgeadventures.com/destinations/botswana-safari/,todo,Include the current entrance/park fees in this post (there is no separate fees post for this park).
BW-009,Botswana,P1,54,10 day botswana safari itinerary,"10 Day Botswana Safari Itinerary: Day-by-Day Route, Costs and Tips",Safari Planning Tips,Booking,itinerary,,https://divulgeadventures.com/destinations/botswana-safari/,todo,
BW-010,Botswana,P1,54,12 day botswana safari itinerary,"12 Day Botswana Safari Itinerary: Day-by-Day Route, Costs and Tips",Safari Planning Tips,Booking,itinerary,,https://divulgeadventures.com/destinations/botswana-safari/,todo,
BW-011,Botswana,P1,54,14 day botswana safari itinerary,"14 Day Botswana Safari Itinerary: Day-by-Day Route, Costs and Tips",Safari Planning Tips,Booking,itinerary,,https://divulgeadventures.com/destinations/botswana-safari/,todo,
BW-012,Botswana,P1,54,3 day botswana safari itinerary,"3 Day Botswana Safari Itinerary: Day-by-Day Route, Costs and Tips",Safari Planning Tips,Booking,itinerary,,https://divulgeadventures.com/destinations/botswana-safari/,todo,
BW-013,Botswana,P1,54,4 day botswana safari itinerary,"4 Day Botswana Safari Itinerary: Day-by-Day Route, Costs and Tips",Safari Planning Tips,Booking,itinerary,,https://divulgeadventures.com/destinations/botswana-safari/,todo,
BW-014,Botswana,P1,54,5 day botswana safari itinerary,"5 Day Botswana Safari Itinerary: Day-by-Day Route, Costs and Tips",Safari Planning Tips,Booking,itinerary,,https://divulgeadventures.com/destinations/botswana-safari/,todo,
BW-015,Botswana,P1,54,6 day botswana safari itinerary,"6 Day Botswana Safari Itinerary: Day-by-Day Route, Costs and Tips",Safari Planning Tips,Booking,itinerary,,https://divulgeadventures.com/destinations/botswana-safari/,todo,
BW-016,Botswana,P1,54,7 day botswana safari itinerary,"7 Day Botswana Safari Itinerary: Day-by-Day Route, Costs and Tips",Safari Planning Tips,Booking,itinerary,,https://divulgeadventures.com/destinations/botswana-safari/,todo,
BW-017,Botswana,P1,54,8 day botswana safari itinerary,"8 Day Botswana Safari Itinerary: Day-by-Day Route, Costs and Tips",Safari Planning Tips,Booking,itinerary,,https://divulgeadventures.com/destinations/botswana-safari/,todo,
BW-018,Botswana,P1,54,central kalahari 3 day itinerary,Central Kalahari 3-Day Itinerary: How to Spend Three Days,Safari Planning Tips,Booking,itinerary,,https://divulgeadventures.com/destinations/botswana-safari/,todo,
BW-019,Botswana,P1,54,khwai concession 3 day itinerary,Khwai Concession 3-Day Itinerary: How to Spend Three Days,Safari Planning Tips,Booking,itinerary,,https://divulgeadventures.com/destinations/botswana-safari/,todo,
BW-020,Botswana,P1,54,okavango delta 3 day itinerary,Okavango Delta 3-Day Itinerary: How to Spend Three Days,Safari Planning Tips,Booking,itinerary,,https://divulgeadventures.com/destinations/botswana-safari/,todo,
BW-021,Botswana,P1,52,best time to visit boteti river,Best Time to Visit Boteti River: Month-by-Month Guide,Destination Tips,Planning,best-time,,https://divulgeadventures.com/destinations/botswana-safari/,todo,
BW-022,Botswana,P1,52,best time to visit central kalahari,Best Time to Visit Central Kalahari: Month-by-Month Guide,Destination Tips,Planning,best-time,,https://divulgeadventures.com/destinations/botswana-safari/,todo,
BW-023,Botswana,P1,52,best time to visit chobe,Best Time to Visit Chobe: Month-by-Month Guide,Destination Tips,Planning,best-time,,https://divulgeadventures.com/destinations/botswana-safari/,todo,
BW-024,Botswana,P1,52,best time to visit kasane,Best Time to Visit Kasane: Month-by-Month Guide,Destination Tips,Planning,best-time,,https://divulgeadventures.com/destinations/botswana-safari/,todo,
BW-025,Botswana,P1,52,best time to visit khwai concession,Best Time to Visit Khwai Concession: Month-by-Month Guide,Destination Tips,Planning,best-time,,https://divulgeadventures.com/destinations/botswana-safari/,todo,
BW-026,Botswana,P1,52,best time to visit maun,Best Time to Visit Maun: Month-by-Month Guide,Destination Tips,Planning,best-time,,https://divulgeadventures.com/destinations/botswana-safari/,todo,
BW-027,Botswana,P1,52,best time to visit moremi,Best Time to Visit Moremi: Month-by-Month Guide,Destination Tips,Planning,best-time,,https://divulgeadventures.com/destinations/botswana-safari/,todo,
BW-028,Botswana,P1,52,best time to visit okavango delta,Best Time to Visit Okavango Delta: Month-by-Month Guide,Destination Tips,Planning,best-time,,https://divulgeadventures.com/destinations/botswana-safari/,todo,
BW-029,Botswana,P1,52,best time to visit okavango panhandle,Best Time to Visit Okavango Panhandle: Month-by-Month Guide,Destination Tips,Planning,best-time,,https://divulgeadventures.com/destinations/botswana-safari/,todo,
BW-030,Botswana,P1,52,best time to visit savuti,Best Time to Visit Savuti: Month-by-Month Guide,Destination Tips,Planning,best-time,,https://divulgeadventures.com/destinations/botswana-safari/,todo,
BW-031,Botswana,P1,51,chobe 3 day itinerary,Chobe 3-Day Itinerary: How to Spend Three Days,Safari Planning Tips,Booking,itinerary,,https://divulgeadventures.com/destinations/botswana-safari/,todo,
BW-032,Botswana,P1,51,moremi 3 day itinerary,Moremi 3-Day Itinerary: How to Spend Three Days,Safari Planning Tips,Booking,itinerary,,https://divulgeadventures.com/destinations/botswana-safari/,todo,
BW-033,Botswana,P1,51,savuti 3 day itinerary,Savuti 3-Day Itinerary: How to Spend Three Days,Safari Planning Tips,Booking,itinerary,,https://divulgeadventures.com/destinations/botswana-safari/,todo,
BW-034,Botswana,P1,50,okavango delta fly in safari cost,Okavango Delta Fly in Safari Cost: Prices and What's Included,Safari Planning Tips,Research,experience,,https://divulgeadventures.com/destinations/botswana-safari/,todo,
BW-035,Botswana,P1,50,okavango delta vs masai mara,Okavango Delta vs Masai Mara: Which Is Better for Your Trip?,Destination Tips,Planning,comparison,,https://divulgeadventures.com/destinations/botswana-safari/,todo,
BW-036,Botswana,P1,50,where to stay in central kalahari,Where to Stay in Central Kalahari: Best Lodges and Camps by Budget,Accommodation Guide,Booking,where-to-stay,,https://divulgeadventures.com/destinations/botswana-safari/,todo,
BW-037,Botswana,P1,50,where to stay in chobe,Where to Stay in Chobe: Best Lodges and Camps by Budget,Accommodation Guide,Booking,where-to-stay,,https://divulgeadventures.com/destinations/botswana-safari/,todo,
BW-038,Botswana,P1,50,where to stay in kasane,Where to Stay in Kasane: Best Lodges and Camps by Budget,Accommodation Guide,Booking,where-to-stay,,https://divulgeadventures.com/destinations/botswana-safari/,todo,
BW-039,Botswana,P1,50,where to stay in khwai concession,Where to Stay in Khwai Concession: Best Lodges and Camps by Budget,Accommodation Guide,Booking,where-to-stay,,https://divulgeadventures.com/destinations/botswana-safari/,todo,
BW-040,Botswana,P1,50,where to stay in maun,Where to Stay in Maun: Best Lodges and Camps by Budget,Accommodation Guide,Booking,where-to-stay,,https://divulgeadventures.com/destinations/botswana-safari/,todo,
BW-041,Botswana,P1,50,where to stay in moremi,Where to Stay in Moremi: Best Lodges and Camps by Budget,Accommodation Guide,Booking,where-to-stay,,https://divulgeadventures.com/destinations/botswana-safari/,todo,
BW-042,Botswana,P1,50,where to stay in okavango delta,Where to Stay in Okavango Delta: Best Lodges and Camps by Budget,Accommodation Guide,Booking,where-to-stay,,https://divulgeadventures.com/destinations/botswana-safari/,todo,
BW-043,Botswana,P1,50,where to stay in savuti,Where to Stay in Savuti: Best Lodges and Camps by Budget,Accommodation Guide,Booking,where-to-stay,,https://divulgeadventures.com/destinations/botswana-safari/,todo,
BW-044,Botswana,P1,48,chobe day trip from kasane,"Chobe Day Trip from Kasane: Timings, Costs and Tips",Safari Themes,Booking,day-trip,,https://divulgeadventures.com/destinations/botswana-safari/,todo,
BW-045,Botswana,P1,47,boteti river,Boteti River: The Complete Visitor Guide,Destination Tips,Research,guide,,https://divulgeadventures.com/destinations/botswana-safari/,todo,
BW-046,Botswana,P1,47,central kalahari game reserve,"Central Kalahari Game Reserve Guide: Wildlife, Best Time, Fees and Where to Stay",Destination Tips,Research,guide,,https://divulgeadventures.com/destinations/botswana-safari/,todo,
BW-047,Botswana,P1,47,central kalahari vs makgadikgadi,Central Kalahari vs Makgadikgadi: Which Is Better for Your Trip?,Destination Tips,Planning,comparison,,https://divulgeadventures.com/destinations/botswana-safari/,todo,
BW-048,Botswana,P1,47,chobe riverfront,Chobe Riverfront: The Complete Visitor Guide,Destination Tips,Research,guide,,https://divulgeadventures.com/destinations/botswana-safari/,todo,
BW-049,Botswana,P1,47,chobe vs hwange,Chobe vs Hwange: Which Is Better for Your Trip?,Destination Tips,Planning,comparison,,https://divulgeadventures.com/destinations/botswana-safari/,todo,
BW-050,Botswana,P1,47,kasane travel guide,"Kasane Travel Guide: Where to Stay, What to Do",Destination Tips,Research,guide,,https://divulgeadventures.com/destinations/botswana-safari/,todo,
BW-051,Botswana,P1,47,khwai concession,Khwai Concession: The Complete Visitor Guide,Destination Tips,Research,guide,,https://divulgeadventures.com/destinations/botswana-safari/,todo,
BW-052,Botswana,P1,47,makgadikgadi pans safari cost,"Makgadikgadi Pans Safari Cost: Park Fees, Lodges and Total Prices",Safari Planning Tips,Booking,cost,,https://divulgeadventures.com/destinations/botswana-safari/,todo,Include the current entrance/park fees in this post (there is no separate fees post for this park).
BW-053,Botswana,P1,47,maun travel guide,"Maun Travel Guide: Where to Stay, What to Do",Destination Tips,Research,guide,,https://divulgeadventures.com/destinations/botswana-safari/,todo,
BW-054,Botswana,P1,47,moremi game reserve,"Moremi Game Reserve Guide: Wildlife, Best Time, Fees and Where to Stay",Destination Tips,Research,guide,,https://divulgeadventures.com/destinations/botswana-safari/,todo,
BW-055,Botswana,P1,47,moremi vs khwai,Moremi vs Khwai: Which Is Better for Your Trip?,Destination Tips,Planning,comparison,,https://divulgeadventures.com/destinations/botswana-safari/,todo,
BW-056,Botswana,P1,47,okavango delta vs chobe,Okavango Delta vs Chobe: Which Is Better for Your Trip?,Destination Tips,Planning,comparison,,https://divulgeadventures.com/destinations/botswana-safari/,todo,
BW-057,Botswana,P1,47,okavango panhandle,Okavango Panhandle: The Complete Visitor Guide,Destination Tips,Research,guide,,https://divulgeadventures.com/destinations/botswana-safari/,todo,
BW-058,Botswana,P1,47,savuti,Savuti: The Complete Visitor Guide,Destination Tips,Research,guide,,https://divulgeadventures.com/destinations/botswana-safari/,todo,
BW-059,Botswana,P1,47,savuti vs linyanti,Savuti vs Linyanti: Which Is Better for Your Trip?,Destination Tips,Planning,comparison,,https://divulgeadventures.com/destinations/botswana-safari/,todo,
BW-060,Botswana,P1,46,botswana safari from south africa,"Botswana Safari from South Africa: Flights, Visas and Planning Tips",Safari Planning Tips,Booking,origin,,https://divulgeadventures.com/destinations/botswana-safari/,todo,
BW-061,Botswana,P1,46,botswana safari from sri lanka,"Botswana Safari from Sri Lanka: Flights, Visas and Planning Tips",Safari Planning Tips,Booking,origin,,https://divulgeadventures.com/destinations/botswana-safari/,todo,
BW-062,Botswana,P1,46,botswana safari from the uae,"Botswana Safari from the UAE: Flights, Visas and Planning Tips",Safari Planning Tips,Booking,origin,,https://divulgeadventures.com/destinations/botswana-safari/,todo,
BW-063,Botswana,P1,46,botswana safari from the uk,"Botswana Safari from the UK: Flights, Visas and Planning Tips",Safari Planning Tips,Booking,origin,,https://divulgeadventures.com/destinations/botswana-safari/,todo,
BW-064,Botswana,P1,46,botswana safari from the usa,"Botswana Safari from the USA: Flights, Visas and Planning Tips",Safari Planning Tips,Booking,origin,,https://divulgeadventures.com/destinations/botswana-safari/,todo,
BW-065,Botswana,P1,46,things to do in central kalahari,Things to Do in Central Kalahari: Top Experiences,Destination Tips,Research,things-to-do,,https://divulgeadventures.com/destinations/botswana-safari/,todo,
BW-066,Botswana,P1,46,things to do in chobe,Things to Do in Chobe: Top Experiences,Destination Tips,Research,things-to-do,,https://divulgeadventures.com/destinations/botswana-safari/,todo,
BW-067,Botswana,P1,46,things to do in kasane,Things to Do in Kasane: Top Experiences,Destination Tips,Research,things-to-do,,https://divulgeadventures.com/destinations/botswana-safari/,todo,
BW-068,Botswana,P1,46,things to do in khwai concession,Things to Do in Khwai Concession: Top Experiences,Destination Tips,Research,things-to-do,,https://divulgeadventures.com/destinations/botswana-safari/,todo,
BW-069,Botswana,P1,46,things to do in maun,Things to Do in Maun: Top Experiences,Destination Tips,Research,things-to-do,,https://divulgeadventures.com/destinations/botswana-safari/,todo,
BW-070,Botswana,P1,46,things to do in moremi,Things to Do in Moremi: Top Experiences,Destination Tips,Research,things-to-do,,https://divulgeadventures.com/destinations/botswana-safari/,todo,
BW-071,Botswana,P1,46,things to do in okavango delta,Things to Do in Okavango Delta: Top Experiences,Destination Tips,Research,things-to-do,,https://divulgeadventures.com/destinations/botswana-safari/,todo,
BW-072,Botswana,P1,46,things to do in savuti,Things to Do in Savuti: Top Experiences,Destination Tips,Research,things-to-do,,https://divulgeadventures.com/destinations/botswana-safari/,todo,
BW-073,Botswana,P1,45,botswana safari cost,Botswana Safari Cost: A Practical Guide for Travellers,Safari Planning Tips,Planning,practical,,https://divulgeadventures.com/destinations/botswana-safari/,todo,
BW-074,Botswana,P1,44,central kalahari map and gates,Central Kalahari Map and Gates: Getting Around,Destination Tips,Planning,access,,https://divulgeadventures.com/destinations/botswana-safari/,todo,
BW-075,Botswana,P1,44,chobe national park day trip from victoria falls,Chobe National Park Day Trip from Victoria Falls: What to Know Before You Go,Safari Themes,Research,experience,,https://divulgeadventures.com/destinations/botswana-safari/,todo,
BW-076,Botswana,P1,44,chobe to okavango by air,"Chobe to Okavango by Air: Routes, Timings and Tips",Safari Planning Tips,Research,experience,,https://divulgeadventures.com/destinations/botswana-safari/,todo,
BW-077,Botswana,P1,44,how to get to boteti river from maun,"How to Get to Boteti River from Maun: Road, Flight and Transfer Options",Safari Planning Tips,Planning,access,,https://divulgeadventures.com/destinations/botswana-safari/,todo,
BW-078,Botswana,P1,44,how to get to central kalahari from maun,"How to Get to Central Kalahari from Maun: Road, Flight and Transfer Options",Safari Planning Tips,Planning,access,,https://divulgeadventures.com/destinations/botswana-safari/,todo,
BW-079,Botswana,P1,44,how to get to chobe riverfront from kasane,"How to Get to Chobe Riverfront from Kasane: Road, Flight and Transfer Options",Safari Planning Tips,Planning,access,,https://divulgeadventures.com/destinations/botswana-safari/,todo,
BW-080,Botswana,P1,44,how to get to kasane from victoria falls,"How to Get to Kasane from Victoria Falls: Road, Flight and Transfer Options",Safari Planning Tips,Planning,access,,https://divulgeadventures.com/destinations/botswana-safari/,todo,
BW-081,Botswana,P1,44,how to get to khwai concession from maun,"How to Get to Khwai Concession from Maun: Road, Flight and Transfer Options",Safari Planning Tips,Planning,access,,https://divulgeadventures.com/destinations/botswana-safari/,todo,
BW-082,Botswana,P1,44,how to get to kubu island from maun,"How to Get to Kubu Island from Maun: Road, Flight and Transfer Options",Safari Planning Tips,Planning,access,,https://divulgeadventures.com/destinations/botswana-safari/,todo,
BW-083,Botswana,P1,44,how to get to linyanti from kasane,"How to Get to Linyanti from Kasane: Road, Flight and Transfer Options",Safari Planning Tips,Planning,access,,https://divulgeadventures.com/destinations/botswana-safari/,todo,
BW-084,Botswana,P1,44,how to get to makgadikgadi pans from maun,"How to Get to Makgadikgadi Pans from Maun: Road, Flight and Transfer Options",Safari Planning Tips,Planning,access,,https://divulgeadventures.com/destinations/botswana-safari/,todo,
BW-085,Botswana,P1,44,how to get to maun from johannesburg,"How to Get to Maun from Johannesburg: Road, Flight and Transfer Options",Safari Planning Tips,Planning,access,,https://divulgeadventures.com/destinations/botswana-safari/,todo,
BW-086,Botswana,P1,44,how to get to moremi from maun,"How to Get to Moremi from Maun: Road, Flight and Transfer Options",Safari Planning Tips,Planning,access,,https://divulgeadventures.com/destinations/botswana-safari/,todo,
BW-087,Botswana,P1,44,how to get to nxai pan from maun,"How to Get to Nxai Pan from Maun: Road, Flight and Transfer Options",Safari Planning Tips,Planning,access,,https://divulgeadventures.com/destinations/botswana-safari/,todo,
BW-088,Botswana,P1,44,how to get to okavango delta from maun,"How to Get to Okavango Delta from Maun: Road, Flight and Transfer Options",Safari Planning Tips,Planning,access,,https://divulgeadventures.com/destinations/botswana-safari/,todo,
BW-089,Botswana,P1,44,how to get to okavango panhandle from maun,"How to Get to Okavango Panhandle from Maun: Road, Flight and Transfer Options",Safari Planning Tips,Planning,access,,https://divulgeadventures.com/destinations/botswana-safari/,todo,
BW-090,Botswana,P1,44,how to get to savuti from kasane,"How to Get to Savuti from Kasane: Road, Flight and Transfer Options",Safari Planning Tips,Planning,access,,https://divulgeadventures.com/destinations/botswana-safari/,todo,
BW-091,Botswana,P1,44,how to get to selinda reserve from maun,"How to Get to Selinda Reserve from Maun: Road, Flight and Transfer Options",Safari Planning Tips,Planning,access,,https://divulgeadventures.com/destinations/botswana-safari/,todo,
BW-092,Botswana,P1,44,how to get to tsodilo hills from maun,"How to Get to Tsodilo Hills from Maun: Road, Flight and Transfer Options",Safari Planning Tips,Planning,access,,https://divulgeadventures.com/destinations/botswana-safari/,todo,
BW-093,Botswana,P1,44,okavango delta day trip from maun,Okavango Delta Day Trip from Maun: What to Know Before You Go,Safari Themes,Research,experience,,https://divulgeadventures.com/destinations/botswana-safari/,todo,
BW-094,Botswana,P1,44,okavango delta map and gates,Okavango Delta Map and Gates: Getting Around,Destination Tips,Planning,access,,https://divulgeadventures.com/destinations/botswana-safari/,todo,
BW-095,Botswana,P1,44,okavango delta unesco world heritage site,Okavango Delta Unesco World Heritage Site: What to Know Before You Go,Destination Tips,Research,experience,,https://divulgeadventures.com/destinations/botswana-safari/,todo,
BW-096,Botswana,P1,44,victoria falls day trip from kasane,Victoria Falls Day Trip from Kasane: What to Know Before You Go,Destination Tips,Research,experience,,https://divulgeadventures.com/destinations/botswana-safari/,todo,
BW-097,Botswana,P2,44,botswana safari mistakes to avoid,Botswana Safari Mistakes to Avoid: What to Know Before You Go,Safari Planning Tips,Research,experience,,https://divulgeadventures.com/destinations/botswana-safari/,todo,
BW-098,Botswana,P2,44,chobe national park self drive,"Chobe National Park Self Drive: Routes, Timings and Tips",Safari Planning Tips,Research,experience,,https://divulgeadventures.com/destinations/botswana-safari/,todo,
BW-099,Botswana,P2,44,first time botswana safari tips,First Time Botswana Safari Tips: What to Know Before You Go,Safari Planning Tips,Research,experience,,https://divulgeadventures.com/destinations/botswana-safari/,todo,
BW-100,Botswana,P2,43,boteti tented safari lodge,"Boteti Tented Safari Lodge: Rooms, Location and What to Expect",Accommodation Guide,Booking,lodge,,https://divulgeadventures.com/destinations/botswana-safari/,todo,"Describe from the property's official website only. If it cannot be verified as currently operating, mark this row skip."
BW-101,Botswana,P2,43,botswana safari from australia,"Botswana Safari from Australia: Flights, Visas and Planning Tips",Safari Planning Tips,Booking,origin,,https://divulgeadventures.com/destinations/botswana-safari/,todo,
BW-102,Botswana,P2,43,botswana safari from canada,"Botswana Safari from Canada: Flights, Visas and Planning Tips",Safari Planning Tips,Booking,origin,,https://divulgeadventures.com/destinations/botswana-safari/,todo,
BW-103,Botswana,P2,43,botswana safari from germany,"Botswana Safari from Germany: Flights, Visas and Planning Tips",Safari Planning Tips,Booking,origin,,https://divulgeadventures.com/destinations/botswana-safari/,todo,
BW-104,Botswana,P2,43,botswana safari from india,"Botswana Safari from India: Flights, Visas and Planning Tips",Safari Planning Tips,Booking,origin,,https://divulgeadventures.com/destinations/botswana-safari/,todo,
BW-105,Botswana,P2,43,botswana safari from italy,"Botswana Safari from Italy: Flights, Visas and Planning Tips",Safari Planning Tips,Booking,origin,,https://divulgeadventures.com/destinations/botswana-safari/,todo,
BW-106,Botswana,P2,43,botswana safari from malaysia,"Botswana Safari from Malaysia: Flights, Visas and Planning Tips",Safari Planning Tips,Booking,origin,,https://divulgeadventures.com/destinations/botswana-safari/,todo,
BW-107,Botswana,P2,43,botswana safari from singapore,"Botswana Safari from Singapore: Flights, Visas and Planning Tips",Safari Planning Tips,Booking,origin,,https://divulgeadventures.com/destinations/botswana-safari/,todo,
BW-108,Botswana,P2,43,camp kalahari,"Camp Kalahari: Rooms, Location and What to Expect",Accommodation Guide,Booking,lodge,,https://divulgeadventures.com/destinations/botswana-safari/,todo,"Describe from the property's official website only. If it cannot be verified as currently operating, mark this row skip."
BW-109,Botswana,P2,43,camp moremi,"Camp Moremi: Rooms, Location and What to Expect",Accommodation Guide,Booking,lodge,,https://divulgeadventures.com/destinations/botswana-safari/,todo,"Describe from the property's official website only. If it cannot be verified as currently operating, mark this row skip."
BW-110,Botswana,P2,43,chobe chilwero,"Chobe Chilwero: Rooms, Location and What to Expect",Accommodation Guide,Booking,lodge,,https://divulgeadventures.com/destinations/botswana-safari/,todo,"Describe from the property's official website only. If it cannot be verified as currently operating, mark this row skip."
BW-111,Botswana,P2,43,chobe game lodge,"Chobe Game Lodge: Rooms, Location and What to Expect",Accommodation Guide,Booking,lodge,,https://divulgeadventures.com/destinations/botswana-safari/,todo,"Describe from the property's official website only. If it cannot be verified as currently operating, mark this row skip."
BW-112,Botswana,P2,43,chobe river cottages,"Chobe River Cottages: Rooms, Location and What to Expect",Accommodation Guide,Booking,lodge,,https://divulgeadventures.com/destinations/botswana-safari/,todo,"Describe from the property's official website only. If it cannot be verified as currently operating, mark this row skip."
BW-113,Botswana,P2,43,kalahari plains camp,"Kalahari Plains Camp: Rooms, Location and What to Expect",Accommodation Guide,Booking,lodge,,https://divulgeadventures.com/destinations/botswana-safari/,todo,"Describe from the property's official website only. If it cannot be verified as currently operating, mark this row skip."
BW-114,Botswana,P2,43,khwai river lodge,"Khwai River Lodge: Rooms, Location and What to Expect",Accommodation Guide,Booking,lodge,,https://divulgeadventures.com/destinations/botswana-safari/,todo,"Describe from the property's official website only. If it cannot be verified as currently operating, mark this row skip."
BW-115,Botswana,P2,43,nxai pan entrance fees,Nxai Pan Entrance Fees: Current Rates and How to Pay,Safari Planning Tips,Booking,fees,,https://divulgeadventures.com/destinations/botswana-safari/,todo,
BW-116,Botswana,P2,43,okavango delta houseboat,"Okavango Delta Houseboat: Rooms, Location and What to Expect",Accommodation Guide,Booking,lodge,,https://divulgeadventures.com/destinations/botswana-safari/,todo,"Describe from the property's official website only. If it cannot be verified as currently operating, mark this row skip."
BW-117,Botswana,P2,43,pangolin chobe hotel,"Pangolin Chobe Hotel: Rooms, Location and What to Expect",Accommodation Guide,Booking,lodge,,https://divulgeadventures.com/destinations/botswana-safari/,todo,"Describe from the property's official website only. If it cannot be verified as currently operating, mark this row skip."
BW-118,Botswana,P2,43,savute elephant lodge,"Savute Elephant Lodge: Rooms, Location and What to Expect",Accommodation Guide,Booking,lodge,,https://divulgeadventures.com/destinations/botswana-safari/,todo,"Describe from the property's official website only. If it cannot be verified as currently operating, mark this row skip."
BW-119,Botswana,P2,43,savute safari lodge,"Savute Safari Lodge: Rooms, Location and What to Expect",Accommodation Guide,Booking,lodge,,https://divulgeadventures.com/destinations/botswana-safari/,todo,"Describe from the property's official website only. If it cannot be verified as currently operating, mark this row skip."
BW-120,Botswana,P2,42,botswana safari children age limits,Botswana Safari Children Age Limits: A Practical Guide for Travellers,Safari Planning Tips,Planning,practical,,https://divulgeadventures.com/destinations/botswana-safari/,todo,
BW-121,Botswana,P2,42,botswana safari luggage limit soft bags,Botswana Safari Luggage Limit Soft Bags: A Practical Guide for Travellers,Safari Planning Tips,Planning,practical,,https://divulgeadventures.com/destinations/botswana-safari/,todo,
BW-122,Botswana,P2,42,how to get to kasane,How to Get to Kasane: A Practical Guide for Travellers,Safari Planning Tips,Planning,practical,,https://divulgeadventures.com/destinations/botswana-safari/,todo,
BW-123,Botswana,P2,42,how to get to maun,How to Get to Maun: A Practical Guide for Travellers,Safari Planning Tips,Planning,practical,,https://divulgeadventures.com/destinations/botswana-safari/,todo,
BW-124,Botswana,P2,41,botswana camping moremi campsites,Botswana Camping Moremi Campsites: What to Know Before You Go,Safari Planning Tips,Research,experience,,https://divulgeadventures.com/destinations/botswana-safari/,todo,
BW-125,Botswana,P2,41,botswana safari circuit explained,Botswana Safari Circuit Explained: What to Know Before You Go,Safari Planning Tips,Research,experience,,https://divulgeadventures.com/destinations/botswana-safari/,todo,
BW-126,Botswana,P2,41,botswana safari for seniors,Botswana Safari for Seniors: What to Know Before You Go,Safari Themes,Research,experience,,https://divulgeadventures.com/destinations/botswana-safari/,todo,
BW-127,Botswana,P2,41,central kalahari animals,Central Kalahari Animals: What Wildlife You Can See,Destination Tips,Research,wildlife,,https://divulgeadventures.com/destinations/botswana-safari/,todo,
BW-128,Botswana,P2,41,chobe animals,Chobe Animals: What Wildlife You Can See,Destination Tips,Research,wildlife,,https://divulgeadventures.com/destinations/botswana-safari/,todo,
BW-129,Botswana,P2,41,chobe elephants dry season,Chobe Elephants Dry Season: What to Know Before You Go,Safari Themes,Research,experience,,https://divulgeadventures.com/destinations/botswana-safari/,todo,
BW-130,Botswana,P2,41,chobe map and gates,Chobe Map and Gates: Getting Around,Destination Tips,Planning,access,,https://divulgeadventures.com/destinations/botswana-safari/,todo,
BW-131,Botswana,P2,41,chobe photographic boat safari,"Chobe Photographic Boat Safari: Routes, Timings and Tips",Safari Themes,Research,experience,,https://divulgeadventures.com/destinations/botswana-safari/,todo,
BW-132,Botswana,P2,41,chobe river boat cruise,"Chobe River Boat Cruise: Routes, Timings and Tips",Safari Themes,Research,experience,,https://divulgeadventures.com/destinations/botswana-safari/,todo,
BW-133,Botswana,P2,41,chobe sunset cruise,Chobe Sunset Cruise: What to Know Before You Go,Safari Themes,Research,experience,,https://divulgeadventures.com/destinations/botswana-safari/,todo,
BW-134,Botswana,P2,41,deception valley central kalahari,Deception Valley Central Kalahari: What to Know Before You Go,Destination Tips,Research,experience,,https://divulgeadventures.com/destinations/botswana-safari/,todo,
BW-135,Botswana,P2,41,helicopter flight okavango delta,Helicopter Flight Okavango Delta: What to Know Before You Go,Safari Themes,Research,experience,,https://divulgeadventures.com/destinations/botswana-safari/,todo,
BW-136,Botswana,P2,41,horseback safari okavango,Horseback Safari Okavango: What to Know Before You Go,Safari Themes,Research,experience,,https://divulgeadventures.com/destinations/botswana-safari/,todo,
BW-137,Botswana,P2,41,kasane airport guide,Kasane Airport Guide: What to Know Before You Go,Safari Planning Tips,Research,experience,,https://divulgeadventures.com/destinations/botswana-safari/,todo,
BW-138,Botswana,P2,41,khwai community concession explained,Khwai Community Concession Explained: What to Know Before You Go,Destination Tips,Research,experience,,https://divulgeadventures.com/destinations/botswana-safari/,todo,
BW-139,Botswana,P2,41,maun airport guide,Maun Airport Guide: What to Know Before You Go,Safari Planning Tips,Research,experience,,https://divulgeadventures.com/destinations/botswana-safari/,todo,
BW-140,Botswana,P2,41,maun to kasane drive,"Maun to Kasane Drive: Routes, Timings and Tips",Safari Planning Tips,Research,experience,,https://divulgeadventures.com/destinations/botswana-safari/,todo,
BW-141,Botswana,P2,41,mokoro trip okavango,Mokoro Trip Okavango: What to Know Before You Go,Safari Themes,Research,experience,,https://divulgeadventures.com/destinations/botswana-safari/,todo,
BW-142,Botswana,P2,41,mokoro vs motorboat okavango,Mokoro vs Motorboat Okavango: Which Is Better for Your Trip?,Safari Planning Tips,Research,experience,,https://divulgeadventures.com/destinations/botswana-safari/,todo,
BW-143,Botswana,P2,41,moremi animals,Moremi Animals: What Wildlife You Can See,Destination Tips,Research,wildlife,,https://divulgeadventures.com/destinations/botswana-safari/,todo,
BW-144,Botswana,P2,41,moremi map and gates,Moremi Map and Gates: Getting Around,Destination Tips,Planning,access,,https://divulgeadventures.com/destinations/botswana-safari/,todo,
BW-145,Botswana,P2,41,moremi self drive,"Moremi Self Drive: Routes, Timings and Tips",Safari Planning Tips,Research,experience,,https://divulgeadventures.com/destinations/botswana-safari/,todo,
BW-146,Botswana,P2,41,moremi south gate,Moremi South Gate: What to Know Before You Go,Destination Tips,Research,experience,,https://divulgeadventures.com/destinations/botswana-safari/,todo,
BW-147,Botswana,P2,41,moremi third bridge,Moremi Third Bridge: What to Know Before You Go,Destination Tips,Research,experience,,https://divulgeadventures.com/destinations/botswana-safari/,todo,
BW-148,Botswana,P2,41,moremi xakanaxa,Moremi Xakanaxa: What to Know Before You Go,Destination Tips,Research,experience,,https://divulgeadventures.com/destinations/botswana-safari/,todo,
BW-149,Botswana,P2,41,okavango delta animals,Okavango Delta Animals: What Wildlife You Can See,Destination Tips,Research,wildlife,,https://divulgeadventures.com/destinations/botswana-safari/,todo,
BW-150,Botswana,P2,41,okavango delta for families,Okavango Delta for Families: What to Know Before You Go,Safari Themes,Research,experience,,https://divulgeadventures.com/destinations/botswana-safari/,todo,
BW-151,Botswana,P2,41,okavango delta mobile safari,Okavango Delta Mobile Safari: What to Know Before You Go,Safari Planning Tips,Research,experience,,https://divulgeadventures.com/destinations/botswana-safari/,todo,
BW-152,Botswana,P2,41,okavango delta scenic flight,Okavango Delta Scenic Flight: What to Know Before You Go,Safari Themes,Research,experience,,https://divulgeadventures.com/destinations/botswana-safari/,todo,
BW-153,Botswana,P2,41,okavango delta water levels,Okavango Delta Water Levels: What to Know Before You Go,Destination Tips,Research,experience,,https://divulgeadventures.com/destinations/botswana-safari/,todo,
BW-154,Botswana,P2,41,okavango flood season,Okavango Flood Season: What to Know Before You Go,Destination Tips,Research,experience,,https://divulgeadventures.com/destinations/botswana-safari/,todo,
BW-155,Botswana,P2,41,san bushmen walk kalahari,"San Bushmen Walk Kalahari: Routes, Timings and Tips",Safari Themes,Research,experience,,https://divulgeadventures.com/destinations/botswana-safari/,todo,
BW-156,Botswana,P2,41,savuti campsite booking,Savuti Campsite Booking: What to Know Before You Go,Safari Planning Tips,Research,experience,,https://divulgeadventures.com/destinations/botswana-safari/,todo,
BW-157,Botswana,P2,41,savuti channel,Savuti Channel: What to Know Before You Go,Destination Tips,Research,experience,,https://divulgeadventures.com/destinations/botswana-safari/,todo,
BW-158,Botswana,P2,41,savuti marsh,Savuti Marsh: What to Know Before You Go,Destination Tips,Research,experience,,https://divulgeadventures.com/destinations/botswana-safari/,todo,
BW-159,Botswana,P2,41,walking safari okavango,Walking Safari Okavango: What to Know Before You Go,Safari Themes,Research,experience,,https://divulgeadventures.com/destinations/botswana-safari/,todo,
BW-160,Botswana,P2,40,makgadikgadi pans 3 day itinerary,Makgadikgadi Pans 3-Day Itinerary: How to Spend Three Days,Safari Planning Tips,Booking,itinerary,,https://divulgeadventures.com/destinations/botswana-safari/,todo,
BW-161,Botswana,P2,39,botswana safari checklist,Botswana Safari Checklist: A Practical Guide for Travellers,Safari Planning Tips,Planning,practical,,https://divulgeadventures.com/destinations/botswana-safari/,todo,
BW-162,Botswana,P2,39,botswana safari health tips,Botswana Safari Health Tips: A Practical Guide for Travellers,Safari Planning Tips,Planning,practical,,https://divulgeadventures.com/destinations/botswana-safari/,todo,
BW-163,Botswana,P2,39,botswana safari packing list,Botswana Safari Packing List: A Practical Guide for Travellers,Safari Planning Tips,Planning,practical,,https://divulgeadventures.com/destinations/botswana-safari/,todo,
BW-164,Botswana,P2,39,botswana safari tipping,Botswana Safari Tipping: A Practical Guide for Travellers,Safari Planning Tips,Planning,practical,,https://divulgeadventures.com/destinations/botswana-safari/,todo,
BW-165,Botswana,P2,39,botswana safari vehicle,Botswana Safari Vehicle: A Practical Guide for Travellers,Safari Planning Tips,Planning,practical,,https://divulgeadventures.com/destinations/botswana-safari/,todo,
BW-166,Botswana,P2,38,best time to visit gaborone,Best Time to Visit Gaborone: Month-by-Month Guide,Destination Tips,Planning,best-time,,https://divulgeadventures.com/destinations/botswana-safari/,todo,
BW-167,Botswana,P2,38,best time to visit kgalagadi,Best Time to Visit Kgalagadi: Month-by-Month Guide,Destination Tips,Planning,best-time,,https://divulgeadventures.com/destinations/botswana-safari/,todo,
BW-168,Botswana,P2,38,best time to visit kubu island,Best Time to Visit Kubu Island: Month-by-Month Guide,Destination Tips,Planning,best-time,,https://divulgeadventures.com/destinations/botswana-safari/,todo,
BW-169,Botswana,P2,38,best time to visit linyanti,Best Time to Visit Linyanti: Month-by-Month Guide,Destination Tips,Planning,best-time,,https://divulgeadventures.com/destinations/botswana-safari/,todo,
BW-170,Botswana,P2,38,best time to visit makgadikgadi pans,Best Time to Visit Makgadikgadi Pans: Month-by-Month Guide,Destination Tips,Planning,best-time,,https://divulgeadventures.com/destinations/botswana-safari/,todo,
BW-171,Botswana,P2,38,best time to visit mashatu,Best Time to Visit Mashatu: Month-by-Month Guide,Destination Tips,Planning,best-time,,https://divulgeadventures.com/destinations/botswana-safari/,todo,
BW-172,Botswana,P2,38,best time to visit nxai pan,Best Time to Visit Nxai Pan: Month-by-Month Guide,Destination Tips,Planning,best-time,,https://divulgeadventures.com/destinations/botswana-safari/,todo,
BW-173,Botswana,P2,38,best time to visit selinda reserve,Best Time to Visit Selinda Reserve: Month-by-Month Guide,Destination Tips,Planning,best-time,,https://divulgeadventures.com/destinations/botswana-safari/,todo,
BW-174,Botswana,P2,38,best time to visit tsodilo hills,Best Time to Visit Tsodilo Hills: Month-by-Month Guide,Destination Tips,Planning,best-time,,https://divulgeadventures.com/destinations/botswana-safari/,todo,
BW-175,Botswana,P2,38,best time to visit tuli block,Best Time to Visit Tuli Block: Month-by-Month Guide,Destination Tips,Planning,best-time,,https://divulgeadventures.com/destinations/botswana-safari/,todo,
BW-176,Botswana,P2,37,botswana zebra migration,Botswana Zebra Migration: Complete Guide,Safari Themes,Planning,migration,,https://divulgeadventures.com/destinations/botswana-safari/,todo,
BW-177,Botswana,P2,36,botswana and cape town holiday,Botswana and Cape Town Holiday: How to Combine Them in One Trip,Safari Planning Tips,Booking,combo,,https://divulgeadventures.com/destinations/botswana-safari/,todo,
BW-178,Botswana,P2,36,botswana and victoria falls itinerary,Botswana and Victoria Falls Itinerary: How to Combine Them in One Trip,Safari Planning Tips,Booking,combo,,https://divulgeadventures.com/destinations/botswana-safari/,todo,
BW-179,Botswana,P2,36,botswana vs south africa safari,Botswana vs South Africa Safari: Which Is Better for Your Trip?,Destination Tips,Planning,comparison,,https://divulgeadventures.com/destinations/botswana-safari/,todo,
BW-180,Botswana,P2,36,where to stay in linyanti,Where to Stay in Linyanti: Best Lodges and Camps by Budget,Accommodation Guide,Booking,where-to-stay,,https://divulgeadventures.com/destinations/botswana-safari/,todo,
BW-181,Botswana,P2,36,where to stay in makgadikgadi pans,Where to Stay in Makgadikgadi Pans: Best Lodges and Camps by Budget,Accommodation Guide,Booking,where-to-stay,,https://divulgeadventures.com/destinations/botswana-safari/,todo,
BW-182,Botswana,P2,36,where to stay in nxai pan,Where to Stay in Nxai Pan: Best Lodges and Camps by Budget,Accommodation Guide,Booking,where-to-stay,,https://divulgeadventures.com/destinations/botswana-safari/,todo,
BW-183,Botswana,P2,35,botswana in april,Botswana in April: Where the Wildlife Is and What to Expect,Destination Tips,Planning,month,april,https://divulgeadventures.com/destinations/botswana-safari/,todo,
BW-184,Botswana,P2,35,botswana in august,Botswana in August: Where the Wildlife Is and What to Expect,Destination Tips,Planning,month,august,https://divulgeadventures.com/destinations/botswana-safari/,todo,
BW-185,Botswana,P2,35,botswana in december,Botswana in December: Where the Wildlife Is and What to Expect,Destination Tips,Planning,month,december,https://divulgeadventures.com/destinations/botswana-safari/,todo,
BW-186,Botswana,P2,35,botswana in february,Botswana in February: Where the Wildlife Is and What to Expect,Destination Tips,Planning,month,february,https://divulgeadventures.com/destinations/botswana-safari/,todo,
BW-187,Botswana,P2,35,botswana in january,Botswana in January: Where the Wildlife Is and What to Expect,Destination Tips,Planning,month,january,https://divulgeadventures.com/destinations/botswana-safari/,todo,
BW-188,Botswana,P2,35,botswana in july,Botswana in July: Where the Wildlife Is and What to Expect,Destination Tips,Planning,month,july,https://divulgeadventures.com/destinations/botswana-safari/,todo,
BW-189,Botswana,P2,35,botswana in june,Botswana in June: Where the Wildlife Is and What to Expect,Destination Tips,Planning,month,june,https://divulgeadventures.com/destinations/botswana-safari/,todo,
BW-190,Botswana,P2,35,botswana in march,Botswana in March: Where the Wildlife Is and What to Expect,Destination Tips,Planning,month,march,https://divulgeadventures.com/destinations/botswana-safari/,todo,
BW-191,Botswana,P2,35,botswana in may,Botswana in May: Where the Wildlife Is and What to Expect,Destination Tips,Planning,month,may,https://divulgeadventures.com/destinations/botswana-safari/,todo,
BW-192,Botswana,P2,35,botswana in november,Botswana in November: Where the Wildlife Is and What to Expect,Destination Tips,Planning,month,november,https://divulgeadventures.com/destinations/botswana-safari/,todo,
BW-193,Botswana,P2,35,botswana in october,Botswana in October: Where the Wildlife Is and What to Expect,Destination Tips,Planning,month,october,https://divulgeadventures.com/destinations/botswana-safari/,todo,
BW-194,Botswana,P2,35,botswana in september,Botswana in September: Where the Wildlife Is and What to Expect,Destination Tips,Planning,month,september,https://divulgeadventures.com/destinations/botswana-safari/,todo,
BW-195,Botswana,P2,33,botswana and kruger itinerary,Botswana and Kruger Itinerary: How to Combine Them in One Trip,Safari Planning Tips,Booking,combo,,https://divulgeadventures.com/destinations/botswana-safari/,todo,
BW-196,Botswana,P2,33,botswana and mauritius holiday,Botswana and Mauritius Holiday: How to Combine Them in One Trip,Safari Planning Tips,Booking,combo,,https://divulgeadventures.com/destinations/botswana-safari/,todo,
BW-197,Botswana,P2,33,botswana and namibia safari,Botswana and Namibia Safari: How to Combine Them in One Trip,Safari Planning Tips,Booking,combo,,https://divulgeadventures.com/destinations/botswana-safari/,todo,
BW-198,Botswana,P2,33,botswana and zambia safari,Botswana and Zambia Safari: How to Combine Them in One Trip,Safari Planning Tips,Booking,combo,,https://divulgeadventures.com/destinations/botswana-safari/,todo,
BW-199,Botswana,P2,33,botswana and zimbabwe safari,Botswana and Zimbabwe Safari: How to Combine Them in One Trip,Safari Planning Tips,Booking,combo,,https://divulgeadventures.com/destinations/botswana-safari/,todo,
BW-200,Botswana,P2,33,botswana vs namibia safari,Botswana vs Namibia Safari: Which Is Better for Your Trip?,Destination Tips,Planning,comparison,,https://divulgeadventures.com/destinations/botswana-safari/,todo,
BW-201,Botswana,P2,33,gaborone travel guide,"Gaborone Travel Guide: Where to Stay, What to Do",Destination Tips,Research,guide,,https://divulgeadventures.com/destinations/botswana-safari/,todo,
BW-202,Botswana,P2,33,kgalagadi transfrontier park,"Kgalagadi Transfrontier Park Guide: Wildlife, Best Time, Fees and Where to Stay",Destination Tips,Research,guide,,https://divulgeadventures.com/destinations/botswana-safari/,todo,
BW-203,Botswana,P2,33,kubu island,Kubu Island: The Complete Visitor Guide,Destination Tips,Research,guide,,https://divulgeadventures.com/destinations/botswana-safari/,todo,
BW-204,Botswana,P2,33,linyanti,Linyanti: The Complete Visitor Guide,Destination Tips,Research,guide,,https://divulgeadventures.com/destinations/botswana-safari/,todo,
BW-205,Botswana,P2,33,makgadikgadi pans,"Makgadikgadi Pans Guide: Wildlife, Best Time, Fees and Where to Stay",Destination Tips,Research,guide,,https://divulgeadventures.com/destinations/botswana-safari/,todo,
BW-206,Botswana,P2,33,mashatu game reserve,"Mashatu Game Reserve Guide: Wildlife, Best Time, Fees and Where to Stay",Destination Tips,Research,guide,,https://divulgeadventures.com/destinations/botswana-safari/,todo,
BW-207,Botswana,P2,33,nxai pan national park,"Nxai Pan National Park Guide: Wildlife, Best Time, Fees and Where to Stay",Destination Tips,Research,guide,,https://divulgeadventures.com/destinations/botswana-safari/,todo,
BW-208,Botswana,P2,33,selinda reserve,Selinda Reserve: The Complete Visitor Guide,Destination Tips,Research,guide,,https://divulgeadventures.com/destinations/botswana-safari/,todo,
BW-209,Botswana,P2,33,tsodilo hills,Tsodilo Hills: The Complete Visitor Guide,Destination Tips,Research,guide,,https://divulgeadventures.com/destinations/botswana-safari/,todo,
BW-210,Botswana,P2,33,tuli block,"Tuli Block Guide: Wildlife, Best Time, Fees and Where to Stay",Destination Tips,Research,guide,,https://divulgeadventures.com/destinations/botswana-safari/,todo,
BW-211,Botswana,P2,32,things to do in linyanti,Things to Do in Linyanti: Top Experiences,Destination Tips,Research,things-to-do,,https://divulgeadventures.com/destinations/botswana-safari/,todo,
BW-212,Botswana,P2,32,things to do in makgadikgadi pans,Things to Do in Makgadikgadi Pans: Top Experiences,Destination Tips,Research,things-to-do,,https://divulgeadventures.com/destinations/botswana-safari/,todo,
BW-213,Botswana,P2,32,things to do in nxai pan,Things to Do in Nxai Pan: Top Experiences,Destination Tips,Research,things-to-do,,https://divulgeadventures.com/destinations/botswana-safari/,todo,
BW-214,Botswana,P2,31,botswana park fees,Botswana Park Fees: A Practical Guide for Travellers,Safari Planning Tips,Planning,practical,,https://divulgeadventures.com/destinations/botswana-safari/,todo,
BW-215,Botswana,P2,30,how to get to gaborone from johannesburg,"How to Get to Gaborone from Johannesburg: Road, Flight and Transfer Options",Safari Planning Tips,Planning,access,,https://divulgeadventures.com/destinations/botswana-safari/,todo,
BW-216,Botswana,P2,30,how to get to kgalagadi from gaborone,"How to Get to Kgalagadi from Gaborone: Road, Flight and Transfer Options",Safari Planning Tips,Planning,access,,https://divulgeadventures.com/destinations/botswana-safari/,todo,
BW-217,Botswana,P2,30,how to get to tuli block from johannesburg,"How to Get to Tuli Block from Johannesburg: Road, Flight and Transfer Options",Safari Planning Tips,Planning,access,,https://divulgeadventures.com/destinations/botswana-safari/,todo,
BW-218,Botswana,P2,30,makgadikgadi pans map and gates,Makgadikgadi Pans Map and Gates: Getting Around,Destination Tips,Planning,access,,https://divulgeadventures.com/destinations/botswana-safari/,todo,
BW-219,Botswana,P3,30,best camps for wild dogs in botswana,Best Camps for Wild Dogs in Botswana: Our Top Picks,Accommodation Guide,Research,experience,,https://divulgeadventures.com/destinations/botswana-safari/,todo,
BW-220,Botswana,P3,30,botswana water and land camps,Botswana Water and Land Camps: What to Know Before You Go,Safari Planning Tips,Research,experience,,https://divulgeadventures.com/destinations/botswana-safari/,todo,
BW-221,Botswana,P3,30,botswana wildlife management areas explained,Botswana Wildlife Management Areas Explained: What to Know Before You Go,Destination Tips,Research,experience,,https://divulgeadventures.com/destinations/botswana-safari/,todo,
BW-222,Botswana,P3,30,how to get to mashatu from johannesburg,"How to Get to Mashatu from Johannesburg: Road, Flight and Transfer Options",Safari Planning Tips,Planning,access,,https://divulgeadventures.com/destinations/botswana-safari/,todo,
BW-223,Botswana,P3,30,sleep out under the stars makgadikgadi,Sleep Out Under the Stars Makgadikgadi: What to Know Before You Go,Safari Themes,Research,experience,,https://divulgeadventures.com/destinations/botswana-safari/,todo,
BW-224,Botswana,P3,30,where to see black maned lions in botswana,Where to See Black Maned Lions in Botswana: Best Parks and Months,Safari Themes,Research,wildlife,,https://divulgeadventures.com/destinations/botswana-safari/,todo,
BW-225,Botswana,P3,30,where to see brown hyena in botswana,Where to See Brown Hyena in Botswana: Best Parks and Months,Safari Themes,Research,wildlife,,https://divulgeadventures.com/destinations/botswana-safari/,todo,
BW-226,Botswana,P3,30,where to see cheetahs in botswana,Where to See Cheetahs in Botswana: Best Parks and Months,Safari Themes,Research,wildlife,,https://divulgeadventures.com/destinations/botswana-safari/,todo,
BW-227,Botswana,P3,30,where to see elephants in botswana,Where to See Elephants in Botswana: Best Parks and Months,Safari Themes,Research,wildlife,,https://divulgeadventures.com/destinations/botswana-safari/,todo,
BW-228,Botswana,P3,30,where to see hippos in botswana,Where to See Hippos in Botswana: Best Parks and Months,Safari Themes,Research,wildlife,,https://divulgeadventures.com/destinations/botswana-safari/,todo,
BW-229,Botswana,P3,30,where to see leopards in botswana,Where to See Leopards in Botswana: Best Parks and Months,Safari Themes,Research,wildlife,,https://divulgeadventures.com/destinations/botswana-safari/,todo,
BW-230,Botswana,P3,30,where to see lions in botswana,Where to See Lions in Botswana: Best Parks and Months,Safari Themes,Research,wildlife,,https://divulgeadventures.com/destinations/botswana-safari/,todo,
BW-231,Botswana,P3,30,where to see meerkats in botswana,Where to See Meerkats in Botswana: Best Parks and Months,Safari Themes,Research,wildlife,,https://divulgeadventures.com/destinations/botswana-safari/,todo,
BW-232,Botswana,P3,30,where to see pangolin in botswana,Where to See Pangolin in Botswana: Best Parks and Months,Safari Themes,Research,wildlife,,https://divulgeadventures.com/destinations/botswana-safari/,todo,
BW-233,Botswana,P3,30,where to see pels fishing owl in botswana,Where to See Pel's Fishing Owl in Botswana: Best Parks and Months,Safari Themes,Research,wildlife,,https://divulgeadventures.com/destinations/botswana-safari/,todo,
BW-234,Botswana,P3,30,where to see red lechwe in botswana,Where to See Red Lechwe in Botswana: Best Parks and Months,Safari Themes,Research,wildlife,,https://divulgeadventures.com/destinations/botswana-safari/,todo,
BW-235,Botswana,P3,30,where to see rhinos in botswana,Where to See Rhinos in Botswana: Best Parks and Months,Safari Themes,Research,wildlife,,https://divulgeadventures.com/destinations/botswana-safari/,todo,
BW-236,Botswana,P3,30,where to see sitatunga in botswana,Where to See Sitatunga in Botswana: Best Parks and Months,Safari Themes,Research,wildlife,,https://divulgeadventures.com/destinations/botswana-safari/,todo,
BW-237,Botswana,P3,30,where to see wild dogs in botswana,Where to See Wild Dogs in Botswana: Best Parks and Months,Safari Themes,Research,wildlife,,https://divulgeadventures.com/destinations/botswana-safari/,todo,
BW-238,Botswana,P3,29,chitabe camp,"Chitabe Camp: Rooms, Location and What to Expect",Accommodation Guide,Booking,lodge,,https://divulgeadventures.com/destinations/botswana-safari/,todo,"Describe from the property's official website only. If it cannot be verified as currently operating, mark this row skip."
BW-239,Botswana,P3,29,deception valley lodge,"Deception Valley Lodge: Rooms, Location and What to Expect",Accommodation Guide,Booking,lodge,,https://divulgeadventures.com/destinations/botswana-safari/,todo,"Describe from the property's official website only. If it cannot be verified as currently operating, mark this row skip."
BW-240,Botswana,P3,29,duba plains camp,"Duba Plains Camp: Rooms, Location and What to Expect",Accommodation Guide,Booking,lodge,,https://divulgeadventures.com/destinations/botswana-safari/,todo,"Describe from the property's official website only. If it cannot be verified as currently operating, mark this row skip."
BW-241,Botswana,P3,29,jacks camp,"Jack's Camp: Rooms, Location and What to Expect",Accommodation Guide,Booking,lodge,,https://divulgeadventures.com/destinations/botswana-safari/,todo,"Describe from the property's official website only. If it cannot be verified as currently operating, mark this row skip."
BW-242,Botswana,P3,29,kwetsani camp,"Kwetsani Camp: Rooms, Location and What to Expect",Accommodation Guide,Booking,lodge,,https://divulgeadventures.com/destinations/botswana-safari/,todo,"Describe from the property's official website only. If it cannot be verified as currently operating, mark this row skip."
BW-243,Botswana,P3,29,leroo la tau,"Leroo La Tau: Rooms, Location and What to Expect",Accommodation Guide,Booking,lodge,,https://divulgeadventures.com/destinations/botswana-safari/,todo,"Describe from the property's official website only. If it cannot be verified as currently operating, mark this row skip."
BW-244,Botswana,P3,29,little kwara,"Little Kwara: Rooms, Location and What to Expect",Accommodation Guide,Booking,lodge,,https://divulgeadventures.com/destinations/botswana-safari/,todo,"Describe from the property's official website only. If it cannot be verified as currently operating, mark this row skip."
BW-245,Botswana,P3,29,machaba camp,"Machaba Camp: Rooms, Location and What to Expect",Accommodation Guide,Booking,lodge,,https://divulgeadventures.com/destinations/botswana-safari/,todo,"Describe from the property's official website only. If it cannot be verified as currently operating, mark this row skip."
BW-246,Botswana,P3,29,mapula lodge,"Mapula Lodge: Rooms, Location and What to Expect",Accommodation Guide,Booking,lodge,,https://divulgeadventures.com/destinations/botswana-safari/,todo,"Describe from the property's official website only. If it cannot be verified as currently operating, mark this row skip."
BW-247,Botswana,P3,29,meno a kwena,"Meno a Kwena: Rooms, Location and What to Expect",Accommodation Guide,Booking,lodge,,https://divulgeadventures.com/destinations/botswana-safari/,todo,"Describe from the property's official website only. If it cannot be verified as currently operating, mark this row skip."
BW-248,Botswana,P3,29,mombo camp,"Mombo Camp: Rooms, Location and What to Expect",Accommodation Guide,Booking,lodge,,https://divulgeadventures.com/destinations/botswana-safari/,todo,"Describe from the property's official website only. If it cannot be verified as currently operating, mark this row skip."
BW-249,Botswana,P3,29,muchenje safari lodge,"Muchenje Safari Lodge: Rooms, Location and What to Expect",Accommodation Guide,Booking,lodge,,https://divulgeadventures.com/destinations/botswana-safari/,todo,"Describe from the property's official website only. If it cannot be verified as currently operating, mark this row skip."
BW-250,Botswana,P3,29,ngoma safari lodge,"Ngoma Safari Lodge: Rooms, Location and What to Expect",Accommodation Guide,Booking,lodge,,https://divulgeadventures.com/destinations/botswana-safari/,todo,"Describe from the property's official website only. If it cannot be verified as currently operating, mark this row skip."
BW-251,Botswana,P3,29,planet baobab,"Planet Baobab: Rooms, Location and What to Expect",Accommodation Guide,Booking,lodge,,https://divulgeadventures.com/destinations/botswana-safari/,todo,"Describe from the property's official website only. If it cannot be verified as currently operating, mark this row skip."
BW-252,Botswana,P3,29,sable alley,"Sable Alley: Rooms, Location and What to Expect",Accommodation Guide,Booking,lodge,,https://divulgeadventures.com/destinations/botswana-safari/,todo,"Describe from the property's official website only. If it cannot be verified as currently operating, mark this row skip."
BW-253,Botswana,P3,29,sanctuary baines camp,"Sanctuary Baines Camp: Rooms, Location and What to Expect",Accommodation Guide,Booking,lodge,,https://divulgeadventures.com/destinations/botswana-safari/,todo,"Describe from the property's official website only. If it cannot be verified as currently operating, mark this row skip."
BW-254,Botswana,P3,29,sanctuary chiefs camp,"Sanctuary Chief's Camp: Rooms, Location and What to Expect",Accommodation Guide,Booking,lodge,,https://divulgeadventures.com/destinations/botswana-safari/,todo,"Describe from the property's official website only. If it cannot be verified as currently operating, mark this row skip."
BW-255,Botswana,P3,29,tau pan camp,"Tau Pan Camp: Rooms, Location and What to Expect",Accommodation Guide,Booking,lodge,,https://divulgeadventures.com/destinations/botswana-safari/,todo,"Describe from the property's official website only. If it cannot be verified as currently operating, mark this row skip."
BW-256,Botswana,P3,29,thamalakane river lodge,"Thamalakane River Lodge: Rooms, Location and What to Expect",Accommodation Guide,Booking,lodge,,https://divulgeadventures.com/destinations/botswana-safari/,todo,"Describe from the property's official website only. If it cannot be verified as currently operating, mark this row skip."
BW-257,Botswana,P3,29,vumbura plains,"Vumbura Plains: Rooms, Location and What to Expect",Accommodation Guide,Booking,lodge,,https://divulgeadventures.com/destinations/botswana-safari/,todo,"Describe from the property's official website only. If it cannot be verified as currently operating, mark this row skip."
BW-258,Botswana,P3,29,xakanaxa camp,"Xakanaxa Camp: Rooms, Location and What to Expect",Accommodation Guide,Booking,lodge,,https://divulgeadventures.com/destinations/botswana-safari/,todo,"Describe from the property's official website only. If it cannot be verified as currently operating, mark this row skip."
BW-259,Botswana,P3,28,botswana high value low volume tourism,Botswana High Value Low Volume Tourism: A Practical Guide for Travellers,Safari Planning Tips,Planning,practical,,https://divulgeadventures.com/destinations/botswana-safari/,todo,
BW-260,Botswana,P3,28,botswana private concessions vs national parks,Botswana Private Concessions vs National Parks: A Practical Guide for Travellers,Safari Planning Tips,Planning,practical,,https://divulgeadventures.com/destinations/botswana-safari/,todo,
BW-261,Botswana,P3,28,is botswana safe for tourists,Is Botswana Safe for Tourists: A Practical Guide for Travellers,Safari Planning Tips,Planning,practical,,https://divulgeadventures.com/destinations/botswana-safari/,todo,
BW-262,Botswana,P3,28,money in botswana for travellers,Money in Botswana for Travellers: A Practical Guide for Travellers,Safari Planning Tips,Planning,practical,,https://divulgeadventures.com/destinations/botswana-safari/,todo,
BW-263,Botswana,P3,27,baines baobabs,Baines Baobabs: What to Know Before You Go,Destination Tips,Research,experience,,https://divulgeadventures.com/destinations/botswana-safari/,todo,
BW-264,Botswana,P3,27,big five in botswana,Big Five in Botswana: Where and When to See Them,Safari Themes,Research,wildlife,,https://divulgeadventures.com/destinations/botswana-safari/,todo,
BW-265,Botswana,P3,27,botswana 4x4 rental,Botswana 4x4 Rental: What to Know Before You Go,Safari Planning Tips,Research,experience,,https://divulgeadventures.com/destinations/botswana-safari/,todo,
BW-266,Botswana,P3,27,botswana birding safari,Botswana Birding Safari: What to Know Before You Go,Safari Themes,Research,experience,,https://divulgeadventures.com/destinations/botswana-safari/,todo,
BW-267,Botswana,P3,27,botswana border posts,Botswana Border Posts: What to Know Before You Go,Safari Planning Tips,Research,experience,,https://divulgeadventures.com/destinations/botswana-safari/,todo,
BW-268,Botswana,P3,27,botswana bucket list experiences,Botswana Bucket List Experiences: What to Know Before You Go,Safari Themes,Research,experience,,https://divulgeadventures.com/destinations/botswana-safari/,todo,
BW-269,Botswana,P3,27,botswana budget safari,Botswana Budget Safari: What to Know Before You Go,Safari Planning Tips,Research,experience,,https://divulgeadventures.com/destinations/botswana-safari/,todo,
BW-270,Botswana,P3,27,botswana camping equipment hire,Botswana Camping Equipment Hire: What to Know Before You Go,Safari Planning Tips,Research,experience,,https://divulgeadventures.com/destinations/botswana-safari/,todo,
BW-271,Botswana,P3,27,botswana car rental,Botswana Car Rental: What to Know Before You Go,Safari Planning Tips,Research,experience,,https://divulgeadventures.com/destinations/botswana-safari/,todo,
BW-272,Botswana,P3,27,botswana currency pula,Botswana Currency Pula: What to Know Before You Go,Safari Planning Tips,Research,experience,,https://divulgeadventures.com/destinations/botswana-safari/,todo,
BW-273,Botswana,P3,27,botswana elephant facts,Botswana Elephant Facts: What to Know Before You Go,Safari Themes,Research,experience,,https://divulgeadventures.com/destinations/botswana-safari/,todo,
BW-274,Botswana,P3,27,botswana family safari,Botswana Family Safari: What to Know Before You Go,Safari Themes,Research,experience,,https://divulgeadventures.com/destinations/botswana-safari/,todo,
BW-275,Botswana,P3,27,botswana fly in safari,Botswana Fly in Safari: What to Know Before You Go,Safari Planning Tips,Research,experience,,https://divulgeadventures.com/destinations/botswana-safari/,todo,
BW-276,Botswana,P3,27,botswana food to try,Botswana Food to Try: What to Know Before You Go,Safari Planning Tips,Research,experience,,https://divulgeadventures.com/destinations/botswana-safari/,todo,
BW-277,Botswana,P3,27,botswana fuel stops,Botswana Fuel Stops: What to Know Before You Go,Safari Planning Tips,Research,experience,,https://divulgeadventures.com/destinations/botswana-safari/,todo,
BW-278,Botswana,P3,27,botswana green season safari,Botswana Green Season Safari: What to Know Before You Go,Safari Planning Tips,Research,experience,,https://divulgeadventures.com/destinations/botswana-safari/,todo,
BW-279,Botswana,P3,27,botswana honeymoon,Botswana Honeymoon: What to Know Before You Go,Safari Themes,Research,experience,,https://divulgeadventures.com/destinations/botswana-safari/,todo,
BW-280,Botswana,P3,27,botswana luxury safari,Botswana Luxury Safari: What to Know Before You Go,Safari Themes,Research,experience,,https://divulgeadventures.com/destinations/botswana-safari/,todo,
BW-281,Botswana,P3,27,botswana mobile camping safari,Botswana Mobile Camping Safari: What to Know Before You Go,Safari Planning Tips,Research,experience,,https://divulgeadventures.com/destinations/botswana-safari/,todo,
BW-282,Botswana,P3,27,botswana night drives,"Botswana Night Drives: Routes, Timings and Tips",Safari Themes,Research,experience,,https://divulgeadventures.com/destinations/botswana-safari/,todo,
BW-283,Botswana,P3,27,botswana photography safari,Botswana Photography Safari: What to Know Before You Go,Safari Themes,Research,experience,,https://divulgeadventures.com/destinations/botswana-safari/,todo,
BW-284,Botswana,P3,27,botswana public holidays travel,Botswana Public Holidays Travel: What to Know Before You Go,Safari Planning Tips,Research,experience,,https://divulgeadventures.com/destinations/botswana-safari/,todo,
BW-285,Botswana,P3,27,botswana road conditions,Botswana Road Conditions: What to Know Before You Go,Safari Planning Tips,Research,experience,,https://divulgeadventures.com/destinations/botswana-safari/,todo,
BW-286,Botswana,P3,27,botswana self drive safari,"Botswana Self Drive Safari: Routes, Timings and Tips",Safari Planning Tips,Research,experience,,https://divulgeadventures.com/destinations/botswana-safari/,todo,
BW-287,Botswana,P3,27,botswana solo travel safari,Botswana Solo Travel Safari: What to Know Before You Go,Safari Themes,Research,experience,,https://divulgeadventures.com/destinations/botswana-safari/,todo,
BW-288,Botswana,P3,27,botswana travel insurance,Botswana Travel Insurance: What to Know Before You Go,Safari Planning Tips,Research,experience,,https://divulgeadventures.com/destinations/botswana-safari/,todo,
BW-289,Botswana,P3,27,botswana vaccinations for travellers,Botswana Vaccinations for Travellers: What to Know Before You Go,Safari Planning Tips,Research,experience,,https://divulgeadventures.com/destinations/botswana-safari/,todo,
BW-290,Botswana,P3,27,botswana wildlife photography hides,Botswana Wildlife Photography Hides: What to Know Before You Go,Safari Themes,Research,experience,,https://divulgeadventures.com/destinations/botswana-safari/,todo,
BW-291,Botswana,P3,27,driving in botswana,Driving in Botswana: What to Know Before You Go,Safari Planning Tips,Research,experience,,https://divulgeadventures.com/destinations/botswana-safari/,todo,
BW-292,Botswana,P3,27,kaza univisa,Kaza Univisa: What to Know Before You Go,Safari Planning Tips,Research,experience,,https://divulgeadventures.com/destinations/botswana-safari/,todo,
BW-293,Botswana,P3,27,kazungula bridge border crossing,Kazungula Bridge Border Crossing: What to Know Before You Go,Safari Planning Tips,Research,experience,,https://divulgeadventures.com/destinations/botswana-safari/,todo,
BW-294,Botswana,P3,27,khama rhino sanctuary,Khama Rhino Sanctuary: What to Know Before You Go,Destination Tips,Research,experience,,https://divulgeadventures.com/destinations/botswana-safari/,todo,
BW-295,Botswana,P3,27,makgadikgadi meerkat experience,Makgadikgadi Meerkat Experience: What to Know Before You Go,Safari Themes,Research,experience,,https://divulgeadventures.com/destinations/botswana-safari/,todo,
BW-296,Botswana,P3,27,makgadikgadi pans animals,Makgadikgadi Pans Animals: What Wildlife You Can See,Destination Tips,Research,wildlife,,https://divulgeadventures.com/destinations/botswana-safari/,todo,
BW-297,Botswana,P3,27,mokolodi nature reserve,Mokolodi Nature Reserve: What to Know Before You Go,Destination Tips,Research,experience,,https://divulgeadventures.com/destinations/botswana-safari/,todo,
BW-298,Botswana,P3,27,nata bird sanctuary,Nata Bird Sanctuary: What to Know Before You Go,Destination Tips,Research,experience,,https://divulgeadventures.com/destinations/botswana-safari/,todo,
BW-299,Botswana,P3,27,quad biking makgadikgadi,Quad Biking Makgadikgadi: What to Know Before You Go,Safari Themes,Research,experience,,https://divulgeadventures.com/destinations/botswana-safari/,todo,
BW-300,Botswana,P3,25,botswana drone rules,Botswana Drone Rules: A Practical Guide for Travellers,Safari Planning Tips,Planning,practical,,https://divulgeadventures.com/destinations/botswana-safari/,todo,
BW-301,Botswana,P3,25,botswana light aircraft transfers,Botswana Light Aircraft Transfers: A Practical Guide for Travellers,Safari Planning Tips,Planning,practical,,https://divulgeadventures.com/destinations/botswana-safari/,todo,
BW-302,Botswana,P3,25,botswana malaria,Botswana Malaria: A Practical Guide for Travellers,Safari Planning Tips,Planning,practical,,https://divulgeadventures.com/destinations/botswana-safari/,todo,
BW-303,Botswana,P3,25,botswana power plugs,Botswana Power Plugs: A Practical Guide for Travellers,Safari Planning Tips,Planning,practical,,https://divulgeadventures.com/destinations/botswana-safari/,todo,
BW-304,Botswana,P3,25,botswana rainy season,Botswana Rainy Season: A Practical Guide for Travellers,Safari Planning Tips,Planning,practical,,https://divulgeadventures.com/destinations/botswana-safari/,todo,
BW-305,Botswana,P3,25,botswana sim card,Botswana SIM Card: A Practical Guide for Travellers,Safari Planning Tips,Planning,practical,,https://divulgeadventures.com/destinations/botswana-safari/,todo,
BW-306,Botswana,P3,25,botswana tourism development levy,Botswana Tourism Development Levy: A Practical Guide for Travellers,Safari Planning Tips,Planning,practical,,https://divulgeadventures.com/destinations/botswana-safari/,todo,
BW-307,Botswana,P3,25,botswana visa for tourists,Botswana Visa for Tourists: A Practical Guide for Travellers,Safari Planning Tips,Planning,practical,,https://divulgeadventures.com/destinations/botswana-safari/,todo,
BW-308,Botswana,P3,25,botswana weather by month,Botswana Weather by Month: A Practical Guide for Travellers,Safari Planning Tips,Planning,practical,,https://divulgeadventures.com/destinations/botswana-safari/,todo,
BW-309,Botswana,P3,25,botswana yellow fever requirement,Botswana Yellow Fever Requirement: A Practical Guide for Travellers,Safari Planning Tips,Planning,practical,,https://divulgeadventures.com/destinations/botswana-safari/,todo,
NA-001,Namibia,P1,85,best time to visit namibia,Best Time to Visit Namibia,Destination Tips,Planning,core,,https://divulgeadventures.com/destinations/namibia-safari/,todo,Core topic from the original plan: written before other topics of the same destination.
NA-002,Namibia,P1,85,etosha national park safari,Etosha National Park Safari,Destination Tips,Planning,core,,https://divulgeadventures.com/destinations/namibia-safari/,todo,Core topic from the original plan: written before other topics of the same destination.
NA-003,Namibia,P1,85,sossusvlei namib desert guide,Sossusvlei Namib Desert Guide,Destination Tips,Planning,core,,https://divulgeadventures.com/destinations/namibia-safari/,todo,Core topic from the original plan: written before other topics of the same destination.
NA-004,Namibia,P1,61,etosha safari cost,"Etosha Safari Cost: Park Fees, Lodges and Total Prices",Safari Planning Tips,Booking,cost,,https://divulgeadventures.com/destinations/namibia-safari/,todo,Include the current entrance/park fees in this post (there is no separate fees post for this park).
NA-005,Namibia,P1,61,skeleton coast safari cost,"Skeleton Coast Safari Cost: Park Fees, Lodges and Total Prices",Safari Planning Tips,Booking,cost,,https://divulgeadventures.com/destinations/namibia-safari/,todo,Include the current entrance/park fees in this post (there is no separate fees post for this park).
NA-006,Namibia,P1,61,sossusvlei safari cost,"Sossusvlei Safari Cost: Park Fees, Lodges and Total Prices",Safari Planning Tips,Booking,cost,,https://divulgeadventures.com/destinations/namibia-safari/,todo,Include the current entrance/park fees in this post (there is no separate fees post for this park).
NA-007,Namibia,P1,57,namib naukluft entrance fees,Namib Naukluft Entrance Fees: Current Rates and How to Pay,Safari Planning Tips,Booking,fees,,https://divulgeadventures.com/destinations/namibia-safari/,todo,
NA-008,Namibia,P1,57,namibrand entrance fees,Namibrand Entrance Fees: Current Rates and How to Pay,Safari Planning Tips,Booking,fees,,https://divulgeadventures.com/destinations/namibia-safari/,todo,
NA-009,Namibia,P1,54,skeleton coast 3 day itinerary,Skeleton Coast 3-Day Itinerary: How to Spend Three Days,Safari Planning Tips,Booking,itinerary,,https://divulgeadventures.com/destinations/namibia-safari/,todo,
NA-010,Namibia,P1,54,walvis bay 3 day itinerary,Walvis Bay 3-Day Itinerary: How to Spend Three Days,Safari Planning Tips,Booking,itinerary,,https://divulgeadventures.com/destinations/namibia-safari/,todo,
NA-011,Namibia,P1,52,best time to visit cape cross seal colony,Best Time to Visit Cape Cross Seal Colony: Month-by-Month Guide,Destination Tips,Planning,best-time,,https://divulgeadventures.com/destinations/namibia-safari/,todo,
NA-012,Namibia,P1,52,best time to visit etosha,Best Time to Visit Etosha: Month-by-Month Guide,Destination Tips,Planning,best-time,,https://divulgeadventures.com/destinations/namibia-safari/,todo,
NA-013,Namibia,P1,52,best time to visit kalahari namibia,Best Time to Visit Kalahari Namibia: Month-by-Month Guide,Destination Tips,Planning,best-time,,https://divulgeadventures.com/destinations/namibia-safari/,todo,
NA-014,Namibia,P1,52,best time to visit namib naukluft,Best Time to Visit Namib Naukluft: Month-by-Month Guide,Destination Tips,Planning,best-time,,https://divulgeadventures.com/destinations/namibia-safari/,todo,
NA-015,Namibia,P1,52,best time to visit namibrand,Best Time to Visit Namibrand: Month-by-Month Guide,Destination Tips,Planning,best-time,,https://divulgeadventures.com/destinations/namibia-safari/,todo,
NA-016,Namibia,P1,52,best time to visit sandwich harbour,Best Time to Visit Sandwich Harbour: Month-by-Month Guide,Destination Tips,Planning,best-time,,https://divulgeadventures.com/destinations/namibia-safari/,todo,
NA-017,Namibia,P1,52,best time to visit skeleton coast,Best Time to Visit Skeleton Coast: Month-by-Month Guide,Destination Tips,Planning,best-time,,https://divulgeadventures.com/destinations/namibia-safari/,todo,
NA-018,Namibia,P1,52,best time to visit sossusvlei,Best Time to Visit Sossusvlei: Month-by-Month Guide,Destination Tips,Planning,best-time,,https://divulgeadventures.com/destinations/namibia-safari/,todo,
NA-019,Namibia,P1,52,best time to visit swakopmund,Best Time to Visit Swakopmund: Month-by-Month Guide,Destination Tips,Planning,best-time,,https://divulgeadventures.com/destinations/namibia-safari/,todo,
NA-020,Namibia,P1,52,best time to visit walvis bay,Best Time to Visit Walvis Bay: Month-by-Month Guide,Destination Tips,Planning,best-time,,https://divulgeadventures.com/destinations/namibia-safari/,todo,
NA-021,Namibia,P1,52,best time to visit windhoek,Best Time to Visit Windhoek: Month-by-Month Guide,Destination Tips,Planning,best-time,,https://divulgeadventures.com/destinations/namibia-safari/,todo,
NA-022,Namibia,P1,51,10 day namibia itinerary,"10 Day Namibia Itinerary: Day-by-Day Route, Costs and Tips",Safari Planning Tips,Booking,itinerary,,https://divulgeadventures.com/destinations/namibia-safari/,todo,
NA-023,Namibia,P1,51,12 day namibia itinerary,"12 Day Namibia Itinerary: Day-by-Day Route, Costs and Tips",Safari Planning Tips,Booking,itinerary,,https://divulgeadventures.com/destinations/namibia-safari/,todo,
NA-024,Namibia,P1,51,14 day namibia itinerary,"14 Day Namibia Itinerary: Day-by-Day Route, Costs and Tips",Safari Planning Tips,Booking,itinerary,,https://divulgeadventures.com/destinations/namibia-safari/,todo,
NA-025,Namibia,P1,51,21 day namibia itinerary,"21 Day Namibia Itinerary: Day-by-Day Route, Costs and Tips",Safari Planning Tips,Booking,itinerary,,https://divulgeadventures.com/destinations/namibia-safari/,todo,
NA-026,Namibia,P1,51,3 day namibia itinerary,"3 Day Namibia Itinerary: Day-by-Day Route, Costs and Tips",Safari Planning Tips,Booking,itinerary,,https://divulgeadventures.com/destinations/namibia-safari/,todo,
NA-027,Namibia,P1,51,4 day namibia itinerary,"4 Day Namibia Itinerary: Day-by-Day Route, Costs and Tips",Safari Planning Tips,Booking,itinerary,,https://divulgeadventures.com/destinations/namibia-safari/,todo,
NA-028,Namibia,P1,51,5 day namibia itinerary,"5 Day Namibia Itinerary: Day-by-Day Route, Costs and Tips",Safari Planning Tips,Booking,itinerary,,https://divulgeadventures.com/destinations/namibia-safari/,todo,
NA-029,Namibia,P1,51,6 day namibia itinerary,"6 Day Namibia Itinerary: Day-by-Day Route, Costs and Tips",Safari Planning Tips,Booking,itinerary,,https://divulgeadventures.com/destinations/namibia-safari/,todo,
NA-030,Namibia,P1,51,7 day namibia itinerary,"7 Day Namibia Itinerary: Day-by-Day Route, Costs and Tips",Safari Planning Tips,Booking,itinerary,,https://divulgeadventures.com/destinations/namibia-safari/,todo,
NA-031,Namibia,P1,51,8 day namibia itinerary,"8 Day Namibia Itinerary: Day-by-Day Route, Costs and Tips",Safari Planning Tips,Booking,itinerary,,https://divulgeadventures.com/destinations/namibia-safari/,todo,
NA-032,Namibia,P1,51,etosha 3 day itinerary,Etosha 3-Day Itinerary: How to Spend Three Days,Safari Planning Tips,Booking,itinerary,,https://divulgeadventures.com/destinations/namibia-safari/,todo,
NA-033,Namibia,P1,51,sossusvlei 3 day itinerary,Sossusvlei 3-Day Itinerary: How to Spend Three Days,Safari Planning Tips,Booking,itinerary,,https://divulgeadventures.com/destinations/namibia-safari/,todo,
NA-034,Namibia,P1,51,swakopmund 3 day itinerary,Swakopmund 3-Day Itinerary: How to Spend Three Days,Safari Planning Tips,Booking,itinerary,,https://divulgeadventures.com/destinations/namibia-safari/,todo,
NA-035,Namibia,P1,50,guided vs self drive etosha,Guided vs Self Drive Etosha: Which Is Better for Your Trip?,Destination Tips,Planning,comparison,,https://divulgeadventures.com/destinations/namibia-safari/,todo,
NA-036,Namibia,P1,50,namibia and cape town road trip,Namibia and Cape Town Road Trip: How to Combine Them in One Trip,Safari Planning Tips,Booking,combo,,https://divulgeadventures.com/destinations/namibia-safari/,todo,
NA-037,Namibia,P1,50,namibia and south africa itinerary,Namibia and South Africa Itinerary: How to Combine Them in One Trip,Safari Planning Tips,Booking,combo,,https://divulgeadventures.com/destinations/namibia-safari/,todo,
NA-038,Namibia,P1,50,namibia vs south africa road trip,Namibia vs South Africa Road Trip: Which Is Better for Your Trip?,Destination Tips,Planning,comparison,,https://divulgeadventures.com/destinations/namibia-safari/,todo,
NA-039,Namibia,P1,50,sossusvlei vs fish river canyon,Sossusvlei vs Fish River Canyon: Which Is Better for Your Trip?,Destination Tips,Planning,comparison,,https://divulgeadventures.com/destinations/namibia-safari/,todo,
NA-040,Namibia,P1,50,where to stay in etosha,Where to Stay in Etosha: Best Lodges and Camps by Budget,Accommodation Guide,Booking,where-to-stay,,https://divulgeadventures.com/destinations/namibia-safari/,todo,
NA-041,Namibia,P1,50,where to stay in namib naukluft,Where to Stay in Namib Naukluft: Best Lodges and Camps by Budget,Accommodation Guide,Booking,where-to-stay,,https://divulgeadventures.com/destinations/namibia-safari/,todo,
NA-042,Namibia,P1,50,where to stay in namibrand,Where to Stay in Namibrand: Best Lodges and Camps by Budget,Accommodation Guide,Booking,where-to-stay,,https://divulgeadventures.com/destinations/namibia-safari/,todo,
NA-043,Namibia,P1,50,where to stay in sandwich harbour,Where to Stay in Sandwich Harbour: Best Lodges and Camps by Budget,Accommodation Guide,Booking,where-to-stay,,https://divulgeadventures.com/destinations/namibia-safari/,todo,
NA-044,Namibia,P1,50,where to stay in skeleton coast,Where to Stay in Skeleton Coast: Best Lodges and Camps by Budget,Accommodation Guide,Booking,where-to-stay,,https://divulgeadventures.com/destinations/namibia-safari/,todo,
NA-045,Namibia,P1,50,where to stay in sossusvlei,Where to Stay in Sossusvlei: Best Lodges and Camps by Budget,Accommodation Guide,Booking,where-to-stay,,https://divulgeadventures.com/destinations/namibia-safari/,todo,
NA-046,Namibia,P1,50,where to stay in swakopmund,Where to Stay in Swakopmund: Best Lodges and Camps by Budget,Accommodation Guide,Booking,where-to-stay,,https://divulgeadventures.com/destinations/namibia-safari/,todo,
NA-047,Namibia,P1,50,where to stay in walvis bay,Where to Stay in Walvis Bay: Best Lodges and Camps by Budget,Accommodation Guide,Booking,where-to-stay,,https://divulgeadventures.com/destinations/namibia-safari/,todo,
NA-048,Namibia,P1,50,where to stay in windhoek,Where to Stay in Windhoek: Best Lodges and Camps by Budget,Accommodation Guide,Booking,where-to-stay,,https://divulgeadventures.com/destinations/namibia-safari/,todo,
NA-049,Namibia,P1,49,namibia in april,"Namibia in April: Weather, Wildlife and What to Expect",Destination Tips,Planning,month,april,https://divulgeadventures.com/destinations/namibia-safari/,todo,
NA-050,Namibia,P1,49,namibia in august,"Namibia in August: Weather, Wildlife and What to Expect",Destination Tips,Planning,month,august,https://divulgeadventures.com/destinations/namibia-safari/,todo,
NA-051,Namibia,P1,49,namibia in december,"Namibia in December: Weather, Wildlife and What to Expect",Destination Tips,Planning,month,december,https://divulgeadventures.com/destinations/namibia-safari/,todo,
NA-052,Namibia,P1,49,namibia in february,"Namibia in February: Weather, Wildlife and What to Expect",Destination Tips,Planning,month,february,https://divulgeadventures.com/destinations/namibia-safari/,todo,
NA-053,Namibia,P1,49,namibia in january,"Namibia in January: Weather, Wildlife and What to Expect",Destination Tips,Planning,month,january,https://divulgeadventures.com/destinations/namibia-safari/,todo,
NA-054,Namibia,P1,49,namibia in july,"Namibia in July: Weather, Wildlife and What to Expect",Destination Tips,Planning,month,july,https://divulgeadventures.com/destinations/namibia-safari/,todo,
NA-055,Namibia,P1,49,namibia in june,"Namibia in June: Weather, Wildlife and What to Expect",Destination Tips,Planning,month,june,https://divulgeadventures.com/destinations/namibia-safari/,todo,
NA-056,Namibia,P1,49,namibia in march,"Namibia in March: Weather, Wildlife and What to Expect",Destination Tips,Planning,month,march,https://divulgeadventures.com/destinations/namibia-safari/,todo,
NA-057,Namibia,P1,49,namibia in may,"Namibia in May: Weather, Wildlife and What to Expect",Destination Tips,Planning,month,may,https://divulgeadventures.com/destinations/namibia-safari/,todo,
NA-058,Namibia,P1,49,namibia in november,"Namibia in November: Weather, Wildlife and What to Expect",Destination Tips,Planning,month,november,https://divulgeadventures.com/destinations/namibia-safari/,todo,
NA-059,Namibia,P1,49,namibia in october,"Namibia in October: Weather, Wildlife and What to Expect",Destination Tips,Planning,month,october,https://divulgeadventures.com/destinations/namibia-safari/,todo,
NA-060,Namibia,P1,49,namibia in september,"Namibia in September: Weather, Wildlife and What to Expect",Destination Tips,Planning,month,september,https://divulgeadventures.com/destinations/namibia-safari/,todo,
NA-061,Namibia,P1,48,sandwich harbour day trip from walvis bay,"Sandwich Harbour Day Trip from Walvis Bay: Timings, Costs and Tips",Safari Themes,Booking,day-trip,,https://divulgeadventures.com/destinations/namibia-safari/,todo,
NA-062,Namibia,P1,48,spitzkoppe day trip from swakopmund,"Spitzkoppe Day Trip from Swakopmund: Timings, Costs and Tips",Safari Themes,Booking,day-trip,,https://divulgeadventures.com/destinations/namibia-safari/,todo,
NA-063,Namibia,P1,47,cape cross seal colony,Cape Cross Seal Colony: The Complete Visitor Guide,Destination Tips,Research,guide,,https://divulgeadventures.com/destinations/namibia-safari/,todo,
NA-064,Namibia,P1,47,deadvlei,Deadvlei: The Complete Visitor Guide,Destination Tips,Research,guide,,https://divulgeadventures.com/destinations/namibia-safari/,todo,
NA-065,Namibia,P1,47,etosha vs kruger,Etosha vs Kruger: Which Is Better for Your Trip?,Destination Tips,Planning,comparison,,https://divulgeadventures.com/destinations/namibia-safari/,todo,
NA-066,Namibia,P1,47,etosha vs okavango delta,Etosha vs Okavango Delta: Which Is Better for Your Trip?,Destination Tips,Planning,comparison,,https://divulgeadventures.com/destinations/namibia-safari/,todo,
NA-067,Namibia,P1,47,kalahari namibia,Kalahari Namibia: The Complete Visitor Guide,Destination Tips,Research,guide,,https://divulgeadventures.com/destinations/namibia-safari/,todo,
NA-068,Namibia,P1,47,namib naukluft park,"Namib Naukluft Park Guide: Wildlife, Best Time, Fees and Where to Stay",Destination Tips,Research,guide,,https://divulgeadventures.com/destinations/namibia-safari/,todo,
NA-069,Namibia,P1,47,namibia and botswana itinerary,Namibia and Botswana Itinerary: How to Combine Them in One Trip,Safari Planning Tips,Booking,combo,,https://divulgeadventures.com/destinations/namibia-safari/,todo,
NA-070,Namibia,P1,47,namibia and victoria falls,Namibia and Victoria Falls: How to Combine Them in One Trip,Safari Planning Tips,Booking,combo,,https://divulgeadventures.com/destinations/namibia-safari/,todo,
NA-071,Namibia,P1,47,namibia and zimbabwe itinerary,Namibia and Zimbabwe Itinerary: How to Combine Them in One Trip,Safari Planning Tips,Booking,combo,,https://divulgeadventures.com/destinations/namibia-safari/,todo,
NA-072,Namibia,P1,47,namibia vs kenya safari,Namibia vs Kenya Safari: Which Is Better for Your Trip?,Destination Tips,Planning,comparison,,https://divulgeadventures.com/destinations/namibia-safari/,todo,
NA-073,Namibia,P1,47,namibia vs morocco desert,Namibia vs Morocco Desert: Which Is Better for Your Trip?,Destination Tips,Planning,comparison,,https://divulgeadventures.com/destinations/namibia-safari/,todo,
NA-074,Namibia,P1,47,namibrand nature reserve,"Namibrand Nature Reserve Guide: Wildlife, Best Time, Fees and Where to Stay",Destination Tips,Research,guide,,https://divulgeadventures.com/destinations/namibia-safari/,todo,
NA-075,Namibia,P1,47,sandwich harbour,Sandwich Harbour: The Complete Visitor Guide,Destination Tips,Research,guide,,https://divulgeadventures.com/destinations/namibia-safari/,todo,
NA-076,Namibia,P1,47,sesriem canyon,Sesriem Canyon: The Complete Visitor Guide,Destination Tips,Research,guide,,https://divulgeadventures.com/destinations/namibia-safari/,todo,
NA-077,Namibia,P1,47,skeleton coast,"Skeleton Coast Guide: Wildlife, Best Time, Fees and Where to Stay",Destination Tips,Research,guide,,https://divulgeadventures.com/destinations/namibia-safari/,todo,
NA-078,Namibia,P1,47,sossusvlei,"Sossusvlei Guide: Wildlife, Best Time, Fees and Where to Stay",Destination Tips,Research,guide,,https://divulgeadventures.com/destinations/namibia-safari/,todo,
NA-079,Namibia,P1,47,swakopmund travel guide,"Swakopmund Travel Guide: Where to Stay, What to Do",Destination Tips,Research,guide,,https://divulgeadventures.com/destinations/namibia-safari/,todo,
NA-080,Namibia,P1,47,swakopmund vs walvis bay,Swakopmund vs Walvis Bay: Which Is Better for Your Trip?,Destination Tips,Planning,comparison,,https://divulgeadventures.com/destinations/namibia-safari/,todo,
NA-081,Namibia,P1,47,walvis bay travel guide,"Walvis Bay Travel Guide: Where to Stay, What to Do",Destination Tips,Research,guide,,https://divulgeadventures.com/destinations/namibia-safari/,todo,
NA-082,Namibia,P1,47,windhoek travel guide,"Windhoek Travel Guide: Where to Stay, What to Do",Destination Tips,Research,guide,,https://divulgeadventures.com/destinations/namibia-safari/,todo,
NA-083,Namibia,P1,46,fish river canyon entrance fees,Fish River Canyon Entrance Fees: Current Rates and How to Pay,Safari Planning Tips,Booking,fees,,https://divulgeadventures.com/destinations/namibia-safari/,todo,
NA-084,Namibia,P1,46,namibia holiday from south africa,"Namibia Holiday from South Africa: Flights, Visas and Planning Tips",Safari Planning Tips,Booking,origin,,https://divulgeadventures.com/destinations/namibia-safari/,todo,
NA-085,Namibia,P1,46,namibia holiday from sri lanka,"Namibia Holiday from Sri Lanka: Flights, Visas and Planning Tips",Safari Planning Tips,Booking,origin,,https://divulgeadventures.com/destinations/namibia-safari/,todo,
NA-086,Namibia,P1,46,namibia holiday from the uae,"Namibia Holiday from the UAE: Flights, Visas and Planning Tips",Safari Planning Tips,Booking,origin,,https://divulgeadventures.com/destinations/namibia-safari/,todo,
NA-087,Namibia,P1,46,namibia holiday from the uk,"Namibia Holiday from the UK: Flights, Visas and Planning Tips",Safari Planning Tips,Booking,origin,,https://divulgeadventures.com/destinations/namibia-safari/,todo,
NA-088,Namibia,P1,46,namibia holiday from the usa,"Namibia Holiday from the USA: Flights, Visas and Planning Tips",Safari Planning Tips,Booking,origin,,https://divulgeadventures.com/destinations/namibia-safari/,todo,
NA-089,Namibia,P1,46,things to do in etosha,Things to Do in Etosha: Top Experiences,Destination Tips,Research,things-to-do,,https://divulgeadventures.com/destinations/namibia-safari/,todo,
NA-090,Namibia,P1,46,things to do in namibrand,Things to Do in Namibrand: Top Experiences,Destination Tips,Research,things-to-do,,https://divulgeadventures.com/destinations/namibia-safari/,todo,
NA-091,Namibia,P1,46,things to do in sandwich harbour,Things to Do in Sandwich Harbour: Top Experiences,Destination Tips,Research,things-to-do,,https://divulgeadventures.com/destinations/namibia-safari/,todo,
NA-092,Namibia,P1,46,things to do in skeleton coast,Things to Do in Skeleton Coast: Top Experiences,Destination Tips,Research,things-to-do,,https://divulgeadventures.com/destinations/namibia-safari/,todo,
NA-093,Namibia,P1,46,things to do in sossusvlei,Things to Do in Sossusvlei: Top Experiences,Destination Tips,Research,things-to-do,,https://divulgeadventures.com/destinations/namibia-safari/,todo,
NA-094,Namibia,P1,46,things to do in swakopmund,Things to Do in Swakopmund: Top Experiences,Destination Tips,Research,things-to-do,,https://divulgeadventures.com/destinations/namibia-safari/,todo,
NA-095,Namibia,P1,46,things to do in walvis bay,Things to Do in Walvis Bay: Top Experiences,Destination Tips,Research,things-to-do,,https://divulgeadventures.com/destinations/namibia-safari/,todo,
NA-096,Namibia,P1,46,things to do in windhoek,Things to Do in Windhoek: Top Experiences,Destination Tips,Research,things-to-do,,https://divulgeadventures.com/destinations/namibia-safari/,todo,
NA-097,Namibia,P2,46,things to do in namib naukluft,Things to Do in Namib Naukluft: Top Experiences,Destination Tips,Research,things-to-do,,https://divulgeadventures.com/destinations/namibia-safari/,todo,
NA-098,Namibia,P2,45,etosha entrance fee,Etosha Entrance Fee: A Practical Guide for Travellers,Safari Planning Tips,Planning,practical,,https://divulgeadventures.com/destinations/namibia-safari/,todo,
NA-099,Namibia,P2,45,namibia park permits,Namibia Park Permits: A Practical Guide for Travellers,Safari Planning Tips,Planning,practical,,https://divulgeadventures.com/destinations/namibia-safari/,todo,
NA-100,Namibia,P2,45,namibia safari cost,Namibia Safari Cost: A Practical Guide for Travellers,Safari Planning Tips,Planning,practical,,https://divulgeadventures.com/destinations/namibia-safari/,todo,
NA-101,Namibia,P2,45,sossusvlei entrance fee,Sossusvlei Entrance Fee: A Practical Guide for Travellers,Safari Planning Tips,Planning,practical,,https://divulgeadventures.com/destinations/namibia-safari/,todo,
NA-102,Namibia,P2,44,best desert lodges in namibia,Best Desert Lodges in Namibia: Our Top Picks,Accommodation Guide,Research,experience,,https://divulgeadventures.com/destinations/namibia-safari/,todo,
NA-103,Namibia,P2,44,horse riding in the namib desert,Horse Riding in the Namib Desert: What to Know Before You Go,Safari Themes,Research,experience,,https://divulgeadventures.com/destinations/namibia-safari/,todo,
NA-104,Namibia,P2,44,how to get to brandberg mountain from windhoek,"How to Get to Brandberg Mountain from Windhoek: Road, Flight and Transfer Options",Safari Planning Tips,Planning,access,,https://divulgeadventures.com/destinations/namibia-safari/,todo,
NA-105,Namibia,P2,44,how to get to bwabwata from windhoek,"How to Get to Bwabwata from Windhoek: Road, Flight and Transfer Options",Safari Planning Tips,Planning,access,,https://divulgeadventures.com/destinations/namibia-safari/,todo,
NA-106,Namibia,P2,44,how to get to cape cross seal colony from swakopmund,"How to Get to Cape Cross Seal Colony from Swakopmund: Road, Flight and Transfer Options",Safari Planning Tips,Planning,access,,https://divulgeadventures.com/destinations/namibia-safari/,todo,
NA-107,Namibia,P2,44,how to get to damaraland from windhoek,"How to Get to Damaraland from Windhoek: Road, Flight and Transfer Options",Safari Planning Tips,Planning,access,,https://divulgeadventures.com/destinations/namibia-safari/,todo,
NA-108,Namibia,P2,44,how to get to deadvlei from windhoek,"How to Get to Deadvlei from Windhoek: Road, Flight and Transfer Options",Safari Planning Tips,Planning,access,,https://divulgeadventures.com/destinations/namibia-safari/,todo,
NA-109,Namibia,P2,44,how to get to epupa falls from windhoek,"How to Get to Epupa Falls from Windhoek: Road, Flight and Transfer Options",Safari Planning Tips,Planning,access,,https://divulgeadventures.com/destinations/namibia-safari/,todo,
NA-110,Namibia,P2,44,how to get to etosha from windhoek,"How to Get to Etosha from Windhoek: Road, Flight and Transfer Options",Safari Planning Tips,Planning,access,,https://divulgeadventures.com/destinations/namibia-safari/,todo,
NA-111,Namibia,P2,44,how to get to fish river canyon from windhoek,"How to Get to Fish River Canyon from Windhoek: Road, Flight and Transfer Options",Safari Planning Tips,Planning,access,,https://divulgeadventures.com/destinations/namibia-safari/,todo,
NA-112,Namibia,P2,44,how to get to kalahari namibia from windhoek,"How to Get to Kalahari Namibia from Windhoek: Road, Flight and Transfer Options",Safari Planning Tips,Planning,access,,https://divulgeadventures.com/destinations/namibia-safari/,todo,
NA-113,Namibia,P2,44,how to get to kaokoland from windhoek,"How to Get to Kaokoland from Windhoek: Road, Flight and Transfer Options",Safari Planning Tips,Planning,access,,https://divulgeadventures.com/destinations/namibia-safari/,todo,
NA-114,Namibia,P2,44,how to get to luderitz from windhoek,"How to Get to Luderitz from Windhoek: Road, Flight and Transfer Options",Safari Planning Tips,Planning,access,,https://divulgeadventures.com/destinations/namibia-safari/,todo,
NA-115,Namibia,P2,44,how to get to namib naukluft from windhoek,"How to Get to Namib Naukluft from Windhoek: Road, Flight and Transfer Options",Safari Planning Tips,Planning,access,,https://divulgeadventures.com/destinations/namibia-safari/,todo,
NA-116,Namibia,P2,44,how to get to namibrand from windhoek,"How to Get to Namibrand from Windhoek: Road, Flight and Transfer Options",Safari Planning Tips,Planning,access,,https://divulgeadventures.com/destinations/namibia-safari/,todo,
NA-117,Namibia,P2,44,how to get to okonjima from windhoek,"How to Get to Okonjima from Windhoek: Road, Flight and Transfer Options",Safari Planning Tips,Planning,access,,https://divulgeadventures.com/destinations/namibia-safari/,todo,
NA-118,Namibia,P2,44,how to get to quiver tree forest from windhoek,"How to Get to Quiver Tree Forest from Windhoek: Road, Flight and Transfer Options",Safari Planning Tips,Planning,access,,https://divulgeadventures.com/destinations/namibia-safari/,todo,
NA-119,Namibia,P2,44,how to get to sesriem canyon from windhoek,"How to Get to Sesriem Canyon from Windhoek: Road, Flight and Transfer Options",Safari Planning Tips,Planning,access,,https://divulgeadventures.com/destinations/namibia-safari/,todo,
NA-120,Namibia,P2,44,how to get to skeleton coast from swakopmund,"How to Get to Skeleton Coast from Swakopmund: Road, Flight and Transfer Options",Safari Planning Tips,Planning,access,,https://divulgeadventures.com/destinations/namibia-safari/,todo,
NA-121,Namibia,P2,44,how to get to sossusvlei from windhoek,"How to Get to Sossusvlei from Windhoek: Road, Flight and Transfer Options",Safari Planning Tips,Planning,access,,https://divulgeadventures.com/destinations/namibia-safari/,todo,
NA-122,Namibia,P2,44,how to get to swakopmund from windhoek,"How to Get to Swakopmund from Windhoek: Road, Flight and Transfer Options",Safari Planning Tips,Planning,access,,https://divulgeadventures.com/destinations/namibia-safari/,todo,
NA-123,Namibia,P2,44,how to get to twyfelfontein from windhoek,"How to Get to Twyfelfontein from Windhoek: Road, Flight and Transfer Options",Safari Planning Tips,Planning,access,,https://divulgeadventures.com/destinations/namibia-safari/,todo,
NA-124,Namibia,P2,44,how to get to walvis bay from windhoek,"How to Get to Walvis Bay from Windhoek: Road, Flight and Transfer Options",Safari Planning Tips,Planning,access,,https://divulgeadventures.com/destinations/namibia-safari/,todo,
NA-125,Namibia,P2,44,how to get to waterberg plateau from windhoek,"How to Get to Waterberg Plateau from Windhoek: Road, Flight and Transfer Options",Safari Planning Tips,Planning,access,,https://divulgeadventures.com/destinations/namibia-safari/,todo,
NA-126,Namibia,P2,44,how to get to windhoek from hosea kutako airport,"How to Get to Windhoek from Hosea Kutako Airport: Road, Flight and Transfer Options",Safari Planning Tips,Planning,access,,https://divulgeadventures.com/destinations/namibia-safari/,todo,
NA-127,Namibia,P2,44,how to get to zambezi region caprivi from windhoek,"How to Get to Zambezi Region Caprivi from Windhoek: Road, Flight and Transfer Options",Safari Planning Tips,Planning,access,,https://divulgeadventures.com/destinations/namibia-safari/,todo,
NA-128,Namibia,P2,44,namibia 4x4 rental with rooftop tent,Namibia 4x4 Rental with Rooftop Tent: What to Know Before You Go,Safari Planning Tips,Research,experience,,https://divulgeadventures.com/destinations/namibia-safari/,todo,
NA-129,Namibia,P2,44,namibia gravel road driving tips,Namibia Gravel Road Driving Tips: What to Know Before You Go,Safari Planning Tips,Research,experience,,https://divulgeadventures.com/destinations/namibia-safari/,todo,
NA-130,Namibia,P2,44,skeleton coast fly in safari,Skeleton Coast Fly in Safari: What to Know Before You Go,Safari Themes,Research,experience,,https://divulgeadventures.com/destinations/namibia-safari/,todo,
NA-131,Namibia,P2,44,skeleton coast map and gates,Skeleton Coast Map and Gates: Getting Around,Destination Tips,Planning,access,,https://divulgeadventures.com/destinations/namibia-safari/,todo,
NA-132,Namibia,P2,44,tropic of capricorn sign namibia,Tropic of Capricorn Sign Namibia: What to Know Before You Go,Destination Tips,Research,experience,,https://divulgeadventures.com/destinations/namibia-safari/,todo,
NA-133,Namibia,P2,44,walvis bay kayaking with seals,Walvis Bay Kayaking with Seals: What to Know Before You Go,Safari Themes,Research,experience,,https://divulgeadventures.com/destinations/namibia-safari/,todo,
NA-134,Namibia,P2,44,where to see black rhinos in namibia,Where to See Black Rhinos in Namibia: Best Parks and Months,Safari Themes,Research,wildlife,,https://divulgeadventures.com/destinations/namibia-safari/,todo,
NA-135,Namibia,P2,44,where to see brown hyena in namibia,Where to See Brown Hyena in Namibia: Best Parks and Months,Safari Themes,Research,wildlife,,https://divulgeadventures.com/destinations/namibia-safari/,todo,
NA-136,Namibia,P2,44,where to see cape fur seals in namibia,Where to See Cape Fur Seals in Namibia: Best Parks and Months,Safari Themes,Research,wildlife,,https://divulgeadventures.com/destinations/namibia-safari/,todo,
NA-137,Namibia,P2,44,where to see cheetahs in namibia,Where to See Cheetahs in Namibia: Best Parks and Months,Safari Themes,Research,wildlife,,https://divulgeadventures.com/destinations/namibia-safari/,todo,
NA-138,Namibia,P2,44,where to see desert adapted lions in namibia,Where to See Desert Adapted Lions in Namibia: Best Parks and Months,Safari Themes,Research,wildlife,,https://divulgeadventures.com/destinations/namibia-safari/,todo,
NA-139,Namibia,P2,44,where to see desert elephants in namibia,Where to See Desert Elephants in Namibia: Best Parks and Months,Safari Themes,Research,wildlife,,https://divulgeadventures.com/destinations/namibia-safari/,todo,
NA-140,Namibia,P2,44,where to see dolphins in namibia,Where to See Dolphins in Namibia: Best Parks and Months,Safari Themes,Research,wildlife,,https://divulgeadventures.com/destinations/namibia-safari/,todo,
NA-141,Namibia,P2,44,where to see flamingos in namibia,Where to See Flamingos in Namibia: Best Parks and Months,Safari Themes,Research,wildlife,,https://divulgeadventures.com/destinations/namibia-safari/,todo,
NA-142,Namibia,P2,44,where to see giraffes in namibia,Where to See Giraffes in Namibia: Best Parks and Months,Safari Themes,Research,wildlife,,https://divulgeadventures.com/destinations/namibia-safari/,todo,
NA-143,Namibia,P2,44,where to see leopards in namibia,Where to See Leopards in Namibia: Best Parks and Months,Safari Themes,Research,wildlife,,https://divulgeadventures.com/destinations/namibia-safari/,todo,
NA-144,Namibia,P2,44,where to see lions in namibia,Where to See Lions in Namibia: Best Parks and Months,Safari Themes,Research,wildlife,,https://divulgeadventures.com/destinations/namibia-safari/,todo,
NA-145,Namibia,P2,44,where to see meerkats in namibia,Where to See Meerkats in Namibia: Best Parks and Months,Safari Themes,Research,wildlife,,https://divulgeadventures.com/destinations/namibia-safari/,todo,
NA-146,Namibia,P2,44,where to see oryx in namibia,Where to See Oryx in Namibia: Best Parks and Months,Safari Themes,Research,wildlife,,https://divulgeadventures.com/destinations/namibia-safari/,todo,
NA-147,Namibia,P2,44,where to see wild horses in namibia,Where to See Wild Horses in Namibia: Best Parks and Months,Safari Themes,Research,wildlife,,https://divulgeadventures.com/destinations/namibia-safari/,todo,
NA-148,Namibia,P2,44,where to see zebras in namibia,Where to See Zebras in Namibia: Best Parks and Months,Safari Themes,Research,wildlife,,https://divulgeadventures.com/destinations/namibia-safari/,todo,
NA-149,Namibia,P2,43,andbeyond sossusvlei desert lodge,"andBeyond Sossusvlei Desert Lodge: Rooms, Location and What to Expect",Accommodation Guide,Booking,lodge,,https://divulgeadventures.com/destinations/namibia-safari/,todo,"Describe from the property's official website only. If it cannot be verified as currently operating, mark this row skip."
NA-150,Namibia,P2,43,atlantic villa guest house,"Atlantic Villa Guest House: Rooms, Location and What to Expect",Accommodation Guide,Booking,lodge,,https://divulgeadventures.com/destinations/namibia-safari/,todo,"Describe from the property's official website only. If it cannot be verified as currently operating, mark this row skip."
NA-151,Namibia,P2,43,etosha safari lodge,"Etosha Safari Lodge: Rooms, Location and What to Expect",Accommodation Guide,Booking,lodge,,https://divulgeadventures.com/destinations/namibia-safari/,todo,"Describe from the property's official website only. If it cannot be verified as currently operating, mark this row skip."
NA-152,Namibia,P2,43,hoanib skeleton coast camp,"Hoanib Skeleton Coast Camp: Rooms, Location and What to Expect",Accommodation Guide,Booking,lodge,,https://divulgeadventures.com/destinations/namibia-safari/,todo,"Describe from the property's official website only. If it cannot be verified as currently operating, mark this row skip."
NA-153,Namibia,P2,43,le mirage desert lodge,"Le Mirage Desert Lodge: Rooms, Location and What to Expect",Accommodation Guide,Booking,lodge,,https://divulgeadventures.com/destinations/namibia-safari/,todo,"Describe from the property's official website only. If it cannot be verified as currently operating, mark this row skip."
NA-154,Namibia,P2,43,namib desert lodge,"Namib Desert Lodge: Rooms, Location and What to Expect",Accommodation Guide,Booking,lodge,,https://divulgeadventures.com/destinations/namibia-safari/,todo,"Describe from the property's official website only. If it cannot be verified as currently operating, mark this row skip."
NA-155,Namibia,P2,43,namibia holiday from australia,"Namibia Holiday from Australia: Flights, Visas and Planning Tips",Safari Planning Tips,Booking,origin,,https://divulgeadventures.com/destinations/namibia-safari/,todo,
NA-156,Namibia,P2,43,namibia holiday from canada,"Namibia Holiday from Canada: Flights, Visas and Planning Tips",Safari Planning Tips,Booking,origin,,https://divulgeadventures.com/destinations/namibia-safari/,todo,
NA-157,Namibia,P2,43,namibia holiday from germany,"Namibia Holiday from Germany: Flights, Visas and Planning Tips",Safari Planning Tips,Booking,origin,,https://divulgeadventures.com/destinations/namibia-safari/,todo,
NA-158,Namibia,P2,43,namibia holiday from india,"Namibia Holiday from India: Flights, Visas and Planning Tips",Safari Planning Tips,Booking,origin,,https://divulgeadventures.com/destinations/namibia-safari/,todo,
NA-159,Namibia,P2,43,namibia holiday from italy,"Namibia Holiday from Italy: Flights, Visas and Planning Tips",Safari Planning Tips,Booking,origin,,https://divulgeadventures.com/destinations/namibia-safari/,todo,
NA-160,Namibia,P2,43,namibia holiday from malaysia,"Namibia Holiday from Malaysia: Flights, Visas and Planning Tips",Safari Planning Tips,Booking,origin,,https://divulgeadventures.com/destinations/namibia-safari/,todo,
NA-161,Namibia,P2,43,namibia holiday from singapore,"Namibia Holiday from Singapore: Flights, Visas and Planning Tips",Safari Planning Tips,Booking,origin,,https://divulgeadventures.com/destinations/namibia-safari/,todo,
NA-162,Namibia,P2,43,sossus dune lodge,"Sossus Dune Lodge: Rooms, Location and What to Expect",Accommodation Guide,Booking,lodge,,https://divulgeadventures.com/destinations/namibia-safari/,todo,"Describe from the property's official website only. If it cannot be verified as currently operating, mark this row skip."
NA-163,Namibia,P2,43,the strand hotel swakopmund,"The Strand Hotel Swakopmund: Rooms, Location and What to Expect",Accommodation Guide,Booking,lodge,,https://divulgeadventures.com/destinations/namibia-safari/,todo,"Describe from the property's official website only. If it cannot be verified as currently operating, mark this row skip."
NA-164,Namibia,P2,43,the weinberg windhoek,"The Weinberg Windhoek: Rooms, Location and What to Expect",Accommodation Guide,Booking,lodge,,https://divulgeadventures.com/destinations/namibia-safari/,todo,"Describe from the property's official website only. If it cannot be verified as currently operating, mark this row skip."
NA-165,Namibia,P2,42,is namibia safe for tourists,Is Namibia Safe for Tourists: A Practical Guide for Travellers,Safari Planning Tips,Planning,practical,,https://divulgeadventures.com/destinations/namibia-safari/,todo,
NA-166,Namibia,P2,42,money in namibia for travellers,Money in Namibia for Travellers: A Practical Guide for Travellers,Safari Planning Tips,Planning,practical,,https://divulgeadventures.com/destinations/namibia-safari/,todo,
NA-167,Namibia,P2,41,big five in namibia,Big Five in Namibia: Where and When to See Them,Safari Themes,Research,wildlife,,https://divulgeadventures.com/destinations/namibia-safari/,todo,
NA-168,Namibia,P2,41,dune 7 walvis bay,Dune 7 Walvis Bay: What to Know Before You Go,Destination Tips,Research,experience,,https://divulgeadventures.com/destinations/namibia-safari/,todo,
NA-169,Namibia,P2,41,etosha animals,Etosha Animals: What Wildlife You Can See,Destination Tips,Research,wildlife,,https://divulgeadventures.com/destinations/namibia-safari/,todo,
NA-170,Namibia,P2,41,etosha camping,Etosha Camping: What to Know Before You Go,Safari Planning Tips,Research,experience,,https://divulgeadventures.com/destinations/namibia-safari/,todo,
NA-171,Namibia,P2,41,etosha map and gates,Etosha Map and Gates: Getting Around,Destination Tips,Planning,access,,https://divulgeadventures.com/destinations/namibia-safari/,todo,
NA-172,Namibia,P2,41,etosha night drive,"Etosha Night Drive: Routes, Timings and Tips",Safari Themes,Research,experience,,https://divulgeadventures.com/destinations/namibia-safari/,todo,
NA-173,Namibia,P2,41,etosha photography hides,Etosha Photography Hides: What to Know Before You Go,Safari Themes,Research,experience,,https://divulgeadventures.com/destinations/namibia-safari/,todo,
NA-174,Namibia,P2,41,etosha self drive,"Etosha Self Drive: Routes, Timings and Tips",Safari Planning Tips,Research,experience,,https://divulgeadventures.com/destinations/namibia-safari/,todo,
NA-175,Namibia,P2,41,etosha waterholes,Etosha Waterholes: What to Know Before You Go,Destination Tips,Research,experience,,https://divulgeadventures.com/destinations/namibia-safari/,todo,
NA-176,Namibia,P2,41,living desert tour swakopmund,Living Desert Tour Swakopmund: What to Know Before You Go,Safari Themes,Research,experience,,https://divulgeadventures.com/destinations/namibia-safari/,todo,
NA-177,Namibia,P2,41,namibia budget travel,Namibia Budget Travel: What to Know Before You Go,Safari Planning Tips,Research,experience,,https://divulgeadventures.com/destinations/namibia-safari/,todo,
NA-178,Namibia,P2,41,namibia camping guide,Namibia Camping Guide: What to Know Before You Go,Safari Planning Tips,Research,experience,,https://divulgeadventures.com/destinations/namibia-safari/,todo,
NA-179,Namibia,P2,41,namibia family holiday,Namibia Family Holiday: What to Know Before You Go,Safari Themes,Research,experience,,https://divulgeadventures.com/destinations/namibia-safari/,todo,
NA-180,Namibia,P2,41,namibia fly in safari,Namibia Fly in Safari: What to Know Before You Go,Safari Planning Tips,Research,experience,,https://divulgeadventures.com/destinations/namibia-safari/,todo,
NA-181,Namibia,P2,41,namibia honeymoon,Namibia Honeymoon: What to Know Before You Go,Safari Themes,Research,experience,,https://divulgeadventures.com/destinations/namibia-safari/,todo,
NA-182,Namibia,P2,41,namibia landscape photography spots,Namibia Landscape Photography Spots: What to Know Before You Go,Safari Themes,Research,experience,,https://divulgeadventures.com/destinations/namibia-safari/,todo,
NA-183,Namibia,P2,41,namibia luxury safari,Namibia Luxury Safari: What to Know Before You Go,Safari Themes,Research,experience,,https://divulgeadventures.com/destinations/namibia-safari/,todo,
NA-184,Namibia,P2,41,namibia photography tour,Namibia Photography Tour: What to Know Before You Go,Safari Themes,Research,experience,,https://divulgeadventures.com/destinations/namibia-safari/,todo,
NA-185,Namibia,P2,41,namibia road trip,Namibia Road Trip: What to Know Before You Go,Safari Planning Tips,Research,experience,,https://divulgeadventures.com/destinations/namibia-safari/,todo,
NA-186,Namibia,P2,41,namibia scenic flights,"Namibia Scenic Flights: Routes, Timings and Tips",Safari Themes,Research,experience,,https://divulgeadventures.com/destinations/namibia-safari/,todo,
NA-187,Namibia,P2,41,namibia self drive itinerary,"Namibia Self Drive Itinerary: Routes, Timings and Tips",Safari Planning Tips,Research,experience,,https://divulgeadventures.com/destinations/namibia-safari/,todo,
NA-188,Namibia,P2,41,namibia solo travel,Namibia Solo Travel: What to Know Before You Go,Safari Themes,Research,experience,,https://divulgeadventures.com/destinations/namibia-safari/,todo,
NA-189,Namibia,P2,41,namibian food to try,Namibian Food to Try: What to Know Before You Go,Safari Planning Tips,Research,experience,,https://divulgeadventures.com/destinations/namibia-safari/,todo,
NA-190,Namibia,P2,41,pelican point walvis bay,Pelican Point Walvis Bay: What to Know Before You Go,Destination Tips,Research,experience,,https://divulgeadventures.com/destinations/namibia-safari/,todo,
NA-191,Namibia,P2,41,petrified forest namibia,Petrified Forest Namibia: What to Know Before You Go,Destination Tips,Research,experience,,https://divulgeadventures.com/destinations/namibia-safari/,todo,
NA-192,Namibia,P2,41,quad biking swakopmund,Quad Biking Swakopmund: What to Know Before You Go,Safari Themes,Research,experience,,https://divulgeadventures.com/destinations/namibia-safari/,todo,
NA-193,Namibia,P2,41,san bushmen experience namibia,"San Bushmen Experience Namibia: Routes, Timings and Tips",Safari Themes,Research,experience,,https://divulgeadventures.com/destinations/namibia-safari/,todo,
NA-194,Namibia,P2,41,sandboarding swakopmund,Sandboarding Swakopmund: What to Know Before You Go,Safari Themes,Research,experience,,https://divulgeadventures.com/destinations/namibia-safari/,todo,
NA-195,Namibia,P2,41,sandwich harbour 4x4 tour,Sandwich Harbour 4x4 Tour: What to Know Before You Go,Safari Themes,Research,experience,,https://divulgeadventures.com/destinations/namibia-safari/,todo,
NA-196,Namibia,P2,41,shipwrecks skeleton coast,Shipwrecks Skeleton Coast: What to Know Before You Go,Destination Tips,Research,experience,,https://divulgeadventures.com/destinations/namibia-safari/,todo,
NA-197,Namibia,P2,41,skeleton coast animals,Skeleton Coast Animals: What Wildlife You Can See,Destination Tips,Research,wildlife,,https://divulgeadventures.com/destinations/namibia-safari/,todo,
NA-198,Namibia,P2,41,skydiving swakopmund,Skydiving Swakopmund: What to Know Before You Go,Safari Themes,Research,experience,,https://divulgeadventures.com/destinations/namibia-safari/,todo,
NA-199,Namibia,P2,41,solitaire namibia apple pie,Solitaire Namibia Apple Pie: What to Know Before You Go,Destination Tips,Research,experience,,https://divulgeadventures.com/destinations/namibia-safari/,todo,
NA-200,Namibia,P2,41,sossusvlei animals,Sossusvlei Animals: What Wildlife You Can See,Destination Tips,Research,wildlife,,https://divulgeadventures.com/destinations/namibia-safari/,todo,
NA-201,Namibia,P2,41,sossusvlei hot air balloon,Sossusvlei Hot Air Balloon: What to Know Before You Go,Safari Themes,Research,experience,,https://divulgeadventures.com/destinations/namibia-safari/,todo,
NA-202,Namibia,P2,41,sossusvlei map and gates,Sossusvlei Map and Gates: Getting Around,Destination Tips,Planning,access,,https://divulgeadventures.com/destinations/namibia-safari/,todo,
NA-203,Namibia,P2,41,sossusvlei scenic flight,Sossusvlei Scenic Flight: What to Know Before You Go,Safari Themes,Research,experience,,https://divulgeadventures.com/destinations/namibia-safari/,todo,
NA-204,Namibia,P2,41,stargazing in namibia,Stargazing in Namibia: What to Know Before You Go,Safari Themes,Research,experience,,https://divulgeadventures.com/destinations/namibia-safari/,todo,
NA-205,Namibia,P2,41,swakopmund restaurants,Swakopmund Restaurants: What to Know Before You Go,Destination Tips,Research,experience,,https://divulgeadventures.com/destinations/namibia-safari/,todo,
NA-206,Namibia,P2,41,walvis bay dolphin cruise,Walvis Bay Dolphin Cruise: What to Know Before You Go,Safari Themes,Research,experience,,https://divulgeadventures.com/destinations/namibia-safari/,todo,
NA-207,Namibia,P2,41,windhoek city tour,Windhoek City Tour: What to Know Before You Go,Destination Tips,Research,experience,,https://divulgeadventures.com/destinations/namibia-safari/,todo,
NA-208,Namibia,P2,41,windhoek restaurants,Windhoek Restaurants: What to Know Before You Go,Destination Tips,Research,experience,,https://divulgeadventures.com/destinations/namibia-safari/,todo,
NA-209,Namibia,P2,39,namibia car rental insurance,Namibia Car Rental Insurance: A Practical Guide for Travellers,Safari Planning Tips,Planning,practical,,https://divulgeadventures.com/destinations/namibia-safari/,todo,
NA-210,Namibia,P2,39,namibia driving distances,Namibia Driving Distances: A Practical Guide for Travellers,Safari Planning Tips,Planning,practical,,https://divulgeadventures.com/destinations/namibia-safari/,todo,
NA-211,Namibia,P2,39,namibia fuel stations,Namibia Fuel Stations: A Practical Guide for Travellers,Safari Planning Tips,Planning,practical,,https://divulgeadventures.com/destinations/namibia-safari/,todo,
NA-212,Namibia,P2,39,namibia malaria,Namibia Malaria: A Practical Guide for Travellers,Safari Planning Tips,Planning,practical,,https://divulgeadventures.com/destinations/namibia-safari/,todo,
NA-213,Namibia,P2,39,namibia power plugs,Namibia Power Plugs: A Practical Guide for Travellers,Safari Planning Tips,Planning,practical,,https://divulgeadventures.com/destinations/namibia-safari/,todo,
NA-214,Namibia,P2,39,namibia rainy season,Namibia Rainy Season: A Practical Guide for Travellers,Safari Planning Tips,Planning,practical,,https://divulgeadventures.com/destinations/namibia-safari/,todo,
NA-215,Namibia,P2,39,namibia sim card,Namibia SIM Card: A Practical Guide for Travellers,Safari Planning Tips,Planning,practical,,https://divulgeadventures.com/destinations/namibia-safari/,todo,
NA-216,Namibia,P2,39,namibia speed limits,Namibia Speed Limits: A Practical Guide for Travellers,Safari Planning Tips,Planning,practical,,https://divulgeadventures.com/destinations/namibia-safari/,todo,
NA-217,Namibia,P2,39,namibia tipping guide,Namibia Tipping Guide: A Practical Guide for Travellers,Safari Planning Tips,Planning,practical,,https://divulgeadventures.com/destinations/namibia-safari/,todo,
NA-218,Namibia,P2,39,namibia visa for tourists,Namibia Visa for Tourists: A Practical Guide for Travellers,Safari Planning Tips,Planning,practical,,https://divulgeadventures.com/destinations/namibia-safari/,todo,
NA-219,Namibia,P2,39,namibia visa on arrival,Namibia Visa on Arrival: A Practical Guide for Travellers,Safari Planning Tips,Planning,practical,,https://divulgeadventures.com/destinations/namibia-safari/,todo,
NA-220,Namibia,P2,39,namibia weather by month,Namibia Weather by Month: A Practical Guide for Travellers,Safari Planning Tips,Planning,practical,,https://divulgeadventures.com/destinations/namibia-safari/,todo,
NA-221,Namibia,P3,39,etosha gate times,Etosha Gate Times: A Practical Guide for Travellers,Safari Planning Tips,Planning,practical,,https://divulgeadventures.com/destinations/namibia-safari/,todo,
NA-222,Namibia,P3,39,namibia border crossings,Namibia Border Crossings: A Practical Guide for Travellers,Safari Planning Tips,Planning,practical,,https://divulgeadventures.com/destinations/namibia-safari/,todo,
NA-223,Namibia,P3,39,namibia drone rules,Namibia Drone Rules: A Practical Guide for Travellers,Safari Planning Tips,Planning,practical,,https://divulgeadventures.com/destinations/namibia-safari/,todo,
NA-224,Namibia,P3,39,namibia health tips,Namibia Health Tips: A Practical Guide for Travellers,Safari Planning Tips,Planning,practical,,https://divulgeadventures.com/destinations/namibia-safari/,todo,
NA-225,Namibia,P3,39,namibia safari checklist,Namibia Safari Checklist: A Practical Guide for Travellers,Safari Planning Tips,Planning,practical,,https://divulgeadventures.com/destinations/namibia-safari/,todo,
NA-226,Namibia,P3,39,namibia safari packing list,Namibia Safari Packing List: A Practical Guide for Travellers,Safari Planning Tips,Planning,practical,,https://divulgeadventures.com/destinations/namibia-safari/,todo,
NA-227,Namibia,P3,39,namibia wildlife resorts booking,Namibia Wildlife Resorts Booking: A Practical Guide for Travellers,Safari Planning Tips,Planning,practical,,https://divulgeadventures.com/destinations/namibia-safari/,todo,
NA-228,Namibia,P3,39,namibia winter temperatures,Namibia Winter Temperatures: A Practical Guide for Travellers,Safari Planning Tips,Planning,practical,,https://divulgeadventures.com/destinations/namibia-safari/,todo,
NA-229,Namibia,P3,39,namibia with kids,Namibia with Kids: A Practical Guide for Travellers,Safari Planning Tips,Planning,practical,,https://divulgeadventures.com/destinations/namibia-safari/,todo,
NA-230,Namibia,P3,39,sossusvlei gate times sunrise,Sossusvlei Gate Times Sunrise: A Practical Guide for Travellers,Safari Planning Tips,Planning,practical,,https://divulgeadventures.com/destinations/namibia-safari/,todo,
NA-231,Namibia,P3,38,best time to visit brandberg mountain,Best Time to Visit Brandberg Mountain: Month-by-Month Guide,Destination Tips,Planning,best-time,,https://divulgeadventures.com/destinations/namibia-safari/,todo,
NA-232,Namibia,P3,38,best time to visit bwabwata,Best Time to Visit Bwabwata: Month-by-Month Guide,Destination Tips,Planning,best-time,,https://divulgeadventures.com/destinations/namibia-safari/,todo,
NA-233,Namibia,P3,38,best time to visit damaraland,Best Time to Visit Damaraland: Month-by-Month Guide,Destination Tips,Planning,best-time,,https://divulgeadventures.com/destinations/namibia-safari/,todo,
NA-234,Namibia,P3,38,best time to visit epupa falls,Best Time to Visit Epupa Falls: Month-by-Month Guide,Destination Tips,Planning,best-time,,https://divulgeadventures.com/destinations/namibia-safari/,todo,
NA-235,Namibia,P3,38,best time to visit fish river canyon,Best Time to Visit Fish River Canyon: Month-by-Month Guide,Destination Tips,Planning,best-time,,https://divulgeadventures.com/destinations/namibia-safari/,todo,
NA-236,Namibia,P3,38,best time to visit kaokoland,Best Time to Visit Kaokoland: Month-by-Month Guide,Destination Tips,Planning,best-time,,https://divulgeadventures.com/destinations/namibia-safari/,todo,
NA-237,Namibia,P3,38,best time to visit kolmanskop,Best Time to Visit Kolmanskop: Month-by-Month Guide,Destination Tips,Planning,best-time,,https://divulgeadventures.com/destinations/namibia-safari/,todo,
NA-238,Namibia,P3,38,best time to visit luderitz,Best Time to Visit Luderitz: Month-by-Month Guide,Destination Tips,Planning,best-time,,https://divulgeadventures.com/destinations/namibia-safari/,todo,
NA-239,Namibia,P3,38,best time to visit okonjima,Best Time to Visit Okonjima: Month-by-Month Guide,Destination Tips,Planning,best-time,,https://divulgeadventures.com/destinations/namibia-safari/,todo,
NA-240,Namibia,P3,38,best time to visit quiver tree forest,Best Time to Visit Quiver Tree Forest: Month-by-Month Guide,Destination Tips,Planning,best-time,,https://divulgeadventures.com/destinations/namibia-safari/,todo,
NA-241,Namibia,P3,38,best time to visit spitzkoppe,Best Time to Visit Spitzkoppe: Month-by-Month Guide,Destination Tips,Planning,best-time,,https://divulgeadventures.com/destinations/namibia-safari/,todo,
NA-242,Namibia,P3,38,best time to visit twyfelfontein,Best Time to Visit Twyfelfontein: Month-by-Month Guide,Destination Tips,Planning,best-time,,https://divulgeadventures.com/destinations/namibia-safari/,todo,
NA-243,Namibia,P3,38,best time to visit waterberg plateau,Best Time to Visit Waterberg Plateau: Month-by-Month Guide,Destination Tips,Planning,best-time,,https://divulgeadventures.com/destinations/namibia-safari/,todo,
NA-244,Namibia,P3,38,best time to visit zambezi region caprivi,Best Time to Visit Zambezi Region Caprivi: Month-by-Month Guide,Destination Tips,Planning,best-time,,https://divulgeadventures.com/destinations/namibia-safari/,todo,
NA-245,Namibia,P3,37,damaraland 3 day itinerary,Damaraland 3-Day Itinerary: How to Spend Three Days,Safari Planning Tips,Booking,itinerary,,https://divulgeadventures.com/destinations/namibia-safari/,todo,
NA-246,Namibia,P3,36,where to stay in damaraland,Where to Stay in Damaraland: Best Lodges and Camps by Budget,Accommodation Guide,Booking,where-to-stay,,https://divulgeadventures.com/destinations/namibia-safari/,todo,
NA-247,Namibia,P3,36,where to stay in epupa falls,Where to Stay in Epupa Falls: Best Lodges and Camps by Budget,Accommodation Guide,Booking,where-to-stay,,https://divulgeadventures.com/destinations/namibia-safari/,todo,
NA-248,Namibia,P3,36,where to stay in fish river canyon,Where to Stay in Fish River Canyon: Best Lodges and Camps by Budget,Accommodation Guide,Booking,where-to-stay,,https://divulgeadventures.com/destinations/namibia-safari/,todo,
NA-249,Namibia,P3,36,where to stay in kaokoland,Where to Stay in Kaokoland: Best Lodges and Camps by Budget,Accommodation Guide,Booking,where-to-stay,,https://divulgeadventures.com/destinations/namibia-safari/,todo,
NA-250,Namibia,P3,36,where to stay in kolmanskop,Where to Stay in Kolmanskop: Best Lodges and Camps by Budget,Accommodation Guide,Booking,where-to-stay,,https://divulgeadventures.com/destinations/namibia-safari/,todo,
NA-251,Namibia,P3,36,where to stay in luderitz,Where to Stay in Luderitz: Best Lodges and Camps by Budget,Accommodation Guide,Booking,where-to-stay,,https://divulgeadventures.com/destinations/namibia-safari/,todo,
NA-252,Namibia,P3,36,where to stay in spitzkoppe,Where to Stay in Spitzkoppe: Best Lodges and Camps by Budget,Accommodation Guide,Booking,where-to-stay,,https://divulgeadventures.com/destinations/namibia-safari/,todo,
NA-253,Namibia,P3,36,where to stay in twyfelfontein,Where to Stay in Twyfelfontein: Best Lodges and Camps by Budget,Accommodation Guide,Booking,where-to-stay,,https://divulgeadventures.com/destinations/namibia-safari/,todo,
NA-254,Namibia,P3,36,where to stay in zambezi region caprivi,Where to Stay in Zambezi Region Caprivi: Best Lodges and Camps by Budget,Accommodation Guide,Booking,where-to-stay,,https://divulgeadventures.com/destinations/namibia-safari/,todo,
NA-255,Namibia,P3,34,kolmanskop day trip from luderitz,"Kolmanskop Day Trip from Luderitz: Timings, Costs and Tips",Safari Themes,Booking,day-trip,,https://divulgeadventures.com/destinations/namibia-safari/,todo,
NA-256,Namibia,P3,33,brandberg mountain,Brandberg Mountain: The Complete Visitor Guide,Destination Tips,Research,guide,,https://divulgeadventures.com/destinations/namibia-safari/,todo,
NA-257,Namibia,P3,33,bwabwata national park,"Bwabwata National Park Guide: Wildlife, Best Time, Fees and Where to Stay",Destination Tips,Research,guide,,https://divulgeadventures.com/destinations/namibia-safari/,todo,
NA-258,Namibia,P3,33,damaraland,Damaraland: The Complete Visitor Guide,Destination Tips,Research,guide,,https://divulgeadventures.com/destinations/namibia-safari/,todo,
NA-259,Namibia,P3,33,epupa falls,Epupa Falls: The Complete Visitor Guide,Destination Tips,Research,guide,,https://divulgeadventures.com/destinations/namibia-safari/,todo,
NA-260,Namibia,P3,33,fish river canyon,"Fish River Canyon Guide: Wildlife, Best Time, Fees and Where to Stay",Destination Tips,Research,guide,,https://divulgeadventures.com/destinations/namibia-safari/,todo,
NA-261,Namibia,P3,33,kaokoland,Kaokoland: The Complete Visitor Guide,Destination Tips,Research,guide,,https://divulgeadventures.com/destinations/namibia-safari/,todo,
NA-262,Namibia,P3,33,kolmanskop,Kolmanskop: The Complete Visitor Guide,Destination Tips,Research,guide,,https://divulgeadventures.com/destinations/namibia-safari/,todo,
NA-263,Namibia,P3,33,kolmanskop photography permit,Kolmanskop Photography Permit: Prices and What's Included,Safari Planning Tips,Research,experience,,https://divulgeadventures.com/destinations/namibia-safari/,todo,
NA-264,Namibia,P3,33,luderitz travel guide,"Luderitz Travel Guide: Where to Stay, What to Do",Destination Tips,Research,guide,,https://divulgeadventures.com/destinations/namibia-safari/,todo,
NA-265,Namibia,P3,33,okonjima nature reserve,"Okonjima Nature Reserve Guide: Wildlife, Best Time, Fees and Where to Stay",Destination Tips,Research,guide,,https://divulgeadventures.com/destinations/namibia-safari/,todo,
NA-266,Namibia,P3,33,quiver tree forest,Quiver Tree Forest: The Complete Visitor Guide,Destination Tips,Research,guide,,https://divulgeadventures.com/destinations/namibia-safari/,todo,
NA-267,Namibia,P3,33,spitzkoppe,Spitzkoppe: The Complete Visitor Guide,Destination Tips,Research,guide,,https://divulgeadventures.com/destinations/namibia-safari/,todo,
NA-268,Namibia,P3,33,twyfelfontein,Twyfelfontein: The Complete Visitor Guide,Destination Tips,Research,guide,,https://divulgeadventures.com/destinations/namibia-safari/,todo,
NA-269,Namibia,P3,33,waterberg plateau,"Waterberg Plateau Guide: Wildlife, Best Time, Fees and Where to Stay",Destination Tips,Research,guide,,https://divulgeadventures.com/destinations/namibia-safari/,todo,
NA-270,Namibia,P3,33,zambezi region caprivi,Zambezi Region Caprivi: The Complete Visitor Guide,Destination Tips,Research,guide,,https://divulgeadventures.com/destinations/namibia-safari/,todo,
NA-271,Namibia,P3,32,things to do in damaraland,Things to Do in Damaraland: Top Experiences,Destination Tips,Research,things-to-do,,https://divulgeadventures.com/destinations/namibia-safari/,todo,
NA-272,Namibia,P3,32,things to do in epupa falls,Things to Do in Epupa Falls: Top Experiences,Destination Tips,Research,things-to-do,,https://divulgeadventures.com/destinations/namibia-safari/,todo,
NA-273,Namibia,P3,32,things to do in fish river canyon,Things to Do in Fish River Canyon: Top Experiences,Destination Tips,Research,things-to-do,,https://divulgeadventures.com/destinations/namibia-safari/,todo,
NA-274,Namibia,P3,32,things to do in kaokoland,Things to Do in Kaokoland: Top Experiences,Destination Tips,Research,things-to-do,,https://divulgeadventures.com/destinations/namibia-safari/,todo,
NA-275,Namibia,P3,32,things to do in kolmanskop,Things to Do in Kolmanskop: Top Experiences,Destination Tips,Research,things-to-do,,https://divulgeadventures.com/destinations/namibia-safari/,todo,
NA-276,Namibia,P3,32,things to do in luderitz,Things to Do in Luderitz: Top Experiences,Destination Tips,Research,things-to-do,,https://divulgeadventures.com/destinations/namibia-safari/,todo,
NA-277,Namibia,P3,32,things to do in spitzkoppe,Things to Do in Spitzkoppe: Top Experiences,Destination Tips,Research,things-to-do,,https://divulgeadventures.com/destinations/namibia-safari/,todo,
NA-278,Namibia,P3,32,things to do in twyfelfontein,Things to Do in Twyfelfontein: Top Experiences,Destination Tips,Research,things-to-do,,https://divulgeadventures.com/destinations/namibia-safari/,todo,
NA-279,Namibia,P3,32,things to do in zambezi region caprivi,Things to Do in Zambezi Region Caprivi: Top Experiences,Destination Tips,Research,things-to-do,,https://divulgeadventures.com/destinations/namibia-safari/,todo,
NA-280,Namibia,P3,30,organ pipes and burnt mountain,Organ Pipes and Burnt Mountain: What to Know Before You Go,Destination Tips,Research,experience,,https://divulgeadventures.com/destinations/namibia-safari/,todo,
NA-281,Namibia,P3,29,andersson's at ongava,"Andersson's at Ongava: Rooms, Location and What to Expect",Accommodation Guide,Booking,lodge,,https://divulgeadventures.com/destinations/namibia-safari/,todo,"Describe from the property's official website only. If it cannot be verified as currently operating, mark this row skip."
NA-282,Namibia,P3,29,canyon roadhouse,"Canyon Roadhouse: Rooms, Location and What to Expect",Accommodation Guide,Booking,lodge,,https://divulgeadventures.com/destinations/namibia-safari/,todo,"Describe from the property's official website only. If it cannot be verified as currently operating, mark this row skip."
NA-283,Namibia,P3,29,damaraland camp,"Damaraland Camp: Rooms, Location and What to Expect",Accommodation Guide,Booking,lodge,,https://divulgeadventures.com/destinations/namibia-safari/,todo,"Describe from the property's official website only. If it cannot be verified as currently operating, mark this row skip."
NA-284,Namibia,P3,29,desert breeze lodge,"Desert Breeze Lodge: Rooms, Location and What to Expect",Accommodation Guide,Booking,lodge,,https://divulgeadventures.com/destinations/namibia-safari/,todo,"Describe from the property's official website only. If it cannot be verified as currently operating, mark this row skip."
NA-285,Namibia,P3,29,desert homestead lodge,"Desert Homestead Lodge: Rooms, Location and What to Expect",Accommodation Guide,Booking,lodge,,https://divulgeadventures.com/destinations/namibia-safari/,todo,"Describe from the property's official website only. If it cannot be verified as currently operating, mark this row skip."
NA-286,Namibia,P3,29,doro nawas camp,"Doro Nawas Camp: Rooms, Location and What to Expect",Accommodation Guide,Booking,lodge,,https://divulgeadventures.com/destinations/namibia-safari/,todo,"Describe from the property's official website only. If it cannot be verified as currently operating, mark this row skip."
NA-287,Namibia,P3,29,halali resort,"Halali Resort: Rooms, Location and What to Expect",Accommodation Guide,Booking,lodge,,https://divulgeadventures.com/destinations/namibia-safari/,todo,"Describe from the property's official website only. If it cannot be verified as currently operating, mark this row skip."
NA-288,Namibia,P3,29,hotel heinitzburg,"Hotel Heinitzburg: Rooms, Location and What to Expect",Accommodation Guide,Booking,lodge,,https://divulgeadventures.com/destinations/namibia-safari/,todo,"Describe from the property's official website only. If it cannot be verified as currently operating, mark this row skip."
NA-289,Namibia,P3,29,kulala desert lodge,"Kulala Desert Lodge: Rooms, Location and What to Expect",Accommodation Guide,Booking,lodge,,https://divulgeadventures.com/destinations/namibia-safari/,todo,"Describe from the property's official website only. If it cannot be verified as currently operating, mark this row skip."
NA-290,Namibia,P3,29,little kulala,"Little Kulala: Rooms, Location and What to Expect",Accommodation Guide,Booking,lodge,,https://divulgeadventures.com/destinations/namibia-safari/,todo,"Describe from the property's official website only. If it cannot be verified as currently operating, mark this row skip."
NA-291,Namibia,P3,29,mowani mountain camp,"Mowani Mountain Camp: Rooms, Location and What to Expect",Accommodation Guide,Booking,lodge,,https://divulgeadventures.com/destinations/namibia-safari/,todo,"Describe from the property's official website only. If it cannot be verified as currently operating, mark this row skip."
NA-292,Namibia,P3,29,mushara lodge,"Mushara Lodge: Rooms, Location and What to Expect",Accommodation Guide,Booking,lodge,,https://divulgeadventures.com/destinations/namibia-safari/,todo,"Describe from the property's official website only. If it cannot be verified as currently operating, mark this row skip."
NA-293,Namibia,P3,29,namutoni resort,"Namutoni Resort: Rooms, Location and What to Expect",Accommodation Guide,Booking,lodge,,https://divulgeadventures.com/destinations/namibia-safari/,todo,"Describe from the property's official website only. If it cannot be verified as currently operating, mark this row skip."
NA-294,Namibia,P3,29,okaukuejo resort,"Okaukuejo Resort: Rooms, Location and What to Expect",Accommodation Guide,Booking,lodge,,https://divulgeadventures.com/destinations/namibia-safari/,todo,"Describe from the property's official website only. If it cannot be verified as currently operating, mark this row skip."
NA-295,Namibia,P3,29,okonjima plains camp,"Okonjima Plains Camp: Rooms, Location and What to Expect",Accommodation Guide,Booking,lodge,,https://divulgeadventures.com/destinations/namibia-safari/,todo,"Describe from the property's official website only. If it cannot be verified as currently operating, mark this row skip."
NA-296,Namibia,P3,29,omandumba guest farm,"Omandumba Guest Farm: Rooms, Location and What to Expect",Accommodation Guide,Booking,lodge,,https://divulgeadventures.com/destinations/namibia-safari/,todo,"Describe from the property's official website only. If it cannot be verified as currently operating, mark this row skip."
NA-297,Namibia,P3,29,ongava lodge,"Ongava Lodge: Rooms, Location and What to Expect",Accommodation Guide,Booking,lodge,,https://divulgeadventures.com/destinations/namibia-safari/,todo,"Describe from the property's official website only. If it cannot be verified as currently operating, mark this row skip."
NA-298,Namibia,P3,29,onguma the fort,"Onguma the Fort: Rooms, Location and What to Expect",Accommodation Guide,Booking,lodge,,https://divulgeadventures.com/destinations/namibia-safari/,todo,"Describe from the property's official website only. If it cannot be verified as currently operating, mark this row skip."
NA-299,Namibia,P3,29,serra cafema camp,"Serra Cafema Camp: Rooms, Location and What to Expect",Accommodation Guide,Booking,lodge,,https://divulgeadventures.com/destinations/namibia-safari/,todo,"Describe from the property's official website only. If it cannot be verified as currently operating, mark this row skip."
NA-300,Namibia,P3,29,twyfelfontein country lodge,"Twyfelfontein Country Lodge: Rooms, Location and What to Expect",Accommodation Guide,Booking,lodge,,https://divulgeadventures.com/destinations/namibia-safari/,todo,"Describe from the property's official website only. If it cannot be verified as currently operating, mark this row skip."
NA-301,Namibia,P3,29,zannier sonop,"Zannier Sonop: Rooms, Location and What to Expect",Accommodation Guide,Booking,lodge,,https://divulgeadventures.com/destinations/namibia-safari/,todo,"Describe from the property's official website only. If it cannot be verified as currently operating, mark this row skip."
NA-302,Namibia,P3,27,africat foundation okonjima,Africat Foundation Okonjima: What to Know Before You Go,Safari Themes,Research,experience,,https://divulgeadventures.com/destinations/namibia-safari/,todo,
NA-303,Namibia,P3,27,big daddy dune,Big Daddy Dune: What to Know Before You Go,Destination Tips,Research,experience,,https://divulgeadventures.com/destinations/namibia-safari/,todo,
NA-304,Namibia,P3,27,cheetah conservation fund visit,Cheetah Conservation Fund Visit: What to Know Before You Go,Safari Themes,Research,experience,,https://divulgeadventures.com/destinations/namibia-safari/,todo,
NA-305,Namibia,P3,27,desert elephant tracking,Desert Elephant Tracking: What to Know Before You Go,Safari Themes,Research,experience,,https://divulgeadventures.com/destinations/namibia-safari/,todo,
NA-306,Namibia,P3,27,dune 45 climb,Dune 45 Climb: What to Know Before You Go,Destination Tips,Research,experience,,https://divulgeadventures.com/destinations/namibia-safari/,todo,
NA-307,Namibia,P3,27,fish river canyon hike,Fish River Canyon Hike: What to Know Before You Go,Destination Tips,Research,experience,,https://divulgeadventures.com/destinations/namibia-safari/,todo,
NA-308,Namibia,P3,27,hidden vlei hike,Hidden Vlei Hike: What to Know Before You Go,Destination Tips,Research,experience,,https://divulgeadventures.com/destinations/namibia-safari/,todo,
NA-309,Namibia,P3,27,himba village visit,Himba Village Visit: What to Know Before You Go,Safari Themes,Research,experience,,https://divulgeadventures.com/destinations/namibia-safari/,todo,
NA-310,Namibia,P3,27,katutura township tour,Katutura Township Tour: What to Know Before You Go,Safari Themes,Research,experience,,https://divulgeadventures.com/destinations/namibia-safari/,todo,
NA-311,Namibia,P3,27,luderitz penguin cruise,Luderitz Penguin Cruise: What to Know Before You Go,Safari Themes,Research,experience,,https://divulgeadventures.com/destinations/namibia-safari/,todo,
NA-312,Namibia,P3,27,rhino tracking damaraland,Rhino Tracking Damaraland: What to Know Before You Go,Safari Themes,Research,experience,,https://divulgeadventures.com/destinations/namibia-safari/,todo,
NA-313,Namibia,P1,95,namibia hiking safari,Namibia Hiking Safari: Best Guided Hikes and Walking Trails,Safari Themes,Booking,core,,https://divulgeadventures.com/destinations/namibia-safari/,todo,"Core topic from the original plan: Search Console shows 92 impressions for this search (position 82, no matching post). Cover guided hikes and walking safaris in Namibia (Fish River Canyon, Naukluft, Sossusvlei dunes, Damaraland, Waterberg), seasons and safety; link the hiking & safari combo trip type page https://divulgeadventures.com/trip-types/hiking-and-safari-combo/."
